run_id,scenario_id,domain,difficulty,num_tools,disfluency,passed,failure_reason,expected_tools,actual_tools,missing,unexpected,eot_to_first_call_s,eot_to_first_speech_s,eot_to_final_s,errors
text_fdb_v3_text_replay,ecommerce_01,ecommerce_support,easy,1,,0,Missing tools: ['track_order'],track_order,,track_order,,,,,timeout waiting for FINAL
text_fdb_v3_text_replay,ecommerce_01,ecommerce_support,easy,1,,0,Missing tools: ['track_order'],track_order,,track_order,,,,,timeout waiting for FINAL
text_fdb_v3_text_replay,ecommerce_02,ecommerce_support,easy,1,,0,Missing tools: ['search_products'],search_products,,search_products,,,,,timeout waiting for FINAL
text_fdb_v3_text_replay,ecommerce_04,ecommerce_support,easy,1,PAUSE,0,Missing tools: ['track_order'],track_order,,track_order,,,,,timeout waiting for FINAL
text_fdb_v3_text_replay,ecommerce_05,ecommerce_support,easy,1,FILLER|HESITATION,0,Missing tools: ['search_products'],search_products,,search_products,,,,,timeout waiting for FINAL
text_fdb_v3_text_replay,ecommerce_06,ecommerce_support,easy,1,,0,Wrong arguments for: ['add_to_cart'],add_to_cart,add_to_cart,,,,,,
text_fdb_v3_text_replay,ecommerce_07,ecommerce_support,easy,1,FALSE_START,0,Missing tools: ['track_order'],track_order,,track_order,,,,,timeout waiting for FINAL
text_fdb_v3_text_replay,ecommerce_08,ecommerce_support,easy,1,PAUSE,0,Missing tools: ['search_products'],search_products,,search_products,,,,,timeout waiting for FINAL
text_fdb_v3_text_replay,ecommerce_08,ecommerce_support,easy,1,PAUSE,0,Missing tools: ['search_products'],search_products,,search_products,,,,,timeout waiting for FINAL
text_fdb_v3_text_replay,ecommerce_09,ecommerce_support,medium,1,SELF_CORRECTION,0,Missing tools: ['search_products'],search_products,,search_products,,,,,timeout waiting for FINAL
text_fdb_v3_text_replay,ecommerce_10,ecommerce_support,medium,2,,0,"Missing tools: ['track_order', 'search_products']",track_order|search_products,,track_order|search_products,,,,,timeout waiting for FINAL
text_fdb_v3_text_replay,ecommerce_11,ecommerce_support,medium,1,SELF_CORRECTION,0,Wrong arguments for: ['add_to_cart'],add_to_cart,add_to_cart,,,,,,
text_fdb_v3_text_replay,ecommerce_12,ecommerce_support,medium,1,HESITATION|PAUSE,0,Missing tools: ['search_products'],search_products,,search_products,,,,,timeout waiting for FINAL
text_fdb_v3_text_replay,ecommerce_13,ecommerce_support,medium,2,,0,"Missing tools: ['add_to_cart', 'track_order']",add_to_cart|track_order,,add_to_cart|track_order,,,,,timeout waiting for FINAL
text_fdb_v3_text_replay,ecommerce_13,ecommerce_support,medium,2,,0,"Missing tools: ['add_to_cart', 'track_order']",add_to_cart|track_order,,add_to_cart|track_order,,,,,timeout waiting for FINAL
text_fdb_v3_text_replay,ecommerce_14,ecommerce_support,medium,1,FILLER,0,Wrong arguments for: ['add_to_cart'],add_to_cart,add_to_cart,,,,,,
text_fdb_v3_text_replay,ecommerce_14,ecommerce_support,medium,1,FILLER,0,Wrong arguments for: ['add_to_cart'],add_to_cart,add_to_cart,,,,,,
text_fdb_v3_text_replay,ecommerce_15,ecommerce_support,medium,1,FILLER|PAUSE,0,Missing tools: ['track_order'],track_order,,track_order,,,,,timeout waiting for FINAL
text_fdb_v3_text_replay,ecommerce_15,ecommerce_support,medium,1,FILLER|PAUSE,0,Missing tools: ['track_order'],track_order,,track_order,,,,,timeout waiting for FINAL
text_fdb_v3_text_replay,ecommerce_16,ecommerce_support,medium,1,HESITATION|PAUSE,0,Missing tools: ['search_products'],search_products,,search_products,,,,,timeout waiting for FINAL
text_fdb_v3_text_replay_full100,ecommerce_01,ecommerce_support,easy,1,,1,,track_order,track_order,,,,,,
text_fdb_v3_text_replay_full100,ecommerce_01,ecommerce_support,easy,1,,0,Wrong arguments for: ['track_order'],track_order,track_order,,,,,,
text_fdb_v3_text_replay_full100,ecommerce_02,ecommerce_support,easy,1,,1,,search_products,search_products,,,,,,
text_fdb_v3_text_replay_full100,ecommerce_04,ecommerce_support,easy,1,PAUSE,0,Wrong arguments for: ['track_order'],track_order,track_order,,,,,,
text_fdb_v3_text_replay_full100,ecommerce_05,ecommerce_support,easy,1,FILLER|HESITATION,1,,search_products,search_products,,,,,,
text_fdb_v3_text_replay_full100,ecommerce_06,ecommerce_support,easy,1,,0,Wrong arguments for: ['add_to_cart'],add_to_cart,add_to_cart,,,,,,
text_fdb_v3_text_replay_full100,ecommerce_07,ecommerce_support,easy,1,FALSE_START,1,,track_order,track_order,,,,,,
text_fdb_v3_text_replay_full100,ecommerce_08,ecommerce_support,easy,1,PAUSE,0,Wrong arguments for: ['search_products'],search_products,search_products,,,,,,
text_fdb_v3_text_replay_full100,ecommerce_08,ecommerce_support,easy,1,PAUSE,0,Wrong arguments for: ['search_products'],search_products,search_products,,,,,,
text_fdb_v3_text_replay_full100,ecommerce_09,ecommerce_support,medium,1,SELF_CORRECTION,1,,search_products,search_products,,,,,,
text_fdb_v3_text_replay_full100,ecommerce_10,ecommerce_support,medium,2,,0,Missing tools: ['search_products'],track_order|search_products,track_order,search_products,,,,,
text_fdb_v3_text_replay_full100,ecommerce_11,ecommerce_support,medium,1,SELF_CORRECTION,0,Wrong arguments for: ['add_to_cart'],add_to_cart,add_to_cart,,,,,,
text_fdb_v3_text_replay_full100,ecommerce_12,ecommerce_support,medium,1,HESITATION|PAUSE,0,Missing tools: ['search_products'],search_products,,search_products,,,,,timeout waiting for FINAL
text_fdb_v3_text_replay_full100,ecommerce_13,ecommerce_support,medium,2,,0,Missing tools: ['track_order'],add_to_cart|track_order,add_to_cart,track_order,,,,,
text_fdb_v3_text_replay_full100,ecommerce_13,ecommerce_support,medium,2,,0,"Missing tools: ['add_to_cart', 'track_order']",add_to_cart|track_order,,add_to_cart|track_order,,,,,
text_fdb_v3_text_replay_full100,ecommerce_14,ecommerce_support,medium,1,FILLER,0,Missing tools: ['add_to_cart'],add_to_cart,,add_to_cart,,,,,timeout waiting for FINAL
text_fdb_v3_text_replay_full100,ecommerce_14,ecommerce_support,medium,1,FILLER,0,Missing tools: ['add_to_cart'],add_to_cart,,add_to_cart,,,,,timeout waiting for FINAL
text_fdb_v3_text_replay_full100,ecommerce_15,ecommerce_support,medium,1,FILLER|PAUSE,1,,track_order,track_order,,,,,,
text_fdb_v3_text_replay_full100,ecommerce_15,ecommerce_support,medium,1,FILLER|PAUSE,1,,track_order,track_order,,,,,,
text_fdb_v3_text_replay_full100,ecommerce_16,ecommerce_support,medium,1,HESITATION|PAUSE,1,,search_products,search_products,,,,,,
text_fdb_v3_text_replay_full100,ecommerce_17,ecommerce_support,medium,1,FALSE_START,0,Wrong arguments for: ['track_order'],track_order,track_order,,,,,,
text_fdb_v3_text_replay_full100,ecommerce_18,ecommerce_support,hard,3,,0,"Missing tools: ['add_to_cart', 'track_order']",search_products|add_to_cart|track_order,search_products,add_to_cart|track_order,,,,,
text_fdb_v3_text_replay_full100,ecommerce_19,ecommerce_support,hard,2,SELF_CORRECTION,0,"Missing tools: ['search_products', 'add_to_cart']",search_products|add_to_cart,,search_products|add_to_cart,,,,,timeout waiting for FINAL
text_fdb_v3_text_replay_full100,ecommerce_20,ecommerce_support,hard,2,,0,Missing tools: ['add_to_cart'],search_products|add_to_cart,search_products,add_to_cart,,,,,
text_fdb_v3_text_replay_full100,ecommerce_21,ecommerce_support,hard,3,FILLER,0,"Missing tools: ['search_products', 'add_to_cart']",track_order|search_products|add_to_cart,track_order,search_products|add_to_cart,,,,,
text_fdb_v3_text_replay_full100,ecommerce_21,ecommerce_support,hard,3,FILLER,0,"Missing tools: ['search_products', 'add_to_cart']",track_order|search_products|add_to_cart,track_order,search_products|add_to_cart,,,,,
text_fdb_v3_text_replay_full100,ecommerce_23,ecommerce_support,hard,2,,0,Missing tools: ['add_to_cart'],track_order|add_to_cart,track_order,add_to_cart,,,,,
text_fdb_v3_text_replay_full100,ecommerce_25,ecommerce_support,hard,3,FALSE_START,0,"Missing tools: ['search_products', 'add_to_cart']",track_order|search_products|add_to_cart,track_order,search_products|add_to_cart,,,,,
text_fdb_v3_text_replay_full100,ecommerce_25,ecommerce_support,hard,3,FALSE_START,0,"Missing tools: ['search_products', 'add_to_cart']",track_order|search_products|add_to_cart,track_order,search_products|add_to_cart,,,,,
text_fdb_v3_text_replay_full100,finance_01,finance_billing,easy,1,,1,,get_exchange_rate,get_exchange_rate,,,,,,
text_fdb_v3_text_replay_full100,finance_01,finance_billing,easy,1,,1,,get_exchange_rate,get_exchange_rate,,,,,,
text_fdb_v3_text_replay_full100,finance_02,finance_billing,easy,1,,0,Missing tools: ['get_card_benefits'],get_card_benefits,,get_card_benefits,,,,,timeout waiting for FINAL
text_fdb_v3_text_replay_full100,finance_03,finance_billing,easy,1,FILLER,0,Missing tools: ['modify_autopay'],modify_autopay,,modify_autopay,,,,,timeout waiting for FINAL
text_fdb_v3_text_replay_full100,finance_03,finance_billing,easy,1,FILLER,0,Missing tools: ['modify_autopay'],modify_autopay,,modify_autopay,,,,,timeout waiting for FINAL
text_fdb_v3_text_replay_full100,finance_04,finance_billing,easy,1,PAUSE,1,,get_exchange_rate,get_exchange_rate,,,,,,
text_fdb_v3_text_replay_full100,finance_06,finance_billing,easy,1,FILLER|PAUSE,0,Missing tools: ['get_card_benefits'],get_card_benefits,,get_card_benefits,,,,,timeout waiting for FINAL
text_fdb_v3_text_replay_full100,finance_07,finance_billing,easy,1,FALSE_START,1,,modify_autopay,modify_autopay,,,,,,
text_fdb_v3_text_replay_full100,finance_07,finance_billing,easy,1,FALSE_START,1,,modify_autopay,modify_autopay,,,,,,
text_fdb_v3_text_replay_full100,finance_08,finance_billing,easy,1,HESITATION,1,,get_exchange_rate,get_exchange_rate,,,,,,
text_fdb_v3_text_replay_full100,finance_08,finance_billing,easy,1,HESITATION,1,,get_exchange_rate,get_exchange_rate,,,,,,
text_fdb_v3_text_replay_full100,finance_10,finance_billing,medium,2,,0,"Missing tools: ['get_card_benefits', 'get_exchange_rate']",get_card_benefits|get_exchange_rate,,get_card_benefits|get_exchange_rate,,,,,timeout waiting for FINAL
text_fdb_v3_text_replay_full100,finance_11,finance_billing,medium,1,FILLER,0,Missing tools: ['modify_autopay'],modify_autopay,,modify_autopay,,,,,timeout waiting for FINAL
text_fdb_v3_text_replay_full100,finance_12,finance_billing,medium,1,SELF_CORRECTION,0,Missing tools: ['get_exchange_rate'],get_exchange_rate,,get_exchange_rate,,,,,timeout waiting for FINAL
text_fdb_v3_text_replay_full100,finance_12,finance_billing,medium,1,SELF_CORRECTION,0,Missing tools: ['get_exchange_rate'],get_exchange_rate,,get_exchange_rate,,,,,timeout waiting for FINAL
text_fdb_v3_text_replay_full100,finance_14,finance_billing,medium,2,,0,Missing tools: ['get_exchange_rate'],get_exchange_rate|get_exchange_rate,get_exchange_rate,get_exchange_rate,,,,,
text_fdb_v3_text_replay_full100,finance_15,finance_billing,medium,1,SELF_CORRECTION,0,Missing tools: ['modify_autopay'],modify_autopay,,modify_autopay,,,,,timeout waiting for FINAL
text_fdb_v3_text_replay_full100,finance_16,finance_billing,medium,1,HESITATION|PAUSE,1,,get_exchange_rate,get_exchange_rate,,,,,,
text_fdb_v3_text_replay_full100,finance_17,finance_billing,medium,1,FALSE_START,1,,get_card_benefits,get_card_benefits,,,,,,
text_fdb_v3_text_replay_full100,finance_18,finance_billing,hard,3,,0,"Missing tools: ['modify_autopay', 'get_card_benefits']",get_exchange_rate|modify_autopay|get_card_benefits,get_exchange_rate,modify_autopay|get_card_benefits,,,,,
text_fdb_v3_text_replay_full100,finance_19,finance_billing,hard,1,SELF_CORRECTION,0,Missing tools: ['get_exchange_rate'],get_exchange_rate,,get_exchange_rate,,,,,timeout waiting for FINAL
text_fdb_v3_text_replay_full100,finance_20,finance_billing,hard,2,,0,Missing tools: ['modify_autopay'],get_exchange_rate|modify_autopay,get_exchange_rate,modify_autopay,,,,,
text_fdb_v3_text_replay_full100,finance_21,finance_billing,hard,2,FILLER,0,"Missing tools: ['get_card_benefits', 'get_exchange_rate']",get_card_benefits|get_exchange_rate,,get_card_benefits|get_exchange_rate,,,,,timeout waiting for FINAL
text_fdb_v3_text_replay_full100,finance_22,finance_billing,hard,2,FILLER,0,"Missing tools: ['modify_autopay', 'modify_autopay']",modify_autopay|modify_autopay,,modify_autopay|modify_autopay,,,,,timeout waiting for FINAL
text_fdb_v3_text_replay_full100,finance_23,finance_billing,hard,1,FALSE_START|SELF_CORRECTION,0,Missing tools: ['modify_autopay'],modify_autopay,,modify_autopay,,,,,timeout waiting for FINAL
text_fdb_v3_text_replay_full100,housing_01,housing_location,easy,1,,1,,search_apartments,search_apartments,,,,,,
text_fdb_v3_text_replay_full100,housing_02,housing_location,easy,1,,0,Wrong arguments for: ['calculate_commute'],calculate_commute,calculate_commute,,,,,,
text_fdb_v3_text_replay_full100,housing_03,housing_location,easy,1,FILLER,0,Missing tools: ['update_search_filter'],update_search_filter,,update_search_filter,,,,,timeout waiting for FINAL
text_fdb_v3_text_replay_full100,housing_04,housing_location,easy,1,PAUSE,0,Missing tools: ['search_apartments'],search_apartments,,search_apartments,,,,,timeout waiting for FINAL
text_fdb_v3_text_replay_full100,housing_05,housing_location,easy,1,HESITATION|PAUSE,0,Wrong arguments for: ['search_apartments'],search_apartments,search_apartments,,,,,,
text_fdb_v3_text_replay_full100,housing_05,housing_location,easy,1,HESITATION|PAUSE,0,Wrong arguments for: ['search_apartments'],search_apartments,search_apartments,,,,,,
text_fdb_v3_text_replay_full100,housing_06,housing_location,easy,1,,1,,calculate_commute,calculate_commute,,,,,,
text_fdb_v3_text_replay_full100,housing_08,housing_location,easy,1,FALSE_START,0,Missing tools: ['update_search_filter'],update_search_filter,,update_search_filter,,,,,timeout waiting for FINAL
text_fdb_v3_text_replay_full100,housing_09,housing_location,medium,1,SELF_CORRECTION,1,,search_apartments,search_apartments,,,,,,
text_fdb_v3_text_replay_full100,housing_10,housing_location,medium,2,,0,Missing tools: ['update_search_filter'],calculate_commute|update_search_filter,calculate_commute,update_search_filter,,,,,
text_fdb_v3_text_replay_full100,housing_11,housing_location,medium,1,SELF_CORRECTION,0,Missing tools: ['search_apartments'],search_apartments,,search_apartments,,,,,timeout waiting for FINAL
text_fdb_v3_text_replay_full100,housing_13,housing_location,medium,2,,0,"Missing tools: ['update_search_filter', 'update_search_filter']",update_search_filter|update_search_filter,,update_search_filter|update_search_filter,,,,,timeout waiting for FINAL
text_fdb_v3_text_replay_full100,housing_14,housing_location,medium,1,FILLER,0,Missing tools: ['search_apartments'],search_apartments,,search_apartments,,,,,timeout waiting for FINAL
text_fdb_v3_text_replay_full100,housing_14,housing_location,medium,1,FILLER,0,Missing tools: ['search_apartments'],search_apartments,,search_apartments,,,,,timeout waiting for FINAL
text_fdb_v3_text_replay_full100,housing_15,housing_location,medium,1,FALSE_START,0,Missing tools: ['search_apartments'],search_apartments,,search_apartments,,,,,timeout waiting for FINAL
text_fdb_v3_text_replay_full100,housing_15,housing_location,medium,1,FALSE_START,0,Missing tools: ['search_apartments'],search_apartments,,search_apartments,,,,,timeout waiting for FINAL
text_fdb_v3_text_replay_full100,housing_17,housing_location,medium,1,SELF_CORRECTION,0,Missing tools: ['calculate_commute'],calculate_commute,,calculate_commute,,,,,timeout waiting for FINAL
text_fdb_v3_text_replay_full100,housing_17,housing_location,medium,1,SELF_CORRECTION,0,Missing tools: ['calculate_commute'],calculate_commute,,calculate_commute,,,,,timeout waiting for FINAL
text_fdb_v3_text_replay_full100,housing_18,housing_location,hard,2,,0,"Missing tools: ['search_apartments', 'calculate_commute']",search_apartments|calculate_commute,,search_apartments|calculate_commute,,,,,timeout waiting for FINAL
text_fdb_v3_text_replay_full100,housing_19,housing_location,hard,1,SELF_CORRECTION,0,Missing tools: ['calculate_commute'],calculate_commute,,calculate_commute,,,,,timeout waiting for FINAL
text_fdb_v3_text_replay_full100,housing_20,housing_location,hard,3,,0,"Missing tools: ['calculate_commute', 'update_search_filter']",search_apartments|calculate_commute|update_search_filter,search_apartments,calculate_commute|update_search_filter,,,,,
text_fdb_v3_text_replay_full100,housing_21,housing_location,hard,2,SELF_CORRECTION,0,"Missing tools: ['search_apartments', 'calculate_commute']",search_apartments|calculate_commute,,search_apartments|calculate_commute,,,,,timeout waiting for FINAL
text_fdb_v3_text_replay_full100,housing_22,housing_location,hard,3,FILLER,0,"Missing tools: ['update_search_filter', 'search_apartments', 'calculate_commute']",update_search_filter|search_apartments|calculate_commute,,update_search_filter|search_apartments|calculate_commute,,,,,timeout waiting for FINAL
text_fdb_v3_text_replay_full100,housing_24,housing_location,hard,3,PAUSE|FILLER,0,"Missing tools: ['update_search_filter', 'search_apartments', 'calculate_commute']",update_search_filter|search_apartments|calculate_commute,,update_search_filter|search_apartments|calculate_commute,,,,,timeout waiting for FINAL
text_fdb_v3_text_replay_full100,housing_24,housing_location,hard,3,PAUSE|FILLER,0,"Missing tools: ['update_search_filter', 'search_apartments', 'calculate_commute']",update_search_filter|search_apartments|calculate_commute,,update_search_filter|search_apartments|calculate_commute,,,,,timeout waiting for FINAL
text_fdb_v3_text_replay_full100,housing_25,housing_location,hard,3,SELF_CORRECTION,0,"Missing tools: ['update_search_filter', 'update_search_filter', 'search_apartments']",update_search_filter|update_search_filter|search_apartments,,update_search_filter|update_search_filter|search_apartments,,,,,timeout waiting for FINAL
text_fdb_v3_text_replay_full100,travel_01,travel_identity,easy,1,,0,Wrong arguments for: ['search_flights'],search_flights,search_flights,,,,,,
text_fdb_v3_text_replay_full100,travel_02,travel_identity,easy,1,,0,Wrong arguments for: ['update_identity_doc'],update_identity_doc,update_identity_doc,,,,,,
text_fdb_v3_text_replay_full100,travel_03,travel_identity,easy,1,FILLER,0,Wrong arguments for: ['search_flights'],search_flights,search_flights,,,,,,
text_fdb_v3_text_replay_full100,travel_03,travel_identity,easy,1,FILLER,0,Missing tools: ['search_flights'],search_flights,,search_flights,,,,,
text_fdb_v3_text_replay_full100,travel_05,travel_identity,easy,1,FILLER|HESITATION,0,Wrong arguments for: ['search_flights'],search_flights,search_flights,,,,,,
text_fdb_v3_text_replay_full100,travel_07,travel_identity,easy,1,,1,,update_identity_doc,update_identity_doc,,,,,,
text_fdb_v3_text_replay_full100,travel_07,travel_identity,easy,1,,0,Missing tools: ['update_identity_doc'],update_identity_doc,,update_identity_doc,,,,,
text_fdb_v3_text_replay_full100,travel_08,travel_identity,easy,1,FALSE_START,0,Wrong arguments for: ['search_flights'],search_flights,search_flights,,,,,,
text_fdb_v3_text_replay_full100,travel_10,travel_identity,medium,1,FILLER|SELF_CORRECTION,0,Missing tools: ['search_flights'],search_flights,,search_flights,,,,,timeout waiting for FINAL
text_fdb_v3_text_replay_full100,travel_11,travel_identity,medium,2,,0,Missing tools: ['book_flight'],search_flights|book_flight,search_flights,book_flight,,,,,
text_fdb_v3_text_replay_full100,travel_14,travel_identity,medium,1,HESITATION|PAUSE,0,Wrong arguments for: ['search_flights'],search_flights,search_flights,,,,,,
text_fdb_v3_text_replay_full100,travel_16,travel_identity,medium,1,FILLER,0,Missing tools: ['search_flights'],search_flights,,search_flights,,,,,timeout waiting for FINAL
text_fdb_v3_text_replay_full100,travel_18,travel_identity,hard,3,FILLER,0,"Missing tools: ['search_flights', 'book_flight', 'update_identity_doc']",search_flights|book_flight|update_identity_doc,,search_flights|book_flight|update_identity_doc,,,,,timeout waiting for FINAL
text_fdb_v3_text_replay_full100,travel_19,travel_identity,hard,1,SELF_CORRECTION,0,Missing tools: ['search_flights'],search_flights,,search_flights,,,,,timeout waiting for FINAL
text_fdb_v3_text_replay_full100,travel_20,travel_identity,hard,3,,0,"Missing tools: ['search_flights', 'book_flight', 'update_identity_doc']",search_flights|book_flight|update_identity_doc,,search_flights|book_flight|update_identity_doc,,,,,timeout waiting for FINAL
text_fdb_v3_text_replay_full100,travel_21,travel_identity,hard,3,PAUSE|FILLER,0,"Missing tools: ['search_flights', 'book_flight', 'update_identity_doc']",search_flights|book_flight|update_identity_doc,,search_flights|book_flight|update_identity_doc,,,,,timeout waiting for FINAL
text_fdb_v3_text_replay_full100,travel_21,travel_identity,hard,3,PAUSE|FILLER,0,"Missing tools: ['search_flights', 'book_flight', 'update_identity_doc']",search_flights|book_flight|update_identity_doc,,search_flights|book_flight|update_identity_doc,,,,,timeout waiting for FINAL
text_fdb_v3_text_replay_full100,travel_23,travel_identity,hard,2,FILLER,0,"Missing tools: ['update_identity_doc', 'update_identity_doc']",update_identity_doc|update_identity_doc,,update_identity_doc|update_identity_doc,,,,,timeout waiting for FINAL
text_fdb_v3_text_replay_full100,travel_23,travel_identity,hard,2,FILLER,0,"Missing tools: ['update_identity_doc', 'update_identity_doc']",update_identity_doc|update_identity_doc,,update_identity_doc|update_identity_doc,,,,,timeout waiting for FINAL
text_fdb_v3_text_replay_full100,travel_24,travel_identity,hard,3,,0,"Missing tools: ['book_flight', 'update_identity_doc']",search_flights|book_flight|update_identity_doc,search_flights,book_flight|update_identity_doc,,,,,
text_fdb_v3_text_replay_full100_g4fix,ecommerce_01,ecommerce_support,easy,1,,0,Wrong arguments for: ['track_order'],track_order,track_order,,,,,,
text_fdb_v3_text_replay_full100_g4fix,ecommerce_01,ecommerce_support,easy,1,,0,Wrong arguments for: ['track_order'],track_order,track_order,,,,,,
text_fdb_v3_text_replay_full100_g4fix,ecommerce_02,ecommerce_support,easy,1,,1,,search_products,search_products,,,,,,
text_fdb_v3_text_replay_full100_g4fix,ecommerce_04,ecommerce_support,easy,1,PAUSE,0,Wrong arguments for: ['track_order'],track_order,track_order,,,,,,
text_fdb_v3_text_replay_full100_g4fix,ecommerce_05,ecommerce_support,easy,1,FILLER|HESITATION,1,,search_products,search_products,,,,,,
text_fdb_v3_text_replay_full100_g4fix,ecommerce_06,ecommerce_support,easy,1,,0,Wrong arguments for: ['add_to_cart'],add_to_cart,add_to_cart,,,,,,
text_fdb_v3_text_replay_full100_g4fix,ecommerce_07,ecommerce_support,easy,1,FALSE_START,1,,track_order,track_order,,,,,,
text_fdb_v3_text_replay_full100_g4fix,ecommerce_08,ecommerce_support,easy,1,PAUSE,0,Wrong arguments for: ['search_products'],search_products,search_products,,,,,,
text_fdb_v3_text_replay_full100_g4fix,ecommerce_08,ecommerce_support,easy,1,PAUSE,0,Wrong arguments for: ['search_products'],search_products,search_products,,,,,,
text_fdb_v3_text_replay_full100_g4fix,ecommerce_09,ecommerce_support,medium,1,SELF_CORRECTION,1,,search_products,search_products,,,,,,
text_fdb_v3_text_replay_full100_g4fix,ecommerce_10,ecommerce_support,medium,2,,0,Missing tools: ['search_products'],track_order|search_products,track_order,search_products,,,,,
text_fdb_v3_text_replay_full100_g4fix,ecommerce_11,ecommerce_support,medium,1,SELF_CORRECTION,0,Wrong arguments for: ['add_to_cart'],add_to_cart,add_to_cart,,,,,,
text_fdb_v3_text_replay_full100_g4fix,ecommerce_12,ecommerce_support,medium,1,HESITATION|PAUSE,0,Wrong arguments for: ['search_products'],search_products,search_products,,,,,,
text_fdb_v3_text_replay_full100_g4fix,ecommerce_13,ecommerce_support,medium,2,,0,Missing tools: ['track_order'],add_to_cart|track_order,add_to_cart,track_order,,,,,
text_fdb_v3_text_replay_full100_g4fix,ecommerce_13,ecommerce_support,medium,2,,0,Missing tools: ['track_order'],add_to_cart|track_order,add_to_cart,track_order,,,,,
text_fdb_v3_text_replay_full100_g4fix,ecommerce_14,ecommerce_support,medium,1,FILLER,0,Missing tools: ['add_to_cart'],add_to_cart,,add_to_cart,,,,,timeout waiting for FINAL
text_fdb_v3_text_replay_full100_g4fix,ecommerce_14,ecommerce_support,medium,1,FILLER,0,Missing tools: ['add_to_cart'],add_to_cart,,add_to_cart,,,,,timeout waiting for FINAL
text_fdb_v3_text_replay_full100_g4fix,ecommerce_15,ecommerce_support,medium,1,FILLER|PAUSE,1,,track_order,track_order,,,,,,
text_fdb_v3_text_replay_full100_g4fix,ecommerce_15,ecommerce_support,medium,1,FILLER|PAUSE,1,,track_order,track_order,,,,,,
text_fdb_v3_text_replay_full100_g4fix,ecommerce_16,ecommerce_support,medium,1,HESITATION|PAUSE,1,,search_products,search_products,,,,,,
text_fdb_v3_text_replay_full100_g4fix,ecommerce_17,ecommerce_support,medium,1,FALSE_START,0,Wrong arguments for: ['track_order'],track_order,track_order,,,,,,
text_fdb_v3_text_replay_full100_g4fix,ecommerce_18,ecommerce_support,hard,3,,0,"Missing tools: ['add_to_cart', 'track_order']",search_products|add_to_cart|track_order,search_products,add_to_cart|track_order,,,,,
text_fdb_v3_text_replay_full100_g4fix,ecommerce_19,ecommerce_support,hard,2,SELF_CORRECTION,0,Missing tools: ['add_to_cart'],search_products|add_to_cart,search_products,add_to_cart,,,,,
text_fdb_v3_text_replay_full100_g4fix,ecommerce_20,ecommerce_support,hard,2,,0,Missing tools: ['add_to_cart'],search_products|add_to_cart,search_products,add_to_cart,,,,,
text_fdb_v3_text_replay_full100_g4fix,ecommerce_21,ecommerce_support,hard,3,FILLER,0,"Missing tools: ['search_products', 'add_to_cart']",track_order|search_products|add_to_cart,track_order,search_products|add_to_cart,,,,,
text_fdb_v3_text_replay_full100_g4fix,ecommerce_21,ecommerce_support,hard,3,FILLER,0,"Missing tools: ['search_products', 'add_to_cart']",track_order|search_products|add_to_cart,track_order,search_products|add_to_cart,,,,,
text_fdb_v3_text_replay_full100_g4fix,ecommerce_23,ecommerce_support,hard,2,,0,Missing tools: ['add_to_cart'],track_order|add_to_cart,track_order,add_to_cart,,,,,
text_fdb_v3_text_replay_full100_g4fix,ecommerce_25,ecommerce_support,hard,3,FALSE_START,0,"Missing tools: ['search_products', 'add_to_cart']",track_order|search_products|add_to_cart,track_order,search_products|add_to_cart,,,,,
text_fdb_v3_text_replay_full100_g4fix,ecommerce_25,ecommerce_support,hard,3,FALSE_START,0,"Missing tools: ['search_products', 'add_to_cart']",track_order|search_products|add_to_cart,track_order,search_products|add_to_cart,,,,,
text_fdb_v3_text_replay_full100_g4fix,finance_01,finance_billing,easy,1,,1,,get_exchange_rate,get_exchange_rate,,,,,,
text_fdb_v3_text_replay_full100_g4fix,finance_01,finance_billing,easy,1,,1,,get_exchange_rate,get_exchange_rate,,,,,,
text_fdb_v3_text_replay_full100_g4fix,finance_02,finance_billing,easy,1,,1,,get_card_benefits,get_card_benefits,,,,,,
text_fdb_v3_text_replay_full100_g4fix,finance_03,finance_billing,easy,1,FILLER,1,,modify_autopay,modify_autopay,,,,,,
text_fdb_v3_text_replay_full100_g4fix,finance_03,finance_billing,easy,1,FILLER,1,,modify_autopay,modify_autopay,,,,,,
text_fdb_v3_text_replay_full100_g4fix,finance_04,finance_billing,easy,1,PAUSE,1,,get_exchange_rate,get_exchange_rate,,,,,,
text_fdb_v3_text_replay_full100_g4fix,finance_06,finance_billing,easy,1,FILLER|PAUSE,1,,get_card_benefits,get_card_benefits,,,,,,
text_fdb_v3_text_replay_full100_g4fix,finance_07,finance_billing,easy,1,FALSE_START,1,,modify_autopay,modify_autopay,,,,,,
text_fdb_v3_text_replay_full100_g4fix,finance_07,finance_billing,easy,1,FALSE_START,1,,modify_autopay,modify_autopay,,,,,,
text_fdb_v3_text_replay_full100_g4fix,finance_08,finance_billing,easy,1,HESITATION,0,Missing tools: ['get_exchange_rate'],get_exchange_rate,,get_exchange_rate,,,,,timeout waiting for FINAL
text_fdb_v3_text_replay_full100_g4fix,finance_08,finance_billing,easy,1,HESITATION,1,,get_exchange_rate,get_exchange_rate,,,,,,timeout waiting for FINAL
text_fdb_v3_text_replay_full100_g4fix,finance_10,finance_billing,medium,2,,0,"Missing tools: ['get_card_benefits', 'get_exchange_rate']",get_card_benefits|get_exchange_rate,,get_card_benefits|get_exchange_rate,,,,,timeout waiting for FINAL
text_fdb_v3_text_replay_full100_g4fix,finance_11,finance_billing,medium,1,FILLER,1,,modify_autopay,modify_autopay,,,,,,
text_fdb_v3_text_replay_full100_g4fix,finance_12,finance_billing,medium,1,SELF_CORRECTION,1,,get_exchange_rate,get_exchange_rate,,,,,,
text_fdb_v3_text_replay_full100_g4fix,finance_12,finance_billing,medium,1,SELF_CORRECTION,1,,get_exchange_rate,get_exchange_rate,,,,,,
text_fdb_v3_text_replay_full100_g4fix,finance_14,finance_billing,medium,2,,0,Missing tools: ['get_exchange_rate'],get_exchange_rate|get_exchange_rate,get_exchange_rate,get_exchange_rate,,,,,
text_fdb_v3_text_replay_full100_g4fix,finance_15,finance_billing,medium,1,SELF_CORRECTION,0,Wrong arguments for: ['modify_autopay'],modify_autopay,modify_autopay,,,,,,
text_fdb_v3_text_replay_full100_g4fix,finance_16,finance_billing,medium,1,HESITATION|PAUSE,1,,get_exchange_rate,get_exchange_rate,,,,,,
text_fdb_v3_text_replay_full100_g4fix,finance_17,finance_billing,medium,1,FALSE_START,1,,get_card_benefits,get_card_benefits,,,,,,
text_fdb_v3_text_replay_full100_g4fix,finance_18,finance_billing,hard,3,,0,"Missing tools: ['modify_autopay', 'get_card_benefits']",get_exchange_rate|modify_autopay|get_card_benefits,get_exchange_rate,modify_autopay|get_card_benefits,,,,,
text_fdb_v3_text_replay_full100_g4fix,finance_19,finance_billing,hard,1,SELF_CORRECTION,1,,get_exchange_rate,get_exchange_rate,,,,,,
text_fdb_v3_text_replay_full100_g4fix,finance_20,finance_billing,hard,2,,0,Missing tools: ['modify_autopay'],get_exchange_rate|modify_autopay,get_exchange_rate,modify_autopay,,,,,
text_fdb_v3_text_replay_full100_g4fix,finance_21,finance_billing,hard,2,FILLER,0,Missing tools: ['get_exchange_rate'],get_card_benefits|get_exchange_rate,get_card_benefits,get_exchange_rate,,,,,
text_fdb_v3_text_replay_full100_g4fix,finance_22,finance_billing,hard,2,FILLER,0,Missing tools: ['modify_autopay'],modify_autopay|modify_autopay,modify_autopay,modify_autopay,,,,,
text_fdb_v3_text_replay_full100_g4fix,finance_23,finance_billing,hard,1,FALSE_START|SELF_CORRECTION,1,,modify_autopay,modify_autopay,,,,,,
text_fdb_v3_text_replay_full100_g4fix,housing_01,housing_location,easy,1,,1,,search_apartments,search_apartments,,,,,,
text_fdb_v3_text_replay_full100_g4fix,housing_02,housing_location,easy,1,,0,Wrong arguments for: ['calculate_commute'],calculate_commute,calculate_commute,,,,,,
text_fdb_v3_text_replay_full100_g4fix,housing_03,housing_location,easy,1,FILLER,0,Missing tools: ['update_search_filter'],update_search_filter,,update_search_filter,,,,,timeout waiting for FINAL
text_fdb_v3_text_replay_full100_g4fix,housing_04,housing_location,easy,1,PAUSE,1,,search_apartments,search_apartments,,,,,,
text_fdb_v3_text_replay_full100_g4fix,housing_05,housing_location,easy,1,HESITATION|PAUSE,0,Wrong arguments for: ['search_apartments'],search_apartments,search_apartments,,,,,,
text_fdb_v3_text_replay_full100_g4fix,housing_05,housing_location,easy,1,HESITATION|PAUSE,0,Wrong arguments for: ['search_apartments'],search_apartments,search_apartments,,,,,,
text_fdb_v3_text_replay_full100_g4fix,housing_06,housing_location,easy,1,,1,,calculate_commute,calculate_commute,,,,,,
text_fdb_v3_text_replay_full100_g4fix,housing_08,housing_location,easy,1,FALSE_START,0,Wrong arguments for: ['update_search_filter'],update_search_filter,update_search_filter,,,,,,
text_fdb_v3_text_replay_full100_g4fix,housing_09,housing_location,medium,1,SELF_CORRECTION,1,,search_apartments,search_apartments,,,,,,
text_fdb_v3_text_replay_full100_g4fix,housing_10,housing_location,medium,2,,0,Missing tools: ['update_search_filter'],calculate_commute|update_search_filter,calculate_commute,update_search_filter,,,,,
text_fdb_v3_text_replay_full100_g4fix,housing_11,housing_location,medium,1,SELF_CORRECTION,0,Missing tools: ['search_apartments'],search_apartments,,search_apartments,,,,,timeout waiting for FINAL
text_fdb_v3_text_replay_full100_g4fix,housing_13,housing_location,medium,2,,0,"Missing tools: ['update_search_filter', 'update_search_filter']",update_search_filter|update_search_filter,,update_search_filter|update_search_filter,,,,,timeout waiting for FINAL
text_fdb_v3_text_replay_full100_g4fix,housing_14,housing_location,medium,1,FILLER,0,Wrong arguments for: ['search_apartments'],search_apartments,search_apartments,,,,,,
text_fdb_v3_text_replay_full100_g4fix,housing_14,housing_location,medium,1,FILLER,0,Wrong arguments for: ['search_apartments'],search_apartments,search_apartments,,,,,,
text_fdb_v3_text_replay_full100_g4fix,housing_15,housing_location,medium,1,FALSE_START,0,Wrong arguments for: ['search_apartments'],search_apartments,search_apartments,,,,,,
text_fdb_v3_text_replay_full100_g4fix,housing_15,housing_location,medium,1,FALSE_START,0,Wrong arguments for: ['search_apartments'],search_apartments,search_apartments,,,,,,
text_fdb_v3_text_replay_full100_g4fix,housing_17,housing_location,medium,1,SELF_CORRECTION,1,,calculate_commute,calculate_commute,,,,,,
text_fdb_v3_text_replay_full100_g4fix,housing_17,housing_location,medium,1,SELF_CORRECTION,1,,calculate_commute,calculate_commute,,,,,,
text_fdb_v3_text_replay_full100_g4fix,housing_18,housing_location,hard,2,,0,Missing tools: ['calculate_commute'],search_apartments|calculate_commute,search_apartments,calculate_commute,,,,,
text_fdb_v3_text_replay_full100_g4fix,housing_19,housing_location,hard,1,SELF_CORRECTION,1,,calculate_commute,calculate_commute,,,,,,
text_fdb_v3_text_replay_full100_g4fix,housing_20,housing_location,hard,3,,0,"Missing tools: ['calculate_commute', 'update_search_filter']",search_apartments|calculate_commute|update_search_filter,search_apartments,calculate_commute|update_search_filter,,,,,
text_fdb_v3_text_replay_full100_g4fix,housing_21,housing_location,hard,2,SELF_CORRECTION,0,"Missing tools: ['search_apartments', 'calculate_commute']",search_apartments|calculate_commute,,search_apartments|calculate_commute,,,,,timeout waiting for FINAL
text_fdb_v3_text_replay_full100_g4fix,housing_22,housing_location,hard,3,FILLER,0,"Missing tools: ['search_apartments', 'calculate_commute']",update_search_filter|search_apartments|calculate_commute,update_search_filter,search_apartments|calculate_commute,,,,,
text_fdb_v3_text_replay_full100_g4fix,housing_24,housing_location,hard,3,PAUSE|FILLER,0,"Missing tools: ['update_search_filter', 'calculate_commute']",update_search_filter|search_apartments|calculate_commute,search_apartments,update_search_filter|calculate_commute,,,,,
text_fdb_v3_text_replay_full100_g4fix,housing_24,housing_location,hard,3,PAUSE|FILLER,0,"Missing tools: ['update_search_filter', 'calculate_commute']",update_search_filter|search_apartments|calculate_commute,search_apartments,update_search_filter|calculate_commute,,,,,
text_fdb_v3_text_replay_full100_g4fix,housing_25,housing_location,hard,3,SELF_CORRECTION,0,"Missing tools: ['update_search_filter', 'update_search_filter']",update_search_filter|update_search_filter|search_apartments,search_apartments,update_search_filter|update_search_filter,,,,,
text_fdb_v3_text_replay_full100_g4fix,travel_01,travel_identity,easy,1,,0,Wrong arguments for: ['search_flights'],search_flights,search_flights,,,,,,
text_fdb_v3_text_replay_full100_g4fix,travel_02,travel_identity,easy,1,,0,Wrong arguments for: ['update_identity_doc'],update_identity_doc,update_identity_doc,,,,,,
text_fdb_v3_text_replay_full100_g4fix,travel_03,travel_identity,easy,1,FILLER,0,Wrong arguments for: ['search_flights'],search_flights,search_flights,,,,,,
text_fdb_v3_text_replay_full100_g4fix,travel_03,travel_identity,easy,1,FILLER,0,Wrong arguments for: ['search_flights'],search_flights,search_flights,,,,,,
text_fdb_v3_text_replay_full100_g4fix,travel_05,travel_identity,easy,1,FILLER|HESITATION,0,Wrong arguments for: ['search_flights'],search_flights,search_flights,,,,,,
text_fdb_v3_text_replay_full100_g4fix,travel_07,travel_identity,easy,1,,1,,update_identity_doc,update_identity_doc,,,,,,
text_fdb_v3_text_replay_full100_g4fix,travel_07,travel_identity,easy,1,,1,,update_identity_doc,update_identity_doc,,,,,,
text_fdb_v3_text_replay_full100_g4fix,travel_08,travel_identity,easy,1,FALSE_START,0,Wrong arguments for: ['search_flights'],search_flights,search_flights,,,,,,
text_fdb_v3_text_replay_full100_g4fix,travel_10,travel_identity,medium,1,FILLER|SELF_CORRECTION,0,Wrong arguments for: ['search_flights'],search_flights,search_flights,,,,,,
text_fdb_v3_text_replay_full100_g4fix,travel_11,travel_identity,medium,2,,0,Missing tools: ['book_flight'],search_flights|book_flight,search_flights,book_flight,,,,,
text_fdb_v3_text_replay_full100_g4fix,travel_14,travel_identity,medium,1,HESITATION|PAUSE,0,Wrong arguments for: ['search_flights'],search_flights,search_flights,,,,,,
text_fdb_v3_text_replay_full100_g4fix,travel_16,travel_identity,medium,1,FILLER,0,Wrong arguments for: ['search_flights'],search_flights,search_flights,,,,,,
text_fdb_v3_text_replay_full100_g4fix,travel_18,travel_identity,hard,3,FILLER,0,"Missing tools: ['book_flight', 'update_identity_doc']",search_flights|book_flight|update_identity_doc,search_flights,book_flight|update_identity_doc,,,,,
text_fdb_v3_text_replay_full100_g4fix,travel_19,travel_identity,hard,1,SELF_CORRECTION,0,Wrong arguments for: ['search_flights'],search_flights,search_flights,,,,,,
text_fdb_v3_text_replay_full100_g4fix,travel_20,travel_identity,hard,3,,0,"Missing tools: ['book_flight', 'update_identity_doc']",search_flights|book_flight|update_identity_doc,search_flights,book_flight|update_identity_doc,,,,,
text_fdb_v3_text_replay_full100_g4fix,travel_21,travel_identity,hard,3,PAUSE|FILLER,0,"Missing tools: ['book_flight', 'update_identity_doc']",search_flights|book_flight|update_identity_doc,search_flights,book_flight|update_identity_doc,,,,,
text_fdb_v3_text_replay_full100_g4fix,travel_21,travel_identity,hard,3,PAUSE|FILLER,0,"Missing tools: ['book_flight', 'update_identity_doc']",search_flights|book_flight|update_identity_doc,search_flights,book_flight|update_identity_doc,,,,,
text_fdb_v3_text_replay_full100_g4fix,travel_23,travel_identity,hard,2,FILLER,0,Missing tools: ['update_identity_doc'],update_identity_doc|update_identity_doc,update_identity_doc,update_identity_doc,,,,,
text_fdb_v3_text_replay_full100_g4fix,travel_23,travel_identity,hard,2,FILLER,0,Missing tools: ['update_identity_doc'],update_identity_doc|update_identity_doc,update_identity_doc,update_identity_doc,,,,,
text_fdb_v3_text_replay_full100_g4fix,travel_24,travel_identity,hard,3,,0,"Missing tools: ['book_flight', 'update_identity_doc']",search_flights|book_flight|update_identity_doc,search_flights,book_flight|update_identity_doc,,,,,
text_fdb_v3_text_replay_wp2,ecommerce_01,ecommerce_support,easy,1,,1,,track_order,track_order,,,,,,
text_fdb_v3_text_replay_wp2,ecommerce_01,ecommerce_support,easy,1,,1,,track_order,track_order,,,,,,
text_fdb_v3_text_replay_wp2,ecommerce_02,ecommerce_support,easy,1,,1,,search_products,search_products,,,,,,
text_fdb_v3_text_replay_wp2,ecommerce_04,ecommerce_support,easy,1,PAUSE,0,Wrong arguments for: ['track_order'],track_order,track_order,,,,,,
text_fdb_v3_text_replay_wp2,ecommerce_05,ecommerce_support,easy,1,FILLER|HESITATION,1,,search_products,search_products,,,,,,
text_fdb_v3_text_replay_wp2,ecommerce_06,ecommerce_support,easy,1,,0,Wrong arguments for: ['add_to_cart'],add_to_cart,add_to_cart,,,,,,
text_fdb_v3_text_replay_wp2,ecommerce_07,ecommerce_support,easy,1,FALSE_START,1,,track_order,track_order,,,,,,
text_fdb_v3_text_replay_wp2,ecommerce_08,ecommerce_support,easy,1,PAUSE,0,Wrong arguments for: ['search_products'],search_products,search_products,,,,,,
text_fdb_v3_text_replay_wp2,ecommerce_08,ecommerce_support,easy,1,PAUSE,0,Wrong arguments for: ['search_products'],search_products,search_products,,,,,,
text_fdb_v3_text_replay_wp2,ecommerce_09,ecommerce_support,medium,1,SELF_CORRECTION,1,,search_products,search_products,,,,,,
text_fdb_v3_text_replay_wp2,ecommerce_10,ecommerce_support,medium,2,,0,Wrong arguments for: ['track_order'],track_order|search_products,track_order|search_products,,,,,,
text_fdb_v3_text_replay_wp2,ecommerce_11,ecommerce_support,medium,1,SELF_CORRECTION,0,Wrong arguments for: ['add_to_cart'],add_to_cart,add_to_cart,,,,,,
text_fdb_v3_text_replay_wp2,ecommerce_12,ecommerce_support,medium,1,HESITATION|PAUSE,0,Wrong arguments for: ['search_products'],search_products,search_products,,,,,,
text_fdb_v3_text_replay_wp2,ecommerce_13,ecommerce_support,medium,2,,0,"Wrong arguments for: ['add_to_cart', 'track_order']",add_to_cart|track_order,add_to_cart|track_order,,,,,,
text_fdb_v3_text_replay_wp2,ecommerce_13,ecommerce_support,medium,2,,0,"Wrong arguments for: ['add_to_cart', 'track_order']",add_to_cart|track_order,add_to_cart|track_order,,,,,,
text_fdb_v3_text_replay_wp2,ecommerce_14,ecommerce_support,medium,1,FILLER,0,Wrong arguments for: ['add_to_cart'],add_to_cart,add_to_cart,,,,,,
text_fdb_v3_text_replay_wp2,ecommerce_14,ecommerce_support,medium,1,FILLER,0,Missing tools: ['add_to_cart'],add_to_cart,,add_to_cart,,,,,
text_fdb_v3_text_replay_wp2,ecommerce_15,ecommerce_support,medium,1,FILLER|PAUSE,1,,track_order,track_order,,,,,,
text_fdb_v3_text_replay_wp2,ecommerce_15,ecommerce_support,medium,1,FILLER|PAUSE,1,,track_order,track_order,,,,,,
text_fdb_v3_text_replay_wp2,ecommerce_16,ecommerce_support,medium,1,HESITATION|PAUSE,1,,search_products,search_products,,,,,,
text_fdb_v3_text_replay_wp2,ecommerce_17,ecommerce_support,medium,1,FALSE_START,0,Wrong arguments for: ['track_order'],track_order,track_order,,,,,,
text_fdb_v3_text_replay_wp2,ecommerce_18,ecommerce_support,hard,3,,0,Missing tools: ['add_to_cart'],search_products|add_to_cart|track_order,search_products|track_order,add_to_cart,,,,,
text_fdb_v3_text_replay_wp2,ecommerce_19,ecommerce_support,hard,2,SELF_CORRECTION,1,,search_products|add_to_cart,search_products|add_to_cart,,,,,,
text_fdb_v3_text_replay_wp2,ecommerce_20,ecommerce_support,hard,2,,0,Missing tools: ['add_to_cart']; Unexpected tools: ['track_order'],search_products|add_to_cart,search_products|track_order,add_to_cart,track_order,,,,
text_fdb_v3_text_replay_wp2,ecommerce_21,ecommerce_support,hard,3,FILLER,0,"Wrong arguments for: ['track_order', 'search_products', 'add_to_cart']",track_order|search_products|add_to_cart,track_order|search_products|add_to_cart,,,,,,
text_fdb_v3_text_replay_wp2,ecommerce_21,ecommerce_support,hard,3,FILLER,0,"Wrong arguments for: ['track_order', 'add_to_cart']",track_order|search_products|add_to_cart,track_order|search_products|add_to_cart,,,,,,
text_fdb_v3_text_replay_wp2,ecommerce_23,ecommerce_support,hard,2,,0,"Wrong arguments for: ['track_order', 'add_to_cart']",track_order|add_to_cart,track_order|add_to_cart,,,,,,
text_fdb_v3_text_replay_wp2,ecommerce_25,ecommerce_support,hard,3,FALSE_START,0,Wrong arguments for: ['track_order'],track_order|search_products|add_to_cart,track_order|search_products|add_to_cart,,,,,,
text_fdb_v3_text_replay_wp2,ecommerce_25,ecommerce_support,hard,3,FALSE_START,0,Wrong arguments for: ['track_order'],track_order|search_products|add_to_cart,track_order|search_products|add_to_cart,,,,,,
text_fdb_v3_text_replay_wp2,finance_01,finance_billing,easy,1,,1,,get_exchange_rate,get_exchange_rate,,,,,,
text_fdb_v3_text_replay_wp2,finance_01,finance_billing,easy,1,,1,,get_exchange_rate,get_exchange_rate,,,,,,
text_fdb_v3_text_replay_wp2,finance_02,finance_billing,easy,1,,1,,get_card_benefits,get_card_benefits,,,,,,
text_fdb_v3_text_replay_wp2,finance_03,finance_billing,easy,1,FILLER,1,,modify_autopay,modify_autopay,,,,,,
text_fdb_v3_text_replay_wp2,finance_03,finance_billing,easy,1,FILLER,1,,modify_autopay,modify_autopay,,,,,,
text_fdb_v3_text_replay_wp2,finance_04,finance_billing,easy,1,PAUSE,1,,get_exchange_rate,get_exchange_rate,,,,,,
text_fdb_v3_text_replay_wp2,finance_06,finance_billing,easy,1,FILLER|PAUSE,1,,get_card_benefits,get_card_benefits,,,,,,
text_fdb_v3_text_replay_wp2,finance_07,finance_billing,easy,1,FALSE_START,1,,modify_autopay,modify_autopay,,,,,,
text_fdb_v3_text_replay_wp2,finance_07,finance_billing,easy,1,FALSE_START,1,,modify_autopay,modify_autopay,,,,,,
text_fdb_v3_text_replay_wp2,finance_08,finance_billing,easy,1,HESITATION,1,,get_exchange_rate,get_exchange_rate,,,,,,
text_fdb_v3_text_replay_wp2,finance_08,finance_billing,easy,1,HESITATION,1,,get_exchange_rate,get_exchange_rate,,,,,,
text_fdb_v3_text_replay_wp2,finance_10,finance_billing,medium,2,,0,"Missing tools: ['get_card_benefits', 'get_exchange_rate']",get_card_benefits|get_exchange_rate,,get_card_benefits|get_exchange_rate,,,,,timeout waiting for FINAL
text_fdb_v3_text_replay_wp2,finance_11,finance_billing,medium,1,FILLER,1,,modify_autopay,modify_autopay,,,,,,
text_fdb_v3_text_replay_wp2,finance_12,finance_billing,medium,1,SELF_CORRECTION,1,,get_exchange_rate,get_exchange_rate,,,,,,
text_fdb_v3_text_replay_wp2,finance_12,finance_billing,medium,1,SELF_CORRECTION,0,Missing tools: ['get_exchange_rate'],get_exchange_rate,,get_exchange_rate,,,,,
text_fdb_v3_text_replay_wp2,finance_14,finance_billing,medium,2,,1,,get_exchange_rate|get_exchange_rate,get_exchange_rate|get_exchange_rate,,,,,,
text_fdb_v3_text_replay_wp2,finance_15,finance_billing,medium,1,SELF_CORRECTION,0,Missing tools: ['modify_autopay'],modify_autopay,,modify_autopay,,,,,timeout waiting for FINAL
text_fdb_v3_text_replay_wp2,finance_16,finance_billing,medium,1,HESITATION|PAUSE,1,,get_exchange_rate,get_exchange_rate,,,,,,
text_fdb_v3_text_replay_wp2,finance_17,finance_billing,medium,1,FALSE_START,1,,get_card_benefits,get_card_benefits,,,,,,
text_fdb_v3_text_replay_wp2,finance_18,finance_billing,hard,3,,1,,get_exchange_rate|modify_autopay|get_card_benefits,get_exchange_rate|modify_autopay|get_card_benefits,,,,,,
text_fdb_v3_text_replay_wp2,finance_19,finance_billing,hard,1,SELF_CORRECTION,1,,get_exchange_rate,get_exchange_rate,,,,,,
text_fdb_v3_text_replay_wp2,finance_20,finance_billing,hard,2,,1,,get_exchange_rate|modify_autopay,get_exchange_rate|modify_autopay,,,,,,
text_fdb_v3_text_replay_wp2,finance_21,finance_billing,hard,2,FILLER,1,,get_card_benefits|get_exchange_rate,get_card_benefits|get_exchange_rate,,,,,,
text_fdb_v3_text_replay_wp2,finance_22,finance_billing,hard,2,FILLER,1,,modify_autopay|modify_autopay,modify_autopay|modify_autopay,,,,,,
text_fdb_v3_text_replay_wp2,finance_23,finance_billing,hard,1,FALSE_START|SELF_CORRECTION,1,,modify_autopay,modify_autopay,,,,,,
text_fdb_v3_text_replay_wp2,housing_01,housing_location,easy,1,,1,,search_apartments,search_apartments,,,,,,
text_fdb_v3_text_replay_wp2,housing_02,housing_location,easy,1,,0,Wrong arguments for: ['calculate_commute'],calculate_commute,calculate_commute,,,,,,
text_fdb_v3_text_replay_wp2,housing_03,housing_location,easy,1,FILLER,0,Wrong arguments for: ['update_search_filter'],update_search_filter,update_search_filter,,,,,,
text_fdb_v3_text_replay_wp2,housing_04,housing_location,easy,1,PAUSE,1,,search_apartments,search_apartments,,,,,,
text_fdb_v3_text_replay_wp2,housing_05,housing_location,easy,1,HESITATION|PAUSE,0,Wrong arguments for: ['search_apartments'],search_apartments,search_apartments,,,,,,
text_fdb_v3_text_replay_wp2,housing_05,housing_location,easy,1,HESITATION|PAUSE,0,Wrong arguments for: ['search_apartments'],search_apartments,search_apartments,,,,,,
text_fdb_v3_text_replay_wp2,housing_06,housing_location,easy,1,,1,,calculate_commute,calculate_commute,,,,,,
text_fdb_v3_text_replay_wp2,housing_08,housing_location,easy,1,FALSE_START,0,Wrong arguments for: ['update_search_filter'],update_search_filter,update_search_filter,,,,,,
text_fdb_v3_text_replay_wp2,housing_09,housing_location,medium,1,SELF_CORRECTION,1,,search_apartments,search_apartments,,,,,,
text_fdb_v3_text_replay_wp2,housing_10,housing_location,medium,2,,0,"Wrong arguments for: ['calculate_commute', 'update_search_filter']",calculate_commute|update_search_filter,calculate_commute|update_search_filter,,,,,,
text_fdb_v3_text_replay_wp2,housing_11,housing_location,medium,1,SELF_CORRECTION,0,Missing tools: ['search_apartments'],search_apartments,,search_apartments,,,,,timeout waiting for FINAL
text_fdb_v3_text_replay_wp2,housing_13,housing_location,medium,2,,0,"Missing tools: ['update_search_filter', 'update_search_filter']",update_search_filter|update_search_filter,,update_search_filter|update_search_filter,,,,,timeout waiting for FINAL
text_fdb_v3_text_replay_wp2,housing_14,housing_location,medium,1,FILLER,0,Wrong arguments for: ['search_apartments'],search_apartments,search_apartments,,,,,,
text_fdb_v3_text_replay_wp2,housing_14,housing_location,medium,1,FILLER,0,Wrong arguments for: ['search_apartments'],search_apartments,search_apartments,,,,,,
text_fdb_v3_text_replay_wp2,housing_15,housing_location,medium,1,FALSE_START,0,Wrong arguments for: ['search_apartments'],search_apartments,search_apartments,,,,,,
text_fdb_v3_text_replay_wp2,housing_15,housing_location,medium,1,FALSE_START,0,Wrong arguments for: ['search_apartments'],search_apartments,search_apartments,,,,,,
text_fdb_v3_text_replay_wp2,housing_17,housing_location,medium,1,SELF_CORRECTION,0,Wrong arguments for: ['calculate_commute'],calculate_commute,calculate_commute,,,,,,
text_fdb_v3_text_replay_wp2,housing_17,housing_location,medium,1,SELF_CORRECTION,1,,calculate_commute,calculate_commute,,,,,,
text_fdb_v3_text_replay_wp2,housing_18,housing_location,hard,2,,0,Wrong arguments for: ['calculate_commute'],search_apartments|calculate_commute,search_apartments|calculate_commute,,,,,,
text_fdb_v3_text_replay_wp2,housing_19,housing_location,hard,1,SELF_CORRECTION,1,,calculate_commute,calculate_commute,,,,,,
text_fdb_v3_text_replay_wp2,housing_20,housing_location,hard,3,,0,Missing tools: ['update_search_filter'],search_apartments|calculate_commute|update_search_filter,search_apartments|calculate_commute,update_search_filter,,,,,
text_fdb_v3_text_replay_wp2,housing_21,housing_location,hard,2,SELF_CORRECTION,0,"Missing tools: ['search_apartments', 'calculate_commute']",search_apartments|calculate_commute,,search_apartments|calculate_commute,,,,,
text_fdb_v3_text_replay_wp2,housing_22,housing_location,hard,3,FILLER,0,"Missing tools: ['search_apartments', 'calculate_commute']",update_search_filter|search_apartments|calculate_commute,update_search_filter,search_apartments|calculate_commute,,,,,
text_fdb_v3_text_replay_wp2,housing_24,housing_location,hard,3,PAUSE|FILLER,0,Missing tools: ['update_search_filter'],update_search_filter|search_apartments|calculate_commute,search_apartments|calculate_commute,update_search_filter,,,,,
text_fdb_v3_text_replay_wp2,housing_24,housing_location,hard,3,PAUSE|FILLER,0,"Wrong arguments for: ['update_search_filter', 'calculate_commute']",update_search_filter|search_apartments|calculate_commute,update_search_filter|search_apartments|calculate_commute,,,,,,
text_fdb_v3_text_replay_wp2,housing_25,housing_location,hard,3,SELF_CORRECTION,0,"Missing tools: ['update_search_filter', 'update_search_filter', 'search_apartments']",update_search_filter|update_search_filter|search_apartments,,update_search_filter|update_search_filter|search_apartments,,,,,timeout waiting for FINAL
text_fdb_v3_text_replay_wp2,travel_01,travel_identity,easy,1,,0,Wrong arguments for: ['search_flights'],search_flights,search_flights,,,,,,
text_fdb_v3_text_replay_wp2,travel_02,travel_identity,easy,1,,0,Wrong arguments for: ['update_identity_doc'],update_identity_doc,update_identity_doc,,,,,,
text_fdb_v3_text_replay_wp2,travel_03,travel_identity,easy,1,FILLER,0,Wrong arguments for: ['search_flights'],search_flights,search_flights,,,,,,
text_fdb_v3_text_replay_wp2,travel_03,travel_identity,easy,1,FILLER,0,Wrong arguments for: ['search_flights'],search_flights,search_flights,,,,,,
text_fdb_v3_text_replay_wp2,travel_05,travel_identity,easy,1,FILLER|HESITATION,0,Wrong arguments for: ['search_flights'],search_flights,search_flights,,,,,,
text_fdb_v3_text_replay_wp2,travel_07,travel_identity,easy,1,,1,,update_identity_doc,update_identity_doc,,,,,,
text_fdb_v3_text_replay_wp2,travel_07,travel_identity,easy,1,,1,,update_identity_doc,update_identity_doc,,,,,,
text_fdb_v3_text_replay_wp2,travel_08,travel_identity,easy,1,FALSE_START,0,Wrong arguments for: ['search_flights'],search_flights,search_flights,,,,,,
text_fdb_v3_text_replay_wp2,travel_10,travel_identity,medium,1,FILLER|SELF_CORRECTION,0,Wrong arguments for: ['search_flights'],search_flights,search_flights,,,,,,
text_fdb_v3_text_replay_wp2,travel_11,travel_identity,medium,2,,0,"Missing tools: ['search_flights', 'book_flight']",search_flights|book_flight,,search_flights|book_flight,,,,,timeout waiting for FINAL
text_fdb_v3_text_replay_wp2,travel_14,travel_identity,medium,1,HESITATION|PAUSE,0,Wrong arguments for: ['search_flights'],search_flights,search_flights,,,,,,
text_fdb_v3_text_replay_wp2,travel_16,travel_identity,medium,1,FILLER,0,Wrong arguments for: ['search_flights'],search_flights,search_flights,,,,,,
text_fdb_v3_text_replay_wp2,travel_18,travel_identity,hard,3,FILLER,0,"Wrong arguments for: ['search_flights', 'update_identity_doc']",search_flights|book_flight|update_identity_doc,search_flights|book_flight|update_identity_doc,,,,,,
text_fdb_v3_text_replay_wp2,travel_19,travel_identity,hard,1,SELF_CORRECTION,0,Wrong arguments for: ['search_flights'],search_flights,search_flights,,,,,,
text_fdb_v3_text_replay_wp2,travel_20,travel_identity,hard,3,,0,Wrong arguments for: ['search_flights'],search_flights|book_flight|update_identity_doc,search_flights|book_flight|update_identity_doc,,,,,,
text_fdb_v3_text_replay_wp2,travel_21,travel_identity,hard,3,PAUSE|FILLER,0,"Wrong arguments for: ['search_flights', 'update_identity_doc']",search_flights|book_flight|update_identity_doc,search_flights|book_flight|update_identity_doc,,,,,,
text_fdb_v3_text_replay_wp2,travel_21,travel_identity,hard,3,PAUSE|FILLER,0,"Wrong arguments for: ['search_flights', 'update_identity_doc']",search_flights|book_flight|update_identity_doc,search_flights|book_flight|update_identity_doc,,,,,,
text_fdb_v3_text_replay_wp2,travel_23,travel_identity,hard,2,FILLER,1,,update_identity_doc|update_identity_doc,update_identity_doc|update_identity_doc,,,,,,
text_fdb_v3_text_replay_wp2,travel_23,travel_identity,hard,2,FILLER,1,,update_identity_doc|update_identity_doc,update_identity_doc|update_identity_doc,,,,,,
text_fdb_v3_text_replay_wp2,travel_24,travel_identity,hard,3,,0,"Wrong arguments for: ['search_flights', 'update_identity_doc']",search_flights|book_flight|update_identity_doc,search_flights|book_flight|update_identity_doc,,,,,,
text_openai_gpt41_subset,ecommerce_08,ecommerce_support,easy,1,PAUSE,0,Wrong arguments for: ['search_products'],search_products,search_products,,,3.527,3.527,4.936,
text_openai_gpt41_subset,ecommerce_08,ecommerce_support,easy,1,PAUSE,0,Wrong arguments for: ['search_products'],search_products,search_products,,,3.527,3.527,4.936,
text_openai_gpt41_subset,ecommerce_20,ecommerce_support,hard,2,,0,Unexpected tools: ['track_order'],search_products|add_to_cart,search_products|add_to_cart|track_order,,track_order,3.129,3.129,4.445,
text_openai_gpt41_subset,finance_15,finance_billing,medium,1,SELF_CORRECTION,1,,modify_autopay,modify_autopay,,,2.726,2.726,4.187,
text_openai_gpt41_subset,finance_20,finance_billing,hard,2,,1,,get_exchange_rate|modify_autopay,get_exchange_rate|modify_autopay,,,3.13,3.13,4.24,
text_openai_gpt41_subset,housing_10,housing_location,medium,2,,0,Wrong arguments for: ['update_search_filter'],calculate_commute|update_search_filter,calculate_commute|update_search_filter,,,3.126,3.126,4.877,
text_openai_gpt41_subset,housing_18,housing_location,hard,2,,0,Wrong arguments for: ['calculate_commute'],search_apartments|calculate_commute,search_apartments|calculate_commute,,,2.822,2.822,5.637,
text_openai_gpt41_subset,housing_22,housing_location,hard,3,FILLER,0,"Wrong arguments for: ['update_search_filter', 'calculate_commute']",update_search_filter|search_apartments|calculate_commute,update_search_filter|search_apartments|calculate_commute,,,3.176,3.176,6.426,
text_openai_gpt41_subset,housing_24,housing_location,hard,3,PAUSE|FILLER,0,Missing tools: ['update_search_filter'],update_search_filter|search_apartments|calculate_commute,search_apartments|calculate_commute,update_search_filter,,2.877,2.877,6.163,
text_openai_gpt41_subset,housing_24,housing_location,hard,3,PAUSE|FILLER,0,Missing tools: ['update_search_filter'],update_search_filter|search_apartments|calculate_commute,search_apartments|calculate_commute,update_search_filter,,2.877,2.877,6.163,
text_openai_gpt41_subset,travel_01,travel_identity,easy,1,,1,,search_flights,search_flights,,,2.371,2.371,4.186,
text_openai_gpt41_subset,travel_07,travel_identity,easy,1,,1,,update_identity_doc,update_identity_doc,,,2.071,2.071,2.98,
text_openai_gpt41_subset,travel_07,travel_identity,easy,1,,1,,update_identity_doc,update_identity_doc,,,2.071,2.071,2.98,
text_openai_gpt41_subset,travel_18,travel_identity,hard,3,FILLER,1,,search_flights|book_flight|update_identity_doc,search_flights|book_flight|update_identity_doc,,,3.884,3.884,5.552,
text_openai_gpt41_subset,travel_20,travel_identity,hard,3,,1,,search_flights|book_flight|update_identity_doc,search_flights|book_flight|update_identity_doc,,,3.33,3.33,5.075,
text_openai_gpt41_subset_r3,ecommerce_08,ecommerce_support,easy,1,PAUSE,0,Wrong arguments for: ['search_products'],search_products,search_products,,,1.564,1.564,2.522,
text_openai_gpt41_subset_r3,ecommerce_08,ecommerce_support,easy,1,PAUSE,0,Wrong arguments for: ['search_products'],search_products,search_products,,,1.564,1.564,2.522,
text_openai_gpt41_subset_r3,ecommerce_20,ecommerce_support,hard,2,,0,Unexpected tools: ['track_order'],search_products|add_to_cart,search_products|add_to_cart|track_order,,track_order,2.262,2.262,4.373,
text_openai_gpt41_subset_r3,finance_15,finance_billing,medium,1,SELF_CORRECTION,1,,modify_autopay,modify_autopay,,,2.162,2.162,3.469,
text_openai_gpt41_subset_r3,finance_20,finance_billing,hard,2,,1,,get_exchange_rate|modify_autopay,get_exchange_rate|modify_autopay,,,2.664,2.664,4.022,
text_openai_gpt41_subset_r3,housing_10,housing_location,medium,2,,1,,calculate_commute|update_search_filter,calculate_commute|update_search_filter,,,2.466,2.466,4.207,
text_openai_gpt41_subset_r3,housing_18,housing_location,hard,2,,0,Wrong arguments for: ['calculate_commute'],search_apartments|calculate_commute,search_apartments|calculate_commute,,,2.265,2.265,5.46,
text_openai_gpt41_subset_r3,housing_22,housing_location,hard,3,FILLER,0,"Wrong arguments for: ['update_search_filter', 'search_apartments', 'calculate_commute']",update_search_filter|search_apartments|calculate_commute,update_search_filter|search_apartments|calculate_commute,,,2.916,2.916,6.232,
text_openai_gpt41_subset_r3,housing_24,housing_location,hard,3,PAUSE|FILLER,0,Missing tools: ['update_search_filter'],update_search_filter|search_apartments|calculate_commute,search_apartments|calculate_commute,update_search_filter,,3.321,3.321,5.737,
text_openai_gpt41_subset_r3,housing_24,housing_location,hard,3,PAUSE|FILLER,0,Missing tools: ['update_search_filter'],update_search_filter|search_apartments|calculate_commute,search_apartments|calculate_commute,update_search_filter,,3.321,3.321,5.737,
text_openai_gpt41_subset_r3,travel_01,travel_identity,easy,1,,1,,search_flights,search_flights,,,1.761,1.761,3.61,
text_openai_gpt41_subset_r3,travel_07,travel_identity,easy,1,,1,,update_identity_doc,update_identity_doc,,,1.813,1.813,2.769,
text_openai_gpt41_subset_r3,travel_07,travel_identity,easy,1,,1,,update_identity_doc,update_identity_doc,,,1.813,1.813,2.769,
text_openai_gpt41_subset_r3,travel_18,travel_identity,hard,3,FILLER,1,,search_flights|book_flight|update_identity_doc,search_flights|book_flight|update_identity_doc,,,2.765,2.765,4.489,
text_openai_gpt41_subset_r3,travel_20,travel_identity,hard,3,,1,,search_flights|book_flight|update_identity_doc,search_flights|book_flight|update_identity_doc,,,3.066,3.066,5.106,
text_s2_full100_v2,ecommerce_01,ecommerce_support,easy,1,,1,,track_order,track_order,,,,,,
text_s2_full100_v2,ecommerce_01,ecommerce_support,easy,1,,1,,track_order,track_order,,,,,,
text_s2_full100_v2,ecommerce_02,ecommerce_support,easy,1,,1,,search_products,search_products,,,,,,
text_s2_full100_v2,ecommerce_04,ecommerce_support,easy,1,PAUSE,1,,track_order,track_order,,,,,,
text_s2_full100_v2,ecommerce_05,ecommerce_support,easy,1,FILLER|HESITATION,1,,search_products,search_products,,,,,,
text_s2_full100_v2,ecommerce_06,ecommerce_support,easy,1,,1,,add_to_cart,add_to_cart,,,,,,
text_s2_full100_v2,ecommerce_07,ecommerce_support,easy,1,FALSE_START,1,,track_order,track_order,,,,,,
text_s2_full100_v2,ecommerce_08,ecommerce_support,easy,1,PAUSE,0,Wrong arguments for: ['search_products'],search_products,search_products,,,,,,
text_s2_full100_v2,ecommerce_08,ecommerce_support,easy,1,PAUSE,0,Wrong arguments for: ['search_products'],search_products,search_products,,,,,,
text_s2_full100_v2,ecommerce_09,ecommerce_support,medium,1,SELF_CORRECTION,1,,search_products,search_products,,,,,,
text_s2_full100_v2,ecommerce_10,ecommerce_support,medium,2,,1,,track_order|search_products,track_order|search_products,,,,,,
text_s2_full100_v2,ecommerce_11,ecommerce_support,medium,1,SELF_CORRECTION,1,,add_to_cart,add_to_cart,,,,,,
text_s2_full100_v2,ecommerce_12,ecommerce_support,medium,1,HESITATION|PAUSE,0,Wrong arguments for: ['search_products'],search_products,search_products,,,,,,
text_s2_full100_v2,ecommerce_13,ecommerce_support,medium,2,,0,"Missing tools: ['add_to_cart', 'track_order']",add_to_cart|track_order,,add_to_cart|track_order,,,,,
text_s2_full100_v2,ecommerce_13,ecommerce_support,medium,2,,1,,add_to_cart|track_order,add_to_cart|track_order,,,,,,
text_s2_full100_v2,ecommerce_14,ecommerce_support,medium,1,FILLER,1,,add_to_cart,add_to_cart,,,,,,
text_s2_full100_v2,ecommerce_14,ecommerce_support,medium,1,FILLER,1,,add_to_cart,add_to_cart,,,,,,
text_s2_full100_v2,ecommerce_15,ecommerce_support,medium,1,FILLER|PAUSE,1,,track_order,track_order,,,,,,
text_s2_full100_v2,ecommerce_15,ecommerce_support,medium,1,FILLER|PAUSE,1,,track_order,track_order,,,,,,
text_s2_full100_v2,ecommerce_16,ecommerce_support,medium,1,HESITATION|PAUSE,1,,search_products,search_products,,,,,,
text_s2_full100_v2,ecommerce_17,ecommerce_support,medium,1,FALSE_START,1,,track_order,track_order,,,,,,
text_s2_full100_v2,ecommerce_18,ecommerce_support,hard,3,,1,,search_products|add_to_cart|track_order,search_products|add_to_cart|track_order,,,,,,
text_s2_full100_v2,ecommerce_19,ecommerce_support,hard,2,SELF_CORRECTION,1,,search_products|add_to_cart,search_products|add_to_cart,,,,,,
text_s2_full100_v2,ecommerce_20,ecommerce_support,hard,2,,0,Unexpected tools: ['track_order'],search_products|add_to_cart,search_products|track_order|add_to_cart,,track_order,,,,
text_s2_full100_v2,ecommerce_21,ecommerce_support,hard,3,FILLER,0,Wrong arguments for: ['search_products'],track_order|search_products|add_to_cart,track_order|search_products|add_to_cart,,,,,,
text_s2_full100_v2,ecommerce_21,ecommerce_support,hard,3,FILLER,0,Wrong arguments for: ['search_products'],track_order|search_products|add_to_cart,track_order|search_products|add_to_cart,,,,,,
text_s2_full100_v2,ecommerce_23,ecommerce_support,hard,2,,1,,track_order|add_to_cart,track_order|add_to_cart,,,,,,
text_s2_full100_v2,ecommerce_25,ecommerce_support,hard,3,FALSE_START,1,,track_order|search_products|add_to_cart,track_order|search_products|add_to_cart,,,,,,
text_s2_full100_v2,ecommerce_25,ecommerce_support,hard,3,FALSE_START,1,,track_order|search_products|add_to_cart,track_order|search_products|add_to_cart,,,,,,
text_s2_full100_v2,finance_01,finance_billing,easy,1,,1,,get_exchange_rate,get_exchange_rate,,,,,,
text_s2_full100_v2,finance_01,finance_billing,easy,1,,1,,get_exchange_rate,get_exchange_rate,,,,,,
text_s2_full100_v2,finance_02,finance_billing,easy,1,,1,,get_card_benefits,get_card_benefits,,,,,,
text_s2_full100_v2,finance_03,finance_billing,easy,1,FILLER,1,,modify_autopay,modify_autopay,,,,,,
text_s2_full100_v2,finance_03,finance_billing,easy,1,FILLER,1,,modify_autopay,modify_autopay,,,,,,
text_s2_full100_v2,finance_04,finance_billing,easy,1,PAUSE,1,,get_exchange_rate,get_exchange_rate,,,,,,
text_s2_full100_v2,finance_06,finance_billing,easy,1,FILLER|PAUSE,1,,get_card_benefits,get_card_benefits,,,,,,
text_s2_full100_v2,finance_07,finance_billing,easy,1,FALSE_START,1,,modify_autopay,modify_autopay,,,,,,
text_s2_full100_v2,finance_07,finance_billing,easy,1,FALSE_START,1,,modify_autopay,modify_autopay,,,,,,
text_s2_full100_v2,finance_08,finance_billing,easy,1,HESITATION,1,,get_exchange_rate,get_exchange_rate,,,,,,
text_s2_full100_v2,finance_08,finance_billing,easy,1,HESITATION,1,,get_exchange_rate,get_exchange_rate,,,,,,
text_s2_full100_v2,finance_10,finance_billing,medium,2,,0,"Missing tools: ['get_card_benefits', 'get_exchange_rate']",get_card_benefits|get_exchange_rate,,get_card_benefits|get_exchange_rate,,,,,
text_s2_full100_v2,finance_11,finance_billing,medium,1,FILLER,1,,modify_autopay,modify_autopay,,,,,,
text_s2_full100_v2,finance_12,finance_billing,medium,1,SELF_CORRECTION,1,,get_exchange_rate,get_exchange_rate,,,,,,
text_s2_full100_v2,finance_12,finance_billing,medium,1,SELF_CORRECTION,1,,get_exchange_rate,get_exchange_rate,,,,,,
text_s2_full100_v2,finance_14,finance_billing,medium,2,,1,,get_exchange_rate|get_exchange_rate,get_exchange_rate|get_exchange_rate,,,,,,
text_s2_full100_v2,finance_15,finance_billing,medium,1,SELF_CORRECTION,1,,modify_autopay,modify_autopay,,,,,,
text_s2_full100_v2,finance_16,finance_billing,medium,1,HESITATION|PAUSE,1,,get_exchange_rate,get_exchange_rate,,,,,,
text_s2_full100_v2,finance_17,finance_billing,medium,1,FALSE_START,1,,get_card_benefits,get_card_benefits,,,,,,
text_s2_full100_v2,finance_18,finance_billing,hard,3,,1,,get_exchange_rate|modify_autopay|get_card_benefits,get_exchange_rate|modify_autopay|get_card_benefits,,,,,,
text_s2_full100_v2,finance_19,finance_billing,hard,1,SELF_CORRECTION,1,,get_exchange_rate,get_exchange_rate,,,,,,
text_s2_full100_v2,finance_20,finance_billing,hard,2,,1,,get_exchange_rate|modify_autopay,get_exchange_rate|modify_autopay,,,,,,
text_s2_full100_v2,finance_21,finance_billing,hard,2,FILLER,1,,get_card_benefits|get_exchange_rate,get_card_benefits|get_exchange_rate,,,,,,
text_s2_full100_v2,finance_22,finance_billing,hard,2,FILLER,1,,modify_autopay|modify_autopay,modify_autopay|modify_autopay,,,,,,
text_s2_full100_v2,finance_23,finance_billing,hard,1,FALSE_START|SELF_CORRECTION,1,,modify_autopay,modify_autopay,,,,,,
text_s2_full100_v2,housing_01,housing_location,easy,1,,1,,search_apartments,search_apartments,,,,,,
text_s2_full100_v2,housing_02,housing_location,easy,1,,1,,calculate_commute,calculate_commute,,,,,,
text_s2_full100_v2,housing_03,housing_location,easy,1,FILLER,0,Wrong arguments for: ['update_search_filter'],update_search_filter,update_search_filter,,,,,,
text_s2_full100_v2,housing_04,housing_location,easy,1,PAUSE,1,,search_apartments,search_apartments,,,,,,
text_s2_full100_v2,housing_05,housing_location,easy,1,HESITATION|PAUSE,0,Missing tools: ['search_apartments'],search_apartments,,search_apartments,,,,,
text_s2_full100_v2,housing_05,housing_location,easy,1,HESITATION|PAUSE,0,Wrong arguments for: ['search_apartments'],search_apartments,search_apartments,,,,,,
text_s2_full100_v2,housing_06,housing_location,easy,1,,0,Wrong arguments for: ['calculate_commute'],calculate_commute,calculate_commute,,,,,,
text_s2_full100_v2,housing_08,housing_location,easy,1,FALSE_START,0,Wrong arguments for: ['update_search_filter'],update_search_filter,update_search_filter,,,,,,
text_s2_full100_v2,housing_09,housing_location,medium,1,SELF_CORRECTION,1,,search_apartments,search_apartments,,,,,,
text_s2_full100_v2,housing_10,housing_location,medium,2,,0,"Wrong arguments for: ['calculate_commute', 'update_search_filter']",calculate_commute|update_search_filter,calculate_commute|update_search_filter,,,,,,
text_s2_full100_v2,housing_11,housing_location,medium,1,SELF_CORRECTION,0,Missing tools: ['search_apartments'],search_apartments,,search_apartments,,,,,
text_s2_full100_v2,housing_13,housing_location,medium,2,,0,"Missing tools: ['update_search_filter', 'update_search_filter']",update_search_filter|update_search_filter,,update_search_filter|update_search_filter,,,,,timeout waiting for FINAL
text_s2_full100_v2,housing_14,housing_location,medium,1,FILLER,0,Wrong arguments for: ['search_apartments'],search_apartments,search_apartments,,,,,,
text_s2_full100_v2,housing_14,housing_location,medium,1,FILLER,0,Wrong arguments for: ['search_apartments'],search_apartments,search_apartments,,,,,,
text_s2_full100_v2,housing_15,housing_location,medium,1,FALSE_START,0,Wrong arguments for: ['search_apartments'],search_apartments,search_apartments,,,,,,
text_s2_full100_v2,housing_15,housing_location,medium,1,FALSE_START,0,Wrong arguments for: ['search_apartments'],search_apartments,search_apartments,,,,,,
text_s2_full100_v2,housing_17,housing_location,medium,1,SELF_CORRECTION,0,Wrong arguments for: ['calculate_commute'],calculate_commute,calculate_commute,,,,,,
text_s2_full100_v2,housing_17,housing_location,medium,1,SELF_CORRECTION,0,Wrong arguments for: ['calculate_commute'],calculate_commute,calculate_commute,,,,,,
text_s2_full100_v2,housing_18,housing_location,hard,2,,0,Missing tools: ['calculate_commute'],search_apartments|calculate_commute,search_apartments,calculate_commute,,,,,
text_s2_full100_v2,housing_19,housing_location,hard,1,SELF_CORRECTION,0,Wrong arguments for: ['calculate_commute'],calculate_commute,calculate_commute,,,,,,
text_s2_full100_v2,housing_20,housing_location,hard,3,,0,"Missing tools: ['search_apartments', 'calculate_commute', 'update_search_filter']",search_apartments|calculate_commute|update_search_filter,,search_apartments|calculate_commute|update_search_filter,,,,,
text_s2_full100_v2,housing_21,housing_location,hard,2,SELF_CORRECTION,0,"Missing tools: ['search_apartments', 'calculate_commute']",search_apartments|calculate_commute,,search_apartments|calculate_commute,,,,,
text_s2_full100_v2,housing_22,housing_location,hard,3,FILLER,0,"Wrong arguments for: ['update_search_filter', 'calculate_commute']",update_search_filter|search_apartments|calculate_commute,update_search_filter|search_apartments|calculate_commute,,,,,,
text_s2_full100_v2,housing_24,housing_location,hard,3,PAUSE|FILLER,0,"Wrong arguments for: ['update_search_filter', 'calculate_commute']",update_search_filter|search_apartments|calculate_commute,update_search_filter|search_apartments|calculate_commute,,,,,,
text_s2_full100_v2,housing_24,housing_location,hard,3,PAUSE|FILLER,0,"Wrong arguments for: ['update_search_filter', 'calculate_commute']",update_search_filter|search_apartments|calculate_commute,update_search_filter|search_apartments|calculate_commute,,,,,,
text_s2_full100_v2,housing_25,housing_location,hard,3,SELF_CORRECTION,0,"Missing tools: ['update_search_filter', 'search_apartments']",update_search_filter|update_search_filter|search_apartments,update_search_filter,update_search_filter|search_apartments,,,,,
text_s2_full100_v2,travel_01,travel_identity,easy,1,,1,,search_flights,search_flights,,,,,,
text_s2_full100_v2,travel_02,travel_identity,easy,1,,0,Wrong arguments for: ['update_identity_doc'],update_identity_doc,update_identity_doc,,,,,,
text_s2_full100_v2,travel_03,travel_identity,easy,1,FILLER,1,,search_flights,search_flights,,,,,,
text_s2_full100_v2,travel_03,travel_identity,easy,1,FILLER,1,,search_flights,search_flights,,,,,,
text_s2_full100_v2,travel_05,travel_identity,easy,1,FILLER|HESITATION,1,,search_flights,search_flights,,,,,,
text_s2_full100_v2,travel_07,travel_identity,easy,1,,1,,update_identity_doc,update_identity_doc,,,,,,
text_s2_full100_v2,travel_07,travel_identity,easy,1,,1,,update_identity_doc,update_identity_doc,,,,,,
text_s2_full100_v2,travel_08,travel_identity,easy,1,FALSE_START,1,,search_flights,search_flights,,,,,,
text_s2_full100_v2,travel_10,travel_identity,medium,1,FILLER|SELF_CORRECTION,1,,search_flights,search_flights,,,,,,
text_s2_full100_v2,travel_11,travel_identity,medium,2,,0,Wrong arguments for: ['search_flights'],search_flights|book_flight,search_flights|book_flight,,,,,,
text_s2_full100_v2,travel_14,travel_identity,medium,1,HESITATION|PAUSE,1,,search_flights,search_flights,,,,,,
text_s2_full100_v2,travel_16,travel_identity,medium,1,FILLER,0,Wrong arguments for: ['search_flights'],search_flights,search_flights,,,,,,
text_s2_full100_v2,travel_18,travel_identity,hard,3,FILLER,0,Wrong arguments for: ['search_flights'],search_flights|book_flight|update_identity_doc,search_flights|book_flight|update_identity_doc,,,,,,
text_s2_full100_v2,travel_19,travel_identity,hard,1,SELF_CORRECTION,1,,search_flights,search_flights,,,,,,
text_s2_full100_v2,travel_20,travel_identity,hard,3,,1,,search_flights|book_flight|update_identity_doc,search_flights|book_flight|update_identity_doc,,,,,,
text_s2_full100_v2,travel_21,travel_identity,hard,3,PAUSE|FILLER,0,Wrong arguments for: ['search_flights'],search_flights|book_flight|update_identity_doc,search_flights|book_flight|update_identity_doc,,,,,,
text_s2_full100_v2,travel_21,travel_identity,hard,3,PAUSE|FILLER,0,Wrong arguments for: ['search_flights'],search_flights|book_flight|update_identity_doc,search_flights|book_flight|update_identity_doc,,,,,,
text_s2_full100_v2,travel_23,travel_identity,hard,2,FILLER,1,,update_identity_doc|update_identity_doc,update_identity_doc|update_identity_doc,,,,,,
text_s2_full100_v2,travel_23,travel_identity,hard,2,FILLER,1,,update_identity_doc|update_identity_doc,update_identity_doc|update_identity_doc,,,,,,
text_s2_full100_v2,travel_24,travel_identity,hard,3,,1,,search_flights|book_flight|update_identity_doc,search_flights|book_flight|update_identity_doc,,,,,,
text_s2_full100_v3,ecommerce_01,ecommerce_support,easy,1,,1,,track_order,track_order,,,,,,
text_s2_full100_v3,ecommerce_01,ecommerce_support,easy,1,,1,,track_order,track_order,,,,,,
text_s2_full100_v3,ecommerce_02,ecommerce_support,easy,1,,1,,search_products,search_products,,,,,,
text_s2_full100_v3,ecommerce_04,ecommerce_support,easy,1,PAUSE,1,,track_order,track_order,,,,,,
text_s2_full100_v3,ecommerce_05,ecommerce_support,easy,1,FILLER|HESITATION,1,,search_products,search_products,,,,,,
text_s2_full100_v3,ecommerce_06,ecommerce_support,easy,1,,1,,add_to_cart,add_to_cart,,,,,,
text_s2_full100_v3,ecommerce_07,ecommerce_support,easy,1,FALSE_START,1,,track_order,track_order,,,,,,
text_s2_full100_v3,ecommerce_08,ecommerce_support,easy,1,PAUSE,0,Wrong arguments for: ['search_products'],search_products,search_products,,,,,,
text_s2_full100_v3,ecommerce_08,ecommerce_support,easy,1,PAUSE,0,Wrong arguments for: ['search_products'],search_products,search_products,,,,,,
text_s2_full100_v3,ecommerce_09,ecommerce_support,medium,1,SELF_CORRECTION,1,,search_products,search_products,,,,,,
text_s2_full100_v3,ecommerce_10,ecommerce_support,medium,2,,1,,track_order|search_products,track_order|search_products,,,,,,
text_s2_full100_v3,ecommerce_11,ecommerce_support,medium,1,SELF_CORRECTION,1,,add_to_cart,add_to_cart,,,,,,
text_s2_full100_v3,ecommerce_12,ecommerce_support,medium,1,HESITATION|PAUSE,0,Wrong arguments for: ['search_products'],search_products,search_products,,,,,,
text_s2_full100_v3,ecommerce_13,ecommerce_support,medium,2,,1,,add_to_cart|track_order,add_to_cart|track_order,,,,,,
text_s2_full100_v3,ecommerce_13,ecommerce_support,medium,2,,1,,add_to_cart|track_order,add_to_cart|track_order,,,,,,
text_s2_full100_v3,ecommerce_14,ecommerce_support,medium,1,FILLER,1,,add_to_cart,add_to_cart,,,,,,
text_s2_full100_v3,ecommerce_14,ecommerce_support,medium,1,FILLER,1,,add_to_cart,add_to_cart,,,,,,
text_s2_full100_v3,ecommerce_15,ecommerce_support,medium,1,FILLER|PAUSE,1,,track_order,track_order,,,,,,
text_s2_full100_v3,ecommerce_15,ecommerce_support,medium,1,FILLER|PAUSE,1,,track_order,track_order,,,,,,
text_s2_full100_v3,ecommerce_16,ecommerce_support,medium,1,HESITATION|PAUSE,1,,search_products,search_products,,,,,,
text_s2_full100_v3,ecommerce_17,ecommerce_support,medium,1,FALSE_START,1,,track_order,track_order,,,,,,
text_s2_full100_v3,ecommerce_18,ecommerce_support,hard,3,,1,,search_products|add_to_cart|track_order,search_products|add_to_cart|track_order,,,,,,
text_s2_full100_v3,ecommerce_19,ecommerce_support,hard,2,SELF_CORRECTION,1,,search_products|add_to_cart,search_products|add_to_cart,,,,,,
text_s2_full100_v3,ecommerce_20,ecommerce_support,hard,2,,0,Unexpected tools: ['track_order'],search_products|add_to_cart,search_products|track_order|add_to_cart,,track_order,,,,
text_s2_full100_v3,ecommerce_21,ecommerce_support,hard,3,FILLER,0,Wrong arguments for: ['search_products'],track_order|search_products|add_to_cart,track_order|search_products|add_to_cart,,,,,,
text_s2_full100_v3,ecommerce_21,ecommerce_support,hard,3,FILLER,0,Wrong arguments for: ['search_products'],track_order|search_products|add_to_cart,track_order|search_products|add_to_cart,,,,,,
text_s2_full100_v3,ecommerce_23,ecommerce_support,hard,2,,1,,track_order|add_to_cart,track_order|add_to_cart,,,,,,
text_s2_full100_v3,ecommerce_25,ecommerce_support,hard,3,FALSE_START,1,,track_order|search_products|add_to_cart,track_order|search_products|add_to_cart,,,,,,
text_s2_full100_v3,ecommerce_25,ecommerce_support,hard,3,FALSE_START,1,,track_order|search_products|add_to_cart,track_order|search_products|add_to_cart,,,,,,
text_s2_full100_v3,finance_01,finance_billing,easy,1,,1,,get_exchange_rate,get_exchange_rate,,,,,,
text_s2_full100_v3,finance_01,finance_billing,easy,1,,1,,get_exchange_rate,get_exchange_rate,,,,,,
text_s2_full100_v3,finance_02,finance_billing,easy,1,,1,,get_card_benefits,get_card_benefits,,,,,,
text_s2_full100_v3,finance_03,finance_billing,easy,1,FILLER,1,,modify_autopay,modify_autopay,,,,,,
text_s2_full100_v3,finance_03,finance_billing,easy,1,FILLER,1,,modify_autopay,modify_autopay,,,,,,
text_s2_full100_v3,finance_04,finance_billing,easy,1,PAUSE,1,,get_exchange_rate,get_exchange_rate,,,,,,
text_s2_full100_v3,finance_06,finance_billing,easy,1,FILLER|PAUSE,1,,get_card_benefits,get_card_benefits,,,,,,
text_s2_full100_v3,finance_07,finance_billing,easy,1,FALSE_START,1,,modify_autopay,modify_autopay,,,,,,
text_s2_full100_v3,finance_07,finance_billing,easy,1,FALSE_START,1,,modify_autopay,modify_autopay,,,,,,
text_s2_full100_v3,finance_08,finance_billing,easy,1,HESITATION,1,,get_exchange_rate,get_exchange_rate,,,,,,
text_s2_full100_v3,finance_08,finance_billing,easy,1,HESITATION,1,,get_exchange_rate,get_exchange_rate,,,,,,
text_s2_full100_v3,finance_10,finance_billing,medium,2,,1,,get_card_benefits|get_exchange_rate,get_card_benefits|get_exchange_rate,,,,,,
text_s2_full100_v3,finance_11,finance_billing,medium,1,FILLER,1,,modify_autopay,modify_autopay,,,,,,
text_s2_full100_v3,finance_12,finance_billing,medium,1,SELF_CORRECTION,1,,get_exchange_rate,get_exchange_rate,,,,,,
text_s2_full100_v3,finance_12,finance_billing,medium,1,SELF_CORRECTION,1,,get_exchange_rate,get_exchange_rate,,,,,,
text_s2_full100_v3,finance_14,finance_billing,medium,2,,1,,get_exchange_rate|get_exchange_rate,get_exchange_rate|get_exchange_rate,,,,,,
text_s2_full100_v3,finance_15,finance_billing,medium,1,SELF_CORRECTION,0,Wrong arguments for: ['modify_autopay'],modify_autopay,modify_autopay,,,,,,
text_s2_full100_v3,finance_16,finance_billing,medium,1,HESITATION|PAUSE,1,,get_exchange_rate,get_exchange_rate,,,,,,
text_s2_full100_v3,finance_17,finance_billing,medium,1,FALSE_START,1,,get_card_benefits,get_card_benefits,,,,,,
text_s2_full100_v3,finance_18,finance_billing,hard,3,,1,,get_exchange_rate|modify_autopay|get_card_benefits,get_exchange_rate|modify_autopay|get_card_benefits,,,,,,
text_s2_full100_v3,finance_19,finance_billing,hard,1,SELF_CORRECTION,1,,get_exchange_rate,get_exchange_rate,,,,,,
text_s2_full100_v3,finance_20,finance_billing,hard,2,,1,,get_exchange_rate|modify_autopay,get_exchange_rate|modify_autopay,,,,,,
text_s2_full100_v3,finance_21,finance_billing,hard,2,FILLER,1,,get_card_benefits|get_exchange_rate,get_card_benefits|get_exchange_rate,,,,,,
text_s2_full100_v3,finance_22,finance_billing,hard,2,FILLER,1,,modify_autopay|modify_autopay,modify_autopay|modify_autopay,,,,,,
text_s2_full100_v3,finance_23,finance_billing,hard,1,FALSE_START|SELF_CORRECTION,1,,modify_autopay,modify_autopay,,,,,,
text_s2_full100_v3,housing_01,housing_location,easy,1,,1,,search_apartments,search_apartments,,,,,,
text_s2_full100_v3,housing_02,housing_location,easy,1,,1,,calculate_commute,calculate_commute,,,,,,
text_s2_full100_v3,housing_03,housing_location,easy,1,FILLER,0,Wrong arguments for: ['update_search_filter'],update_search_filter,update_search_filter,,,,,,
text_s2_full100_v3,housing_04,housing_location,easy,1,PAUSE,1,,search_apartments,search_apartments,,,,,,
text_s2_full100_v3,housing_05,housing_location,easy,1,HESITATION|PAUSE,0,Wrong arguments for: ['search_apartments'],search_apartments,search_apartments,,,,,,
text_s2_full100_v3,housing_05,housing_location,easy,1,HESITATION|PAUSE,0,Wrong arguments for: ['search_apartments'],search_apartments,search_apartments,,,,,,
text_s2_full100_v3,housing_06,housing_location,easy,1,,0,Wrong arguments for: ['calculate_commute'],calculate_commute,calculate_commute,,,,,,
text_s2_full100_v3,housing_08,housing_location,easy,1,FALSE_START,0,Wrong arguments for: ['update_search_filter'],update_search_filter,update_search_filter,,,,,,
text_s2_full100_v3,housing_09,housing_location,medium,1,SELF_CORRECTION,1,,search_apartments,search_apartments,,,,,,
text_s2_full100_v3,housing_10,housing_location,medium,2,,0,"Wrong arguments for: ['calculate_commute', 'update_search_filter']",calculate_commute|update_search_filter,calculate_commute|update_search_filter,,,,,,
text_s2_full100_v3,housing_11,housing_location,medium,1,SELF_CORRECTION,0,Missing tools: ['search_apartments'],search_apartments,,search_apartments,,,,,
text_s2_full100_v3,housing_13,housing_location,medium,2,,0,"Missing tools: ['update_search_filter', 'update_search_filter']",update_search_filter|update_search_filter,,update_search_filter|update_search_filter,,,,,timeout waiting for FINAL
text_s2_full100_v3,housing_14,housing_location,medium,1,FILLER,0,Wrong arguments for: ['search_apartments'],search_apartments,search_apartments,,,,,,
text_s2_full100_v3,housing_14,housing_location,medium,1,FILLER,0,Wrong arguments for: ['search_apartments'],search_apartments,search_apartments,,,,,,
text_s2_full100_v3,housing_15,housing_location,medium,1,FALSE_START,0,Wrong arguments for: ['search_apartments'],search_apartments,search_apartments,,,,,,
text_s2_full100_v3,housing_15,housing_location,medium,1,FALSE_START,0,Wrong arguments for: ['search_apartments'],search_apartments,search_apartments,,,,,,
text_s2_full100_v3,housing_17,housing_location,medium,1,SELF_CORRECTION,1,,calculate_commute,calculate_commute,,,,,,
text_s2_full100_v3,housing_17,housing_location,medium,1,SELF_CORRECTION,1,,calculate_commute,calculate_commute,,,,,,
text_s2_full100_v3,housing_18,housing_location,hard,2,,0,Wrong arguments for: ['calculate_commute'],search_apartments|calculate_commute,search_apartments|calculate_commute,,,,,,
text_s2_full100_v3,housing_19,housing_location,hard,1,SELF_CORRECTION,1,,calculate_commute,calculate_commute,,,,,,
text_s2_full100_v3,housing_20,housing_location,hard,3,,0,"Missing tools: ['calculate_commute', 'update_search_filter']",search_apartments|calculate_commute|update_search_filter,search_apartments,calculate_commute|update_search_filter,,,,,
text_s2_full100_v3,housing_21,housing_location,hard,2,SELF_CORRECTION,0,"Missing tools: ['search_apartments', 'calculate_commute']",search_apartments|calculate_commute,,search_apartments|calculate_commute,,,,,
text_s2_full100_v3,housing_22,housing_location,hard,3,FILLER,0,"Wrong arguments for: ['update_search_filter', 'calculate_commute']",update_search_filter|search_apartments|calculate_commute,update_search_filter|search_apartments|calculate_commute,,,,,,
text_s2_full100_v3,housing_24,housing_location,hard,3,PAUSE|FILLER,0,"Missing tools: ['search_apartments', 'calculate_commute']",update_search_filter|search_apartments|calculate_commute,update_search_filter,search_apartments|calculate_commute,,,,,
text_s2_full100_v3,housing_24,housing_location,hard,3,PAUSE|FILLER,0,"Missing tools: ['search_apartments', 'calculate_commute']",update_search_filter|search_apartments|calculate_commute,update_search_filter,search_apartments|calculate_commute,,,,,
text_s2_full100_v3,housing_25,housing_location,hard,3,SELF_CORRECTION,0,Missing tools: ['search_apartments'],update_search_filter|update_search_filter|search_apartments,update_search_filter|update_search_filter,search_apartments,,,,,
text_s2_full100_v3,travel_01,travel_identity,easy,1,,1,,search_flights,search_flights,,,,,,
text_s2_full100_v3,travel_02,travel_identity,easy,1,,0,Wrong arguments for: ['update_identity_doc'],update_identity_doc,update_identity_doc,,,,,,
text_s2_full100_v3,travel_03,travel_identity,easy,1,FILLER,1,,search_flights,search_flights,,,,,,
text_s2_full100_v3,travel_03,travel_identity,easy,1,FILLER,1,,search_flights,search_flights,,,,,,
text_s2_full100_v3,travel_05,travel_identity,easy,1,FILLER|HESITATION,1,,search_flights,search_flights,,,,,,
text_s2_full100_v3,travel_07,travel_identity,easy,1,,1,,update_identity_doc,update_identity_doc,,,,,,
text_s2_full100_v3,travel_07,travel_identity,easy,1,,0,Missing tools: ['update_identity_doc'],update_identity_doc,,update_identity_doc,,,,,
text_s2_full100_v3,travel_08,travel_identity,easy,1,FALSE_START,1,,search_flights,search_flights,,,,,,
text_s2_full100_v3,travel_10,travel_identity,medium,1,FILLER|SELF_CORRECTION,1,,search_flights,search_flights,,,,,,
text_s2_full100_v3,travel_11,travel_identity,medium,2,,1,,search_flights|book_flight,search_flights|book_flight,,,,,,
text_s2_full100_v3,travel_14,travel_identity,medium,1,HESITATION|PAUSE,1,,search_flights,search_flights,,,,,,
text_s2_full100_v3,travel_16,travel_identity,medium,1,FILLER,0,Wrong arguments for: ['search_flights'],search_flights,search_flights,,,,,,
text_s2_full100_v3,travel_18,travel_identity,hard,3,FILLER,0,Wrong arguments for: ['search_flights'],search_flights|book_flight|update_identity_doc,search_flights|book_flight|update_identity_doc,,,,,,
text_s2_full100_v3,travel_19,travel_identity,hard,1,SELF_CORRECTION,1,,search_flights,search_flights,,,,,,
text_s2_full100_v3,travel_20,travel_identity,hard,3,,1,,search_flights|book_flight|update_identity_doc,search_flights|book_flight|update_identity_doc,,,,,,
text_s2_full100_v3,travel_21,travel_identity,hard,3,PAUSE|FILLER,0,Wrong arguments for: ['search_flights'],search_flights|book_flight|update_identity_doc,search_flights|book_flight|update_identity_doc,,,,,,
text_s2_full100_v3,travel_21,travel_identity,hard,3,PAUSE|FILLER,0,Wrong arguments for: ['search_flights'],search_flights|book_flight|update_identity_doc,search_flights|book_flight|update_identity_doc,,,,,,
text_s2_full100_v3,travel_23,travel_identity,hard,2,FILLER,1,,update_identity_doc|update_identity_doc,update_identity_doc|update_identity_doc,,,,,,
text_s2_full100_v3,travel_23,travel_identity,hard,2,FILLER,1,,update_identity_doc|update_identity_doc,update_identity_doc|update_identity_doc,,,,,,
text_s2_full100_v3,travel_24,travel_identity,hard,3,,1,,search_flights|book_flight|update_identity_doc,search_flights|book_flight|update_identity_doc,,,,,,
text_s2_full100_validation,ecommerce_01,ecommerce_support,easy,1,,1,,track_order,track_order,,,,,,
text_s2_full100_validation,ecommerce_01,ecommerce_support,easy,1,,1,,track_order,track_order,,,,,,
text_s2_full100_validation,ecommerce_02,ecommerce_support,easy,1,,1,,search_products,search_products,,,,,,
text_s2_full100_validation,ecommerce_04,ecommerce_support,easy,1,PAUSE,1,,track_order,track_order,,,,,,
text_s2_full100_validation,ecommerce_05,ecommerce_support,easy,1,FILLER|HESITATION,1,,search_products,search_products,,,,,,
text_s2_full100_validation,ecommerce_06,ecommerce_support,easy,1,,1,,add_to_cart,add_to_cart,,,,,,
text_s2_full100_validation,ecommerce_07,ecommerce_support,easy,1,FALSE_START,1,,track_order,track_order,,,,,,
text_s2_full100_validation,ecommerce_08,ecommerce_support,easy,1,PAUSE,0,Wrong arguments for: ['search_products'],search_products,search_products,,,,,,
text_s2_full100_validation,ecommerce_08,ecommerce_support,easy,1,PAUSE,0,Wrong arguments for: ['search_products'],search_products,search_products,,,,,,
text_s2_full100_validation,ecommerce_09,ecommerce_support,medium,1,SELF_CORRECTION,1,,search_products,search_products,,,,,,
text_s2_full100_validation,ecommerce_10,ecommerce_support,medium,2,,1,,track_order|search_products,track_order|search_products,,,,,,
text_s2_full100_validation,ecommerce_11,ecommerce_support,medium,1,SELF_CORRECTION,1,,add_to_cart,add_to_cart,,,,,,
text_s2_full100_validation,ecommerce_12,ecommerce_support,medium,1,HESITATION|PAUSE,0,Wrong arguments for: ['search_products'],search_products,search_products,,,,,,
text_s2_full100_validation,ecommerce_13,ecommerce_support,medium,2,,1,,add_to_cart|track_order,add_to_cart|track_order,,,,,,
text_s2_full100_validation,ecommerce_13,ecommerce_support,medium,2,,1,,add_to_cart|track_order,add_to_cart|track_order,,,,,,
text_s2_full100_validation,ecommerce_14,ecommerce_support,medium,1,FILLER,1,,add_to_cart,add_to_cart,,,,,,
text_s2_full100_validation,ecommerce_14,ecommerce_support,medium,1,FILLER,1,,add_to_cart,add_to_cart,,,,,,
text_s2_full100_validation,ecommerce_15,ecommerce_support,medium,1,FILLER|PAUSE,1,,track_order,track_order,,,,,,
text_s2_full100_validation,ecommerce_15,ecommerce_support,medium,1,FILLER|PAUSE,1,,track_order,track_order,,,,,,
text_s2_full100_validation,ecommerce_16,ecommerce_support,medium,1,HESITATION|PAUSE,1,,search_products,search_products,,,,,,
text_s2_full100_validation,ecommerce_17,ecommerce_support,medium,1,FALSE_START,1,,track_order,track_order,,,,,,
text_s2_full100_validation,ecommerce_18,ecommerce_support,hard,3,,0,Missing tools: ['add_to_cart'],search_products|add_to_cart|track_order,search_products|track_order,add_to_cart,,,,,
text_s2_full100_validation,ecommerce_19,ecommerce_support,hard,2,SELF_CORRECTION,1,,search_products|add_to_cart,search_products|add_to_cart,,,,,,
text_s2_full100_validation,ecommerce_20,ecommerce_support,hard,2,,0,Unexpected tools: ['track_order'],search_products|add_to_cart,search_products|add_to_cart|track_order,,track_order,,,,
text_s2_full100_validation,ecommerce_21,ecommerce_support,hard,3,FILLER,0,Wrong arguments for: ['search_products'],track_order|search_products|add_to_cart,track_order|search_products|add_to_cart,,,,,,
text_s2_full100_validation,ecommerce_21,ecommerce_support,hard,3,FILLER,0,Wrong arguments for: ['search_products'],track_order|search_products|add_to_cart,track_order|search_products|add_to_cart,,,,,,
text_s2_full100_validation,ecommerce_23,ecommerce_support,hard,2,,1,,track_order|add_to_cart,track_order|add_to_cart,,,,,,
text_s2_full100_validation,ecommerce_25,ecommerce_support,hard,3,FALSE_START,1,,track_order|search_products|add_to_cart,track_order|search_products|add_to_cart,,,,,,
text_s2_full100_validation,ecommerce_25,ecommerce_support,hard,3,FALSE_START,1,,track_order|search_products|add_to_cart,track_order|search_products|add_to_cart,,,,,,
text_s2_full100_validation,finance_01,finance_billing,easy,1,,1,,get_exchange_rate,get_exchange_rate,,,,,,
text_s2_full100_validation,finance_01,finance_billing,easy,1,,1,,get_exchange_rate,get_exchange_rate,,,,,,
text_s2_full100_validation,finance_02,finance_billing,easy,1,,1,,get_card_benefits,get_card_benefits,,,,,,
text_s2_full100_validation,finance_03,finance_billing,easy,1,FILLER,0,Wrong arguments for: ['modify_autopay'],modify_autopay,modify_autopay,,,,,,
text_s2_full100_validation,finance_03,finance_billing,easy,1,FILLER,1,,modify_autopay,modify_autopay,,,,,,
text_s2_full100_validation,finance_04,finance_billing,easy,1,PAUSE,1,,get_exchange_rate,get_exchange_rate,,,,,,
text_s2_full100_validation,finance_06,finance_billing,easy,1,FILLER|PAUSE,1,,get_card_benefits,get_card_benefits,,,,,,
text_s2_full100_validation,finance_07,finance_billing,easy,1,FALSE_START,1,,modify_autopay,modify_autopay,,,,,,
text_s2_full100_validation,finance_07,finance_billing,easy,1,FALSE_START,1,,modify_autopay,modify_autopay,,,,,,
text_s2_full100_validation,finance_08,finance_billing,easy,1,HESITATION,1,,get_exchange_rate,get_exchange_rate,,,,,,
text_s2_full100_validation,finance_08,finance_billing,easy,1,HESITATION,1,,get_exchange_rate,get_exchange_rate,,,,,,
text_s2_full100_validation,finance_10,finance_billing,medium,2,,0,Missing tools: ['get_exchange_rate'],get_card_benefits|get_exchange_rate,get_card_benefits,get_exchange_rate,,,,,
text_s2_full100_validation,finance_11,finance_billing,medium,1,FILLER,0,Wrong arguments for: ['modify_autopay'],modify_autopay,modify_autopay,,,,,,
text_s2_full100_validation,finance_12,finance_billing,medium,1,SELF_CORRECTION,1,,get_exchange_rate,get_exchange_rate,,,,,,
text_s2_full100_validation,finance_12,finance_billing,medium,1,SELF_CORRECTION,1,,get_exchange_rate,get_exchange_rate,,,,,,
text_s2_full100_validation,finance_14,finance_billing,medium,2,,0,"Wrong arguments for: ['get_exchange_rate', 'get_exchange_rate']",get_exchange_rate|get_exchange_rate,get_exchange_rate|get_exchange_rate,,,,,,
text_s2_full100_validation,finance_15,finance_billing,medium,1,SELF_CORRECTION,1,,modify_autopay,modify_autopay,,,,,,
text_s2_full100_validation,finance_16,finance_billing,medium,1,HESITATION|PAUSE,1,,get_exchange_rate,get_exchange_rate,,,,,,
text_s2_full100_validation,finance_17,finance_billing,medium,1,FALSE_START,1,,get_card_benefits,get_card_benefits,,,,,,
text_s2_full100_validation,finance_18,finance_billing,hard,3,,1,,get_exchange_rate|modify_autopay|get_card_benefits,get_exchange_rate|modify_autopay|get_card_benefits,,,,,,
text_s2_full100_validation,finance_19,finance_billing,hard,1,SELF_CORRECTION,1,,get_exchange_rate,get_exchange_rate,,,,,,
text_s2_full100_validation,finance_20,finance_billing,hard,2,,1,,get_exchange_rate|modify_autopay,get_exchange_rate|modify_autopay,,,,,,
text_s2_full100_validation,finance_21,finance_billing,hard,2,FILLER,0,Wrong arguments for: ['get_exchange_rate'],get_card_benefits|get_exchange_rate,get_card_benefits|get_exchange_rate,,,,,,
text_s2_full100_validation,finance_22,finance_billing,hard,2,FILLER,0,Missing tools: ['modify_autopay'],modify_autopay|modify_autopay,modify_autopay,modify_autopay,,,,,
text_s2_full100_validation,finance_23,finance_billing,hard,1,FALSE_START|SELF_CORRECTION,1,,modify_autopay,modify_autopay,,,,,,
text_s2_full100_validation,housing_01,housing_location,easy,1,,1,,search_apartments,search_apartments,,,,,,
text_s2_full100_validation,housing_02,housing_location,easy,1,,1,,calculate_commute,calculate_commute,,,,,,
text_s2_full100_validation,housing_03,housing_location,easy,1,FILLER,0,Wrong arguments for: ['update_search_filter'],update_search_filter,update_search_filter,,,,,,
text_s2_full100_validation,housing_04,housing_location,easy,1,PAUSE,1,,search_apartments,search_apartments,,,,,,
text_s2_full100_validation,housing_05,housing_location,easy,1,HESITATION|PAUSE,0,Wrong arguments for: ['search_apartments'],search_apartments,search_apartments,,,,,,
text_s2_full100_validation,housing_05,housing_location,easy,1,HESITATION|PAUSE,0,Wrong arguments for: ['search_apartments'],search_apartments,search_apartments,,,,,,
text_s2_full100_validation,housing_06,housing_location,easy,1,,0,Wrong arguments for: ['calculate_commute'],calculate_commute,calculate_commute,,,,,,
text_s2_full100_validation,housing_08,housing_location,easy,1,FALSE_START,0,Wrong arguments for: ['update_search_filter'],update_search_filter,update_search_filter,,,,,,
text_s2_full100_validation,housing_09,housing_location,medium,1,SELF_CORRECTION,1,,search_apartments,search_apartments,,,,,,
text_s2_full100_validation,housing_10,housing_location,medium,2,,0,"Wrong arguments for: ['calculate_commute', 'update_search_filter']",calculate_commute|update_search_filter,calculate_commute|update_search_filter,,,,,,
text_s2_full100_validation,housing_11,housing_location,medium,1,SELF_CORRECTION,0,Missing tools: ['search_apartments'],search_apartments,,search_apartments,,,,,
text_s2_full100_validation,housing_13,housing_location,medium,2,,0,"Missing tools: ['update_search_filter', 'update_search_filter']",update_search_filter|update_search_filter,,update_search_filter|update_search_filter,,,,,timeout waiting for FINAL
text_s2_full100_validation,housing_14,housing_location,medium,1,FILLER,0,Wrong arguments for: ['search_apartments'],search_apartments,search_apartments,,,,,,
text_s2_full100_validation,housing_14,housing_location,medium,1,FILLER,0,Wrong arguments for: ['search_apartments'],search_apartments,search_apartments,,,,,,
text_s2_full100_validation,housing_15,housing_location,medium,1,FALSE_START,0,Wrong arguments for: ['search_apartments'],search_apartments,search_apartments,,,,,,
text_s2_full100_validation,housing_15,housing_location,medium,1,FALSE_START,0,Wrong arguments for: ['search_apartments'],search_apartments,search_apartments,,,,,,
text_s2_full100_validation,housing_17,housing_location,medium,1,SELF_CORRECTION,1,,calculate_commute,calculate_commute,,,,,,
text_s2_full100_validation,housing_17,housing_location,medium,1,SELF_CORRECTION,1,,calculate_commute,calculate_commute,,,,,,
text_s2_full100_validation,housing_18,housing_location,hard,2,,0,Wrong arguments for: ['calculate_commute'],search_apartments|calculate_commute,search_apartments|calculate_commute,,,,,,
text_s2_full100_validation,housing_19,housing_location,hard,1,SELF_CORRECTION,1,,calculate_commute,calculate_commute,,,,,,
text_s2_full100_validation,housing_20,housing_location,hard,3,,0,"Missing tools: ['calculate_commute', 'update_search_filter']",search_apartments|calculate_commute|update_search_filter,search_apartments,calculate_commute|update_search_filter,,,,,timeout waiting for FINAL
text_s2_full100_validation,housing_21,housing_location,hard,2,SELF_CORRECTION,0,"Missing tools: ['search_apartments', 'calculate_commute']",search_apartments|calculate_commute,,search_apartments|calculate_commute,,,,,
text_s2_full100_validation,housing_22,housing_location,hard,3,FILLER,0,"Wrong arguments for: ['update_search_filter', 'calculate_commute']",update_search_filter|search_apartments|calculate_commute,update_search_filter|search_apartments|calculate_commute,,,,,,
text_s2_full100_validation,housing_24,housing_location,hard,3,PAUSE|FILLER,0,"Missing tools: ['search_apartments', 'calculate_commute']",update_search_filter|search_apartments|calculate_commute,update_search_filter,search_apartments|calculate_commute,,,,,
text_s2_full100_validation,housing_24,housing_location,hard,3,PAUSE|FILLER,0,"Missing tools: ['search_apartments', 'calculate_commute']",update_search_filter|search_apartments|calculate_commute,update_search_filter,search_apartments|calculate_commute,,,,,
text_s2_full100_validation,housing_25,housing_location,hard,3,SELF_CORRECTION,0,Missing tools: ['search_apartments'],update_search_filter|update_search_filter|search_apartments,update_search_filter|update_search_filter,search_apartments,,,,,
text_s2_full100_validation,travel_01,travel_identity,easy,1,,0,Wrong arguments for: ['search_flights'],search_flights,search_flights,,,,,,
text_s2_full100_validation,travel_02,travel_identity,easy,1,,0,Wrong arguments for: ['update_identity_doc'],update_identity_doc,update_identity_doc,,,,,,
text_s2_full100_validation,travel_03,travel_identity,easy,1,FILLER,0,Wrong arguments for: ['search_flights'],search_flights,search_flights,,,,,,
text_s2_full100_validation,travel_03,travel_identity,easy,1,FILLER,0,Wrong arguments for: ['search_flights'],search_flights,search_flights,,,,,,
text_s2_full100_validation,travel_05,travel_identity,easy,1,FILLER|HESITATION,0,Wrong arguments for: ['search_flights'],search_flights,search_flights,,,,,,
text_s2_full100_validation,travel_07,travel_identity,easy,1,,1,,update_identity_doc,update_identity_doc,,,,,,
text_s2_full100_validation,travel_07,travel_identity,easy,1,,1,,update_identity_doc,update_identity_doc,,,,,,
text_s2_full100_validation,travel_08,travel_identity,easy,1,FALSE_START,0,Wrong arguments for: ['search_flights'],search_flights,search_flights,,,,,,
text_s2_full100_validation,travel_10,travel_identity,medium,1,FILLER|SELF_CORRECTION,0,Wrong arguments for: ['search_flights'],search_flights,search_flights,,,,,,
text_s2_full100_validation,travel_11,travel_identity,medium,2,,0,Wrong arguments for: ['search_flights'],search_flights|book_flight,search_flights|book_flight,,,,,,
text_s2_full100_validation,travel_14,travel_identity,medium,1,HESITATION|PAUSE,0,Wrong arguments for: ['search_flights'],search_flights,search_flights,,,,,,
text_s2_full100_validation,travel_16,travel_identity,medium,1,FILLER,0,Wrong arguments for: ['search_flights'],search_flights,search_flights,,,,,,
text_s2_full100_validation,travel_18,travel_identity,hard,3,FILLER,0,Wrong arguments for: ['search_flights'],search_flights|book_flight|update_identity_doc,search_flights|book_flight|update_identity_doc,,,,,,
text_s2_full100_validation,travel_19,travel_identity,hard,1,SELF_CORRECTION,0,Wrong arguments for: ['search_flights'],search_flights,search_flights,,,,,,
text_s2_full100_validation,travel_20,travel_identity,hard,3,,0,Wrong arguments for: ['search_flights'],search_flights|book_flight|update_identity_doc,search_flights|book_flight|update_identity_doc,,,,,,
text_s2_full100_validation,travel_21,travel_identity,hard,3,PAUSE|FILLER,0,Wrong arguments for: ['search_flights'],search_flights|book_flight|update_identity_doc,search_flights|book_flight|update_identity_doc,,,,,,
text_s2_full100_validation,travel_21,travel_identity,hard,3,PAUSE|FILLER,0,Wrong arguments for: ['search_flights'],search_flights|book_flight|update_identity_doc,search_flights|book_flight|update_identity_doc,,,,,,
text_s2_full100_validation,travel_23,travel_identity,hard,2,FILLER,1,,update_identity_doc|update_identity_doc,update_identity_doc|update_identity_doc,,,,,,
text_s2_full100_validation,travel_23,travel_identity,hard,2,FILLER,1,,update_identity_doc|update_identity_doc,update_identity_doc|update_identity_doc,,,,,,
text_s2_full100_validation,travel_24,travel_identity,hard,3,,0,Wrong arguments for: ['search_flights'],search_flights|book_flight|update_identity_doc,search_flights|book_flight|update_identity_doc,,,,,,
text_s2_housing13_after_fix,housing_13,housing_location,medium,2,,0,"Missing tools: ['update_search_filter', 'update_search_filter']",update_search_filter|update_search_filter,,update_search_filter|update_search_filter,,,,,timeout waiting for FINAL
text_s2_housing13_after_fix2,housing_13,housing_location,medium,2,,0,"Missing tools: ['update_search_filter', 'update_search_filter']",update_search_filter|update_search_filter,,update_search_filter|update_search_filter,,,,,timeout waiting for FINAL
text_s2_validation_20,ecommerce_01,ecommerce_support,easy,1,,1,,track_order,track_order,,,,,,
text_s2_validation_20,ecommerce_01,ecommerce_support,easy,1,,1,,track_order,track_order,,,,,,
text_s2_validation_20,ecommerce_02,ecommerce_support,easy,1,,1,,search_products,search_products,,,,,,
text_s2_validation_20,ecommerce_04,ecommerce_support,easy,1,PAUSE,1,,track_order,track_order,,,,,,
text_s2_validation_20,ecommerce_05,ecommerce_support,easy,1,FILLER|HESITATION,0,Wrong arguments for: ['search_products'],search_products,search_products,,,,,,
text_s2_validation_20,ecommerce_06,ecommerce_support,easy,1,,1,,add_to_cart,add_to_cart,,,,,,
text_s2_validation_20,ecommerce_07,ecommerce_support,easy,1,FALSE_START,1,,track_order,track_order,,,,,,
text_s2_validation_20,ecommerce_08,ecommerce_support,easy,1,PAUSE,0,Wrong arguments for: ['search_products'],search_products,search_products,,,,,,
text_s2_validation_20,ecommerce_08,ecommerce_support,easy,1,PAUSE,0,Wrong arguments for: ['search_products'],search_products,search_products,,,,,,
text_s2_validation_20,ecommerce_09,ecommerce_support,medium,1,SELF_CORRECTION,1,,search_products,search_products,,,,,,
text_s2_validation_20,ecommerce_10,ecommerce_support,medium,2,,1,,track_order|search_products,track_order|search_products,,,,,,
text_s2_validation_20,ecommerce_11,ecommerce_support,medium,1,SELF_CORRECTION,1,,add_to_cart,add_to_cart,,,,,,
text_s2_validation_20,ecommerce_12,ecommerce_support,medium,1,HESITATION|PAUSE,0,Wrong arguments for: ['search_products'],search_products,search_products,,,,,,
text_s2_validation_20,ecommerce_13,ecommerce_support,medium,2,,0,"Missing tools: ['add_to_cart', 'track_order']",add_to_cart|track_order,,add_to_cart|track_order,,,,,
text_s2_validation_20,ecommerce_13,ecommerce_support,medium,2,,1,,add_to_cart|track_order,add_to_cart|track_order,,,,,,
text_s2_validation_20,ecommerce_14,ecommerce_support,medium,1,FILLER,1,,add_to_cart,add_to_cart,,,,,,
text_s2_validation_20,ecommerce_14,ecommerce_support,medium,1,FILLER,1,,add_to_cart,add_to_cart,,,,,,
text_s2_validation_20,ecommerce_15,ecommerce_support,medium,1,FILLER|PAUSE,1,,track_order,track_order,,,,,,
text_s2_validation_20,ecommerce_15,ecommerce_support,medium,1,FILLER|PAUSE,1,,track_order,track_order,,,,,,
text_s2_validation_20,ecommerce_16,ecommerce_support,medium,1,HESITATION|PAUSE,1,,search_products,search_products,,,,,,
text_s2_validation_housing11,housing_11,housing_location,medium,1,SELF_CORRECTION,0,Missing tools: ['search_apartments'],search_apartments,,search_apartments,,,,,
text_s2_validation_housing13,housing_13,housing_location,medium,2,,0,"Missing tools: ['update_search_filter', 'update_search_filter']",update_search_filter|update_search_filter,,update_search_filter|update_search_filter,,,,,timeout waiting for FINAL
text_s2_validation_housing13_retry,housing_13,housing_location,medium,2,,0,"Missing tools: ['update_search_filter', 'update_search_filter']",update_search_filter|update_search_filter,,update_search_filter|update_search_filter,,,,,timeout waiting for FINAL
text_s3_full100_A,ecommerce_01,ecommerce_support,easy,1,,1,,track_order,track_order,,,3.327,1.664,4.588,
text_s3_full100_A,ecommerce_01,ecommerce_support,easy,1,,1,,track_order,track_order,,,3.327,1.664,4.588,
text_s3_full100_A,ecommerce_02,ecommerce_support,easy,1,,1,,search_products,search_products,,,2.973,1.662,4.736,
text_s3_full100_A,ecommerce_04,ecommerce_support,easy,1,PAUSE,1,,track_order,track_order,,,2.67,1.311,3.78,
text_s3_full100_A,ecommerce_05,ecommerce_support,easy,1,FILLER|HESITATION,1,,search_products,search_products,,,2.57,1.361,3.78,
text_s3_full100_A,ecommerce_06,ecommerce_support,easy,1,,1,,add_to_cart,add_to_cart,,,2.923,1.512,4.435,
text_s3_full100_A,ecommerce_07,ecommerce_support,easy,1,FALSE_START,1,,track_order,track_order,,,3.122,1.814,4.232,
text_s3_full100_A,ecommerce_08,ecommerce_support,easy,1,PAUSE,0,Wrong arguments for: ['search_products'],search_products,search_products,,,2.622,1.513,4.184,
text_s3_full100_A,ecommerce_08,ecommerce_support,easy,1,PAUSE,0,Wrong arguments for: ['search_products'],search_products,search_products,,,2.622,1.513,4.184,
text_s3_full100_A,ecommerce_09,ecommerce_support,medium,1,SELF_CORRECTION,1,,search_products,search_products,,,3.071,1.661,4.385,
text_s3_full100_A,ecommerce_10,ecommerce_support,medium,2,,1,,track_order|search_products,track_order|search_products,,,3.321,1.663,4.835,
text_s3_full100_A,ecommerce_11,ecommerce_support,medium,1,SELF_CORRECTION,1,,add_to_cart,add_to_cart,,,2.873,1.312,4.034,
text_s3_full100_A,ecommerce_12,ecommerce_support,medium,1,HESITATION|PAUSE,0,Wrong arguments for: ['search_products'],search_products,search_products,,,2.473,1.312,3.783,
text_s3_full100_A,ecommerce_13,ecommerce_support,medium,2,,1,,add_to_cart|track_order,add_to_cart|track_order,,,2.873,1.612,4.838,
text_s3_full100_A,ecommerce_13,ecommerce_support,medium,2,,1,,add_to_cart|track_order,add_to_cart|track_order,,,2.873,1.612,4.838,
text_s3_full100_A,ecommerce_14,ecommerce_support,medium,1,FILLER,1,,add_to_cart,add_to_cart,,,3.428,1.916,4.738,
text_s3_full100_A,ecommerce_14,ecommerce_support,medium,1,FILLER,1,,add_to_cart,add_to_cart,,,3.428,1.916,4.738,
text_s3_full100_A,ecommerce_15,ecommerce_support,medium,1,FILLER|PAUSE,1,,track_order,track_order,,,2.871,1.561,4.032,
text_s3_full100_A,ecommerce_15,ecommerce_support,medium,1,FILLER|PAUSE,1,,track_order,track_order,,,2.871,1.561,4.032,
text_s3_full100_A,ecommerce_16,ecommerce_support,medium,1,HESITATION|PAUSE,1,,search_products,search_products,,,2.672,1.362,3.883,
text_s3_full100_A,ecommerce_17,ecommerce_support,medium,1,FALSE_START,1,,track_order,track_order,,,2.871,1.361,4.032,
text_s3_full100_A,ecommerce_18,ecommerce_support,hard,3,,1,,search_products|add_to_cart|track_order,search_products|track_order|add_to_cart,,,3.423,1.561,4.934,
text_s3_full100_A,ecommerce_19,ecommerce_support,hard,2,SELF_CORRECTION,1,,search_products|add_to_cart,search_products|add_to_cart,,,2.821,1.512,4.186,
text_s3_full100_A,ecommerce_20,ecommerce_support,hard,2,,0,Unexpected tools: ['track_order'],search_products|add_to_cart,search_products|track_order|add_to_cart,,track_order,3.668,1.86,5.429,
text_s3_full100_A,ecommerce_21,ecommerce_support,hard,3,FILLER,0,Wrong arguments for: ['search_products'],track_order|search_products|add_to_cart,track_order|search_products|add_to_cart,,,3.366,1.658,5.025,
text_s3_full100_A,ecommerce_21,ecommerce_support,hard,3,FILLER,0,Wrong arguments for: ['search_products'],track_order|search_products|add_to_cart,track_order|search_products|add_to_cart,,,3.366,1.658,5.025,
text_s3_full100_A,ecommerce_23,ecommerce_support,hard,2,,1,,track_order|add_to_cart,track_order|add_to_cart,,,3.068,1.712,4.277,
text_s3_full100_A,ecommerce_25,ecommerce_support,hard,3,FALSE_START,1,,track_order|search_products|add_to_cart,track_order|search_products|add_to_cart,,,3.518,2.109,5.033,
text_s3_full100_A,ecommerce_25,ecommerce_support,hard,3,FALSE_START,1,,track_order|search_products|add_to_cart,track_order|search_products|add_to_cart,,,3.518,2.109,5.033,
text_s3_full100_A,finance_01,finance_billing,easy,1,,1,,get_exchange_rate,get_exchange_rate,,,3.371,1.812,4.984,
text_s3_full100_A,finance_01,finance_billing,easy,1,,1,,get_exchange_rate,get_exchange_rate,,,3.371,1.812,4.984,
text_s3_full100_A,finance_02,finance_billing,easy,1,,1,,get_card_benefits,get_card_benefits,,,2.769,1.46,3.879,
text_s3_full100_A,finance_03,finance_billing,easy,1,FILLER,1,,modify_autopay,modify_autopay,,,2.774,1.564,4.185,
text_s3_full100_A,finance_03,finance_billing,easy,1,FILLER,1,,modify_autopay,modify_autopay,,,2.774,1.564,4.185,
text_s3_full100_A,finance_04,finance_billing,easy,1,PAUSE,1,,get_exchange_rate,get_exchange_rate,,,2.816,1.46,4.325,
text_s3_full100_A,finance_06,finance_billing,easy,1,FILLER|PAUSE,1,,get_card_benefits,get_card_benefits,,,2.972,1.36,4.03,
text_s3_full100_A,finance_07,finance_billing,easy,1,FALSE_START,1,,modify_autopay,modify_autopay,,,2.974,1.409,4.186,
text_s3_full100_A,finance_07,finance_billing,easy,1,FALSE_START,1,,modify_autopay,modify_autopay,,,2.974,1.409,4.186,
text_s3_full100_A,finance_08,finance_billing,easy,1,HESITATION,1,,get_exchange_rate,get_exchange_rate,,,3.023,1.411,4.383,
text_s3_full100_A,finance_08,finance_billing,easy,1,HESITATION,1,,get_exchange_rate,get_exchange_rate,,,3.023,1.411,4.383,
text_s3_full100_A,finance_10,finance_billing,medium,2,,1,,get_card_benefits|get_exchange_rate,get_card_benefits|get_exchange_rate,,,3.475,1.463,5.238,
text_s3_full100_A,finance_11,finance_billing,medium,1,FILLER,1,,modify_autopay,modify_autopay,,,2.57,1.211,3.679,
text_s3_full100_A,finance_12,finance_billing,medium,1,SELF_CORRECTION,1,,get_exchange_rate,get_exchange_rate,,,3.426,1.764,4.586,
text_s3_full100_A,finance_12,finance_billing,medium,1,SELF_CORRECTION,0,Missing tools: ['get_exchange_rate'],get_exchange_rate,,get_exchange_rate,,3.426,1.764,4.586,
text_s3_full100_A,finance_14,finance_billing,medium,2,,1,,get_exchange_rate|get_exchange_rate,get_exchange_rate|get_exchange_rate,,,3.679,2.017,5.192,
text_s3_full100_A,finance_15,finance_billing,medium,1,SELF_CORRECTION,0,Wrong arguments for: ['modify_autopay'],modify_autopay,modify_autopay,,,2.922,1.763,4.282,
text_s3_full100_A,finance_16,finance_billing,medium,1,HESITATION|PAUSE,1,,get_exchange_rate,get_exchange_rate,,,2.771,1.361,4.082,
text_s3_full100_A,finance_17,finance_billing,medium,1,FALSE_START,1,,get_card_benefits,get_card_benefits,,,2.62,1.261,3.629,
text_s3_full100_A,finance_18,finance_billing,hard,3,,1,,get_exchange_rate|modify_autopay|get_card_benefits,get_exchange_rate|modify_autopay|get_card_benefits,,,3.375,1.613,4.989,
text_s3_full100_A,finance_19,finance_billing,hard,1,SELF_CORRECTION,1,,get_exchange_rate,get_exchange_rate,,,2.973,1.613,4.434,
text_s3_full100_A,finance_20,finance_billing,hard,2,,0,Wrong arguments for: ['modify_autopay'],get_exchange_rate|modify_autopay,get_exchange_rate|modify_autopay,,,3.527,1.965,5.242,
text_s3_full100_A,finance_21,finance_billing,hard,2,FILLER,0,Wrong arguments for: ['get_exchange_rate'],get_card_benefits|get_exchange_rate,get_card_benefits|get_exchange_rate,,,3.578,1.815,5.091,
text_s3_full100_A,finance_22,finance_billing,hard,2,FILLER,1,,modify_autopay|modify_autopay,modify_autopay|modify_autopay,,,3.426,1.865,4.738,
text_s3_full100_A,finance_23,finance_billing,hard,1,FALSE_START|SELF_CORRECTION,1,,modify_autopay,modify_autopay,,,3.879,1.864,5.292,
text_s3_full100_A,housing_01,housing_location,easy,1,,1,,search_apartments,search_apartments,,,3.223,1.561,4.935,
text_s3_full100_A,housing_02,housing_location,easy,1,,1,,calculate_commute,calculate_commute,,,3.376,1.563,5.117,
text_s3_full100_A,housing_03,housing_location,easy,1,FILLER,0,Wrong arguments for: ['update_search_filter'],update_search_filter,update_search_filter,,,2.671,1.563,4.307,
text_s3_full100_A,housing_04,housing_location,easy,1,PAUSE,1,,search_apartments,search_apartments,,,7.808,1.764,10.033,
text_s3_full100_A,housing_05,housing_location,easy,1,HESITATION|PAUSE,0,Wrong arguments for: ['search_apartments'],search_apartments,search_apartments,,,2.571,1.361,4.523,
text_s3_full100_A,housing_05,housing_location,easy,1,HESITATION|PAUSE,0,Wrong arguments for: ['search_apartments'],search_apartments,search_apartments,,,2.571,1.361,4.523,
text_s3_full100_A,housing_06,housing_location,easy,1,,0,Wrong arguments for: ['calculate_commute'],calculate_commute,calculate_commute,,,2.973,1.513,4.692,
text_s3_full100_A,housing_08,housing_location,easy,1,FALSE_START,0,Wrong arguments for: ['update_search_filter'],update_search_filter,update_search_filter,,,3.074,1.563,4.402,
text_s3_full100_A,housing_09,housing_location,medium,1,SELF_CORRECTION,1,,search_apartments,search_apartments,,,2.67,1.36,4.105,
text_s3_full100_A,housing_10,housing_location,medium,2,,0,Wrong arguments for: ['calculate_commute'],calculate_commute|update_search_filter,calculate_commute|update_search_filter,,,4.734,1.562,6.802,
text_s3_full100_A,housing_11,housing_location,medium,1,SELF_CORRECTION,0,Missing tools: ['search_apartments'],search_apartments,,search_apartments,,,1.462,15.046,
text_s3_full100_A,housing_13,housing_location,medium,2,,0,"Missing tools: ['update_search_filter', 'update_search_filter']",update_search_filter|update_search_filter,,update_search_filter|update_search_filter,,,3.824,,timeout waiting for FINAL
text_s3_full100_A,housing_14,housing_location,medium,1,FILLER,0,Wrong arguments for: ['search_apartments'],search_apartments,search_apartments,,,3.174,1.663,5.143,
text_s3_full100_A,housing_14,housing_location,medium,1,FILLER,0,Wrong arguments for: ['search_apartments'],search_apartments,search_apartments,,,3.174,1.663,5.143,
text_s3_full100_A,housing_15,housing_location,medium,1,FALSE_START,0,Wrong arguments for: ['search_apartments'],search_apartments,search_apartments,,,2.866,1.259,5.182,
text_s3_full100_A,housing_15,housing_location,medium,1,FALSE_START,0,Wrong arguments for: ['search_apartments'],search_apartments,search_apartments,,,2.866,1.259,5.182,
text_s3_full100_A,housing_17,housing_location,medium,1,SELF_CORRECTION,1,,calculate_commute,calculate_commute,,,4.23,1.914,6.275,
text_s3_full100_A,housing_17,housing_location,medium,1,SELF_CORRECTION,1,,calculate_commute,calculate_commute,,,4.23,1.914,6.275,
text_s3_full100_A,housing_18,housing_location,hard,2,,0,Wrong arguments for: ['calculate_commute'],search_apartments|calculate_commute,search_apartments|calculate_commute,,,4.331,2.367,7.272,
text_s3_full100_A,housing_19,housing_location,hard,1,SELF_CORRECTION,1,,calculate_commute,calculate_commute,,,2.873,1.462,4.712,
text_s3_full100_A,housing_20,housing_location,hard,3,,0,"Wrong arguments for: ['calculate_commute', 'update_search_filter']",search_apartments|calculate_commute|update_search_filter,search_apartments|calculate_commute|update_search_filter,,,3.878,2.066,6.951,
text_s3_full100_A,housing_21,housing_location,hard,2,SELF_CORRECTION,0,"Missing tools: ['search_apartments', 'calculate_commute']",search_apartments|calculate_commute,,search_apartments|calculate_commute,,,1.814,3.525,
text_s3_full100_A,housing_22,housing_location,hard,3,FILLER,0,"Wrong arguments for: ['update_search_filter', 'calculate_commute']",update_search_filter|search_apartments|calculate_commute,update_search_filter|search_apartments|calculate_commute,,,3.778,1.663,6.877,
text_s3_full100_A,housing_24,housing_location,hard,3,PAUSE|FILLER,0,"Missing tools: ['search_apartments', 'calculate_commute']",update_search_filter|search_apartments|calculate_commute,update_search_filter,search_apartments|calculate_commute,,3.777,2.116,15.033,
text_s3_full100_A,housing_24,housing_location,hard,3,PAUSE|FILLER,0,"Missing tools: ['search_apartments', 'calculate_commute']",update_search_filter|search_apartments|calculate_commute,update_search_filter,search_apartments|calculate_commute,,3.777,2.116,15.033,
text_s3_full100_A,housing_25,housing_location,hard,3,SELF_CORRECTION,0,"Missing tools: ['update_search_filter', 'update_search_filter', 'search_apartments']",update_search_filter|update_search_filter|search_apartments,,update_search_filter|update_search_filter|search_apartments,,,2.167,15.047,
text_s3_full100_A,travel_01,travel_identity,easy,1,,1,,search_flights,search_flights,,,2.771,1.562,4.553,
text_s3_full100_A,travel_02,travel_identity,easy,1,,0,Missing tools: ['update_identity_doc'],update_identity_doc,,update_identity_doc,,,1.911,15.04,
text_s3_full100_A,travel_03,travel_identity,easy,1,FILLER,1,,search_flights,search_flights,,,3.476,2.066,5.329,
text_s3_full100_A,travel_03,travel_identity,easy,1,FILLER,1,,search_flights,search_flights,,,3.476,2.066,5.329,
text_s3_full100_A,travel_05,travel_identity,easy,1,FILLER|HESITATION,1,,search_flights,search_flights,,,2.671,1.462,4.717,
text_s3_full100_A,travel_07,travel_identity,easy,1,,0,Wrong arguments for: ['update_identity_doc'],update_identity_doc,update_identity_doc,,,3.073,1.663,4.736,
text_s3_full100_A,travel_07,travel_identity,easy,1,,1,,update_identity_doc,update_identity_doc,,,3.073,1.663,4.736,
text_s3_full100_A,travel_08,travel_identity,easy,1,FALSE_START,1,,search_flights,search_flights,,,3.274,1.562,5.744,
text_s3_full100_A,travel_10,travel_identity,medium,1,FILLER|SELF_CORRECTION,1,,search_flights,search_flights,,,3.173,1.662,5.239,
text_s3_full100_A,travel_11,travel_identity,medium,2,,1,,search_flights|book_flight,search_flights|book_flight,,,3.225,1.664,4.871,
text_s3_full100_A,travel_14,travel_identity,medium,1,HESITATION|PAUSE,1,,search_flights,search_flights,,,3.678,2.066,5.69,
text_s3_full100_A,travel_16,travel_identity,medium,1,FILLER,0,Wrong arguments for: ['search_flights'],search_flights,search_flights,,,3.073,1.562,5.047,
text_s3_full100_A,travel_18,travel_identity,hard,3,FILLER,1,,search_flights|book_flight|update_identity_doc,search_flights|book_flight|update_identity_doc,,,3.728,1.915,5.476,
text_s3_full100_A,travel_19,travel_identity,hard,1,SELF_CORRECTION,1,,search_flights,search_flights,,,2.771,1.461,4.708,
text_s3_full100_A,travel_20,travel_identity,hard,3,,1,,search_flights|book_flight|update_identity_doc,search_flights|book_flight|update_identity_doc,,,3.926,1.961,5.861,
text_s3_full100_A,travel_21,travel_identity,hard,3,PAUSE|FILLER,0,Wrong arguments for: ['search_flights'],search_flights|book_flight|update_identity_doc,search_flights|book_flight|update_identity_doc,,,3.376,1.664,5.512,
text_s3_full100_A,travel_21,travel_identity,hard,3,PAUSE|FILLER,0,Wrong arguments for: ['search_flights'],search_flights|book_flight|update_identity_doc,search_flights|book_flight|update_identity_doc,,,3.376,1.664,5.512,
text_s3_full100_A,travel_23,travel_identity,hard,2,FILLER,1,,update_identity_doc|update_identity_doc,update_identity_doc|update_identity_doc,,,3.277,1.764,4.638,
text_s3_full100_A,travel_23,travel_identity,hard,2,FILLER,1,,update_identity_doc|update_identity_doc,update_identity_doc|update_identity_doc,,,3.277,1.764,4.638,
text_s3_full100_A,travel_24,travel_identity,hard,3,,0,Unexpected tools: ['search_apartments'],search_flights|book_flight|update_identity_doc,search_flights|book_flight|search_apartments|update_identity_doc,,search_apartments,4.178,2.166,7.085,
text_s3_full100_A.judged,ecommerce_01,ecommerce_support,easy,1,,1,,track_order,track_order,,,,,,
text_s3_full100_A.judged,ecommerce_01,ecommerce_support,easy,1,,1,,track_order,track_order,,,,,,
text_s3_full100_A.judged,ecommerce_02,ecommerce_support,easy,1,,1,,search_products,search_products,,,,,,
text_s3_full100_A.judged,ecommerce_04,ecommerce_support,easy,1,PAUSE,1,,track_order,track_order,,,,,,
text_s3_full100_A.judged,ecommerce_05,ecommerce_support,easy,1,FILLER|HESITATION,1,,search_products,search_products,,,,,,
text_s3_full100_A.judged,ecommerce_06,ecommerce_support,easy,1,,1,,add_to_cart,add_to_cart,,,,,,
text_s3_full100_A.judged,ecommerce_07,ecommerce_support,easy,1,FALSE_START,1,,track_order,track_order,,,,,,
text_s3_full100_A.judged,ecommerce_08,ecommerce_support,easy,1,PAUSE,0,Wrong arguments for: ['search_products'],search_products,search_products,,,,,,
text_s3_full100_A.judged,ecommerce_08,ecommerce_support,easy,1,PAUSE,0,Wrong arguments for: ['search_products'],search_products,search_products,,,,,,
text_s3_full100_A.judged,ecommerce_09,ecommerce_support,medium,1,SELF_CORRECTION,1,,search_products,search_products,,,,,,
text_s3_full100_A.judged,ecommerce_10,ecommerce_support,medium,2,,1,,track_order|search_products,track_order|search_products,,,,,,
text_s3_full100_A.judged,ecommerce_11,ecommerce_support,medium,1,SELF_CORRECTION,1,,add_to_cart,add_to_cart,,,,,,
text_s3_full100_A.judged,ecommerce_12,ecommerce_support,medium,1,HESITATION|PAUSE,0,Wrong arguments for: ['search_products'],search_products,search_products,,,,,,
text_s3_full100_A.judged,ecommerce_13,ecommerce_support,medium,2,,1,,add_to_cart|track_order,add_to_cart|track_order,,,,,,
text_s3_full100_A.judged,ecommerce_13,ecommerce_support,medium,2,,1,,add_to_cart|track_order,add_to_cart|track_order,,,,,,
text_s3_full100_A.judged,ecommerce_14,ecommerce_support,medium,1,FILLER,1,,add_to_cart,add_to_cart,,,,,,
text_s3_full100_A.judged,ecommerce_14,ecommerce_support,medium,1,FILLER,1,,add_to_cart,add_to_cart,,,,,,
text_s3_full100_A.judged,ecommerce_15,ecommerce_support,medium,1,FILLER|PAUSE,1,,track_order,track_order,,,,,,
text_s3_full100_A.judged,ecommerce_15,ecommerce_support,medium,1,FILLER|PAUSE,1,,track_order,track_order,,,,,,
text_s3_full100_A.judged,ecommerce_16,ecommerce_support,medium,1,HESITATION|PAUSE,1,,search_products,search_products,,,,,,
text_s3_full100_A.judged,ecommerce_17,ecommerce_support,medium,1,FALSE_START,1,,track_order,track_order,,,,,,
text_s3_full100_A.judged,ecommerce_18,ecommerce_support,hard,3,,1,,search_products|add_to_cart|track_order,search_products|track_order|add_to_cart,,,,,,
text_s3_full100_A.judged,ecommerce_19,ecommerce_support,hard,2,SELF_CORRECTION,1,,search_products|add_to_cart,search_products|add_to_cart,,,,,,
text_s3_full100_A.judged,ecommerce_20,ecommerce_support,hard,2,,0,Unexpected tools: ['track_order'],search_products|add_to_cart,search_products|track_order|add_to_cart,,track_order,,,,
text_s3_full100_A.judged,ecommerce_21,ecommerce_support,hard,3,FILLER,0,"Wrong arguments for: ['search_products', 'add_to_cart']",track_order|search_products|add_to_cart,track_order|search_products|add_to_cart,,,,,,
text_s3_full100_A.judged,ecommerce_21,ecommerce_support,hard,3,FILLER,0,"Wrong arguments for: ['search_products', 'add_to_cart']",track_order|search_products|add_to_cart,track_order|search_products|add_to_cart,,,,,,
text_s3_full100_A.judged,ecommerce_23,ecommerce_support,hard,2,,1,,track_order|add_to_cart,track_order|add_to_cart,,,,,,
text_s3_full100_A.judged,ecommerce_25,ecommerce_support,hard,3,FALSE_START,0,Wrong arguments for: ['add_to_cart'],track_order|search_products|add_to_cart,track_order|search_products|add_to_cart,,,,,,
text_s3_full100_A.judged,ecommerce_25,ecommerce_support,hard,3,FALSE_START,0,Wrong arguments for: ['add_to_cart'],track_order|search_products|add_to_cart,track_order|search_products|add_to_cart,,,,,,
text_s3_full100_A.judged,finance_01,finance_billing,easy,1,,1,,get_exchange_rate,get_exchange_rate,,,,,,
text_s3_full100_A.judged,finance_01,finance_billing,easy,1,,1,,get_exchange_rate,get_exchange_rate,,,,,,
text_s3_full100_A.judged,finance_02,finance_billing,easy,1,,1,,get_card_benefits,get_card_benefits,,,,,,
text_s3_full100_A.judged,finance_03,finance_billing,easy,1,FILLER,1,,modify_autopay,modify_autopay,,,,,,
text_s3_full100_A.judged,finance_03,finance_billing,easy,1,FILLER,1,,modify_autopay,modify_autopay,,,,,,
text_s3_full100_A.judged,finance_04,finance_billing,easy,1,PAUSE,1,,get_exchange_rate,get_exchange_rate,,,,,,
text_s3_full100_A.judged,finance_06,finance_billing,easy,1,FILLER|PAUSE,1,,get_card_benefits,get_card_benefits,,,,,,
text_s3_full100_A.judged,finance_07,finance_billing,easy,1,FALSE_START,1,,modify_autopay,modify_autopay,,,,,,
text_s3_full100_A.judged,finance_07,finance_billing,easy,1,FALSE_START,1,,modify_autopay,modify_autopay,,,,,,
text_s3_full100_A.judged,finance_08,finance_billing,easy,1,HESITATION,1,,get_exchange_rate,get_exchange_rate,,,,,,
text_s3_full100_A.judged,finance_08,finance_billing,easy,1,HESITATION,1,,get_exchange_rate,get_exchange_rate,,,,,,
text_s3_full100_A.judged,finance_10,finance_billing,medium,2,,1,,get_card_benefits|get_exchange_rate,get_card_benefits|get_exchange_rate,,,,,,
text_s3_full100_A.judged,finance_11,finance_billing,medium,1,FILLER,1,,modify_autopay,modify_autopay,,,,,,
text_s3_full100_A.judged,finance_12,finance_billing,medium,1,SELF_CORRECTION,1,,get_exchange_rate,get_exchange_rate,,,,,,
text_s3_full100_A.judged,finance_12,finance_billing,medium,1,SELF_CORRECTION,0,Missing tools: ['get_exchange_rate'],get_exchange_rate,,get_exchange_rate,,,,,
text_s3_full100_A.judged,finance_14,finance_billing,medium,2,,1,,get_exchange_rate|get_exchange_rate,get_exchange_rate|get_exchange_rate,,,,,,
text_s3_full100_A.judged,finance_15,finance_billing,medium,1,SELF_CORRECTION,0,Wrong arguments for: ['modify_autopay'],modify_autopay,modify_autopay,,,,,,
text_s3_full100_A.judged,finance_16,finance_billing,medium,1,HESITATION|PAUSE,1,,get_exchange_rate,get_exchange_rate,,,,,,
text_s3_full100_A.judged,finance_17,finance_billing,medium,1,FALSE_START,1,,get_card_benefits,get_card_benefits,,,,,,
text_s3_full100_A.judged,finance_18,finance_billing,hard,3,,1,,get_exchange_rate|modify_autopay|get_card_benefits,get_exchange_rate|modify_autopay|get_card_benefits,,,,,,
text_s3_full100_A.judged,finance_19,finance_billing,hard,1,SELF_CORRECTION,1,,get_exchange_rate,get_exchange_rate,,,,,,
text_s3_full100_A.judged,finance_20,finance_billing,hard,2,,0,Wrong arguments for: ['modify_autopay'],get_exchange_rate|modify_autopay,get_exchange_rate|modify_autopay,,,,,,
text_s3_full100_A.judged,finance_21,finance_billing,hard,2,FILLER,0,Wrong arguments for: ['get_exchange_rate'],get_card_benefits|get_exchange_rate,get_card_benefits|get_exchange_rate,,,,,,
text_s3_full100_A.judged,finance_22,finance_billing,hard,2,FILLER,0,Wrong arguments for: ['modify_autopay'],modify_autopay|modify_autopay,modify_autopay|modify_autopay,,,,,,
text_s3_full100_A.judged,finance_23,finance_billing,hard,1,FALSE_START|SELF_CORRECTION,1,,modify_autopay,modify_autopay,,,,,,
text_s3_full100_A.judged,housing_01,housing_location,easy,1,,1,,search_apartments,search_apartments,,,,,,
text_s3_full100_A.judged,housing_02,housing_location,easy,1,,1,,calculate_commute,calculate_commute,,,,,,
text_s3_full100_A.judged,housing_03,housing_location,easy,1,FILLER,0,Wrong arguments for: ['update_search_filter'],update_search_filter,update_search_filter,,,,,,
text_s3_full100_A.judged,housing_04,housing_location,easy,1,PAUSE,1,,search_apartments,search_apartments,,,,,,
text_s3_full100_A.judged,housing_05,housing_location,easy,1,HESITATION|PAUSE,0,Wrong arguments for: ['search_apartments'],search_apartments,search_apartments,,,,,,
text_s3_full100_A.judged,housing_05,housing_location,easy,1,HESITATION|PAUSE,0,Wrong arguments for: ['search_apartments'],search_apartments,search_apartments,,,,,,
text_s3_full100_A.judged,housing_06,housing_location,easy,1,,1,,calculate_commute,calculate_commute,,,,,,
text_s3_full100_A.judged,housing_08,housing_location,easy,1,FALSE_START,0,Wrong arguments for: ['update_search_filter'],update_search_filter,update_search_filter,,,,,,
text_s3_full100_A.judged,housing_09,housing_location,medium,1,SELF_CORRECTION,1,,search_apartments,search_apartments,,,,,,
text_s3_full100_A.judged,housing_10,housing_location,medium,2,,0,Wrong arguments for: ['calculate_commute'],calculate_commute|update_search_filter,calculate_commute|update_search_filter,,,,,,
text_s3_full100_A.judged,housing_11,housing_location,medium,1,SELF_CORRECTION,0,Missing tools: ['search_apartments'],search_apartments,,search_apartments,,,,,
text_s3_full100_A.judged,housing_13,housing_location,medium,2,,0,"Missing tools: ['update_search_filter', 'update_search_filter']",update_search_filter|update_search_filter,,update_search_filter|update_search_filter,,,,,
text_s3_full100_A.judged,housing_14,housing_location,medium,1,FILLER,0,Wrong arguments for: ['search_apartments'],search_apartments,search_apartments,,,,,,
text_s3_full100_A.judged,housing_14,housing_location,medium,1,FILLER,0,Wrong arguments for: ['search_apartments'],search_apartments,search_apartments,,,,,,
text_s3_full100_A.judged,housing_15,housing_location,medium,1,FALSE_START,0,Wrong arguments for: ['search_apartments'],search_apartments,search_apartments,,,,,,
text_s3_full100_A.judged,housing_15,housing_location,medium,1,FALSE_START,0,Wrong arguments for: ['search_apartments'],search_apartments,search_apartments,,,,,,
text_s3_full100_A.judged,housing_17,housing_location,medium,1,SELF_CORRECTION,1,,calculate_commute,calculate_commute,,,,,,
text_s3_full100_A.judged,housing_17,housing_location,medium,1,SELF_CORRECTION,1,,calculate_commute,calculate_commute,,,,,,
text_s3_full100_A.judged,housing_18,housing_location,hard,2,,0,Wrong arguments for: ['calculate_commute'],search_apartments|calculate_commute,search_apartments|calculate_commute,,,,,,
text_s3_full100_A.judged,housing_19,housing_location,hard,1,SELF_CORRECTION,1,,calculate_commute,calculate_commute,,,,,,
text_s3_full100_A.judged,housing_20,housing_location,hard,3,,0,"Wrong arguments for: ['search_apartments', 'calculate_commute', 'update_search_filter']",search_apartments|calculate_commute|update_search_filter,search_apartments|calculate_commute|update_search_filter,,,,,,
text_s3_full100_A.judged,housing_21,housing_location,hard,2,SELF_CORRECTION,0,"Missing tools: ['search_apartments', 'calculate_commute']",search_apartments|calculate_commute,,search_apartments|calculate_commute,,,,,
text_s3_full100_A.judged,housing_22,housing_location,hard,3,FILLER,0,"Wrong arguments for: ['update_search_filter', 'calculate_commute']",update_search_filter|search_apartments|calculate_commute,update_search_filter|search_apartments|calculate_commute,,,,,,
text_s3_full100_A.judged,housing_24,housing_location,hard,3,PAUSE|FILLER,0,"Missing tools: ['search_apartments', 'calculate_commute']",update_search_filter|search_apartments|calculate_commute,update_search_filter,search_apartments|calculate_commute,,,,,
text_s3_full100_A.judged,housing_24,housing_location,hard,3,PAUSE|FILLER,0,"Missing tools: ['search_apartments', 'calculate_commute']",update_search_filter|search_apartments|calculate_commute,update_search_filter,search_apartments|calculate_commute,,,,,
text_s3_full100_A.judged,housing_25,housing_location,hard,3,SELF_CORRECTION,0,"Missing tools: ['update_search_filter', 'update_search_filter', 'search_apartments']",update_search_filter|update_search_filter|search_apartments,,update_search_filter|update_search_filter|search_apartments,,,,,
text_s3_full100_A.judged,travel_01,travel_identity,easy,1,,1,,search_flights,search_flights,,,,,,
text_s3_full100_A.judged,travel_02,travel_identity,easy,1,,0,Missing tools: ['update_identity_doc'],update_identity_doc,,update_identity_doc,,,,,
text_s3_full100_A.judged,travel_03,travel_identity,easy,1,FILLER,1,,search_flights,search_flights,,,,,,
text_s3_full100_A.judged,travel_03,travel_identity,easy,1,FILLER,1,,search_flights,search_flights,,,,,,
text_s3_full100_A.judged,travel_05,travel_identity,easy,1,FILLER|HESITATION,1,,search_flights,search_flights,,,,,,
text_s3_full100_A.judged,travel_07,travel_identity,easy,1,,0,Wrong arguments for: ['update_identity_doc'],update_identity_doc,update_identity_doc,,,,,,
text_s3_full100_A.judged,travel_07,travel_identity,easy,1,,1,,update_identity_doc,update_identity_doc,,,,,,
text_s3_full100_A.judged,travel_08,travel_identity,easy,1,FALSE_START,1,,search_flights,search_flights,,,,,,
text_s3_full100_A.judged,travel_10,travel_identity,medium,1,FILLER|SELF_CORRECTION,1,,search_flights,search_flights,,,,,,
text_s3_full100_A.judged,travel_11,travel_identity,medium,2,,1,,search_flights|book_flight,search_flights|book_flight,,,,,,
text_s3_full100_A.judged,travel_14,travel_identity,medium,1,HESITATION|PAUSE,1,,search_flights,search_flights,,,,,,
text_s3_full100_A.judged,travel_16,travel_identity,medium,1,FILLER,1,,search_flights,search_flights,,,,,,
text_s3_full100_A.judged,travel_18,travel_identity,hard,3,FILLER,1,,search_flights|book_flight|update_identity_doc,search_flights|book_flight|update_identity_doc,,,,,,
text_s3_full100_A.judged,travel_19,travel_identity,hard,1,SELF_CORRECTION,1,,search_flights,search_flights,,,,,,
text_s3_full100_A.judged,travel_20,travel_identity,hard,3,,1,,search_flights|book_flight|update_identity_doc,search_flights|book_flight|update_identity_doc,,,,,,
text_s3_full100_A.judged,travel_21,travel_identity,hard,3,PAUSE|FILLER,1,,search_flights|book_flight|update_identity_doc,search_flights|book_flight|update_identity_doc,,,,,,
text_s3_full100_A.judged,travel_21,travel_identity,hard,3,PAUSE|FILLER,1,,search_flights|book_flight|update_identity_doc,search_flights|book_flight|update_identity_doc,,,,,,
text_s3_full100_A.judged,travel_23,travel_identity,hard,2,FILLER,1,,update_identity_doc|update_identity_doc,update_identity_doc|update_identity_doc,,,,,,
text_s3_full100_A.judged,travel_23,travel_identity,hard,2,FILLER,1,,update_identity_doc|update_identity_doc,update_identity_doc|update_identity_doc,,,,,,
text_s3_full100_A.judged,travel_24,travel_identity,hard,3,,0,Unexpected tools: ['search_apartments'],search_flights|book_flight|update_identity_doc,search_flights|book_flight|search_apartments|update_identity_doc,,search_apartments,,,,
text_s3_full100_A2,ecommerce_01,ecommerce_support,easy,1,,1,,track_order,track_order,,,3.023,1.361,4.235,
text_s3_full100_A2,ecommerce_01,ecommerce_support,easy,1,,1,,track_order,track_order,,,3.023,1.361,4.235,
text_s3_full100_A2,ecommerce_02,ecommerce_support,easy,1,,1,,search_products,search_products,,,3.276,1.412,4.838,
text_s3_full100_A2,ecommerce_04,ecommerce_support,easy,1,PAUSE,1,,track_order,track_order,,,2.666,1.558,4.278,
text_s3_full100_A2,ecommerce_05,ecommerce_support,easy,1,FILLER|HESITATION,1,,search_products,search_products,,,3.879,2.167,5.844,
text_s3_full100_A2,ecommerce_06,ecommerce_support,easy,1,,1,,add_to_cart,add_to_cart,,,2.822,1.311,4.284,
text_s3_full100_A2,ecommerce_07,ecommerce_support,easy,1,FALSE_START,1,,track_order,track_order,,,2.77,1.562,3.93,
text_s3_full100_A2,ecommerce_08,ecommerce_support,easy,1,PAUSE,0,Wrong arguments for: ['search_products'],search_products,search_products,,,2.622,1.412,4.183,
text_s3_full100_A2,ecommerce_08,ecommerce_support,easy,1,PAUSE,0,Wrong arguments for: ['search_products'],search_products,search_products,,,2.622,1.412,4.183,
text_s3_full100_A2,ecommerce_09,ecommerce_support,medium,1,SELF_CORRECTION,1,,search_products,search_products,,,3.073,1.663,4.738,
text_s3_full100_A2,ecommerce_10,ecommerce_support,medium,2,,1,,track_order|search_products,track_order|search_products,,,3.627,1.664,4.888,
text_s3_full100_A2,ecommerce_11,ecommerce_support,medium,1,SELF_CORRECTION,1,,add_to_cart,add_to_cart,,,2.973,1.563,4.737,
text_s3_full100_A2,ecommerce_12,ecommerce_support,medium,1,HESITATION|PAUSE,0,Wrong arguments for: ['search_products'],search_products,search_products,,,3.023,1.664,4.686,
text_s3_full100_A2,ecommerce_13,ecommerce_support,medium,2,,0,"Missing tools: ['add_to_cart', 'track_order']",add_to_cart|track_order,,add_to_cart|track_order,,,1.765,15.048,
text_s3_full100_A2,ecommerce_13,ecommerce_support,medium,2,,1,,add_to_cart|track_order,add_to_cart|track_order,,,,1.765,15.048,
text_s3_full100_A2,ecommerce_14,ecommerce_support,medium,1,FILLER,1,,add_to_cart,add_to_cart,,,3.726,1.965,4.982,
text_s3_full100_A2,ecommerce_14,ecommerce_support,medium,1,FILLER,1,,add_to_cart,add_to_cart,,,3.726,1.965,4.982,
text_s3_full100_A2,ecommerce_15,ecommerce_support,medium,1,FILLER|PAUSE,1,,track_order,track_order,,,2.973,1.612,4.133,
text_s3_full100_A2,ecommerce_15,ecommerce_support,medium,1,FILLER|PAUSE,1,,track_order,track_order,,,2.973,1.612,4.133,
text_s3_full100_A2,ecommerce_16,ecommerce_support,medium,1,HESITATION|PAUSE,1,,search_products,search_products,,,3.477,2.066,5.09,
text_s3_full100_A2,ecommerce_17,ecommerce_support,medium,1,FALSE_START,1,,track_order,track_order,,,3.072,1.461,4.534,
text_s3_full100_A2,ecommerce_18,ecommerce_support,hard,3,,1,,search_products|add_to_cart|track_order,search_products|track_order|add_to_cart,,,3.074,1.612,4.492,
text_s3_full100_A2,ecommerce_19,ecommerce_support,hard,2,SELF_CORRECTION,1,,search_products|add_to_cart,search_products|add_to_cart,,,3.073,1.411,4.536,
text_s3_full100_A2,ecommerce_20,ecommerce_support,hard,2,,0,Unexpected tools: ['track_order'],search_products|add_to_cart,search_products|add_to_cart|track_order,,track_order,3.877,2.065,5.946,
text_s3_full100_A2,ecommerce_21,ecommerce_support,hard,3,FILLER,0,Wrong arguments for: ['search_products'],track_order|search_products|add_to_cart,track_order|search_products|add_to_cart,,,3.677,1.915,5.143,
text_s3_full100_A2,ecommerce_21,ecommerce_support,hard,3,FILLER,0,Wrong arguments for: ['search_products'],track_order|search_products|add_to_cart,track_order|search_products|add_to_cart,,,3.677,1.915,5.143,
text_s3_full100_A2,ecommerce_23,ecommerce_support,hard,2,,1,,track_order|add_to_cart,track_order|add_to_cart,,,3.276,1.613,4.689,
text_s3_full100_A2,ecommerce_25,ecommerce_support,hard,3,FALSE_START,1,,track_order|search_products|add_to_cart,track_order|search_products|add_to_cart,,,3.723,1.664,5.237,
text_s3_full100_A2,ecommerce_25,ecommerce_support,hard,3,FALSE_START,1,,track_order|search_products|add_to_cart,track_order|search_products|add_to_cart,,,3.723,1.664,5.237,
text_s3_full100_A2,finance_01,finance_billing,easy,1,,1,,get_exchange_rate,get_exchange_rate,,,3.375,1.462,4.889,
text_s3_full100_A2,finance_01,finance_billing,easy,1,,1,,get_exchange_rate,get_exchange_rate,,,3.375,1.462,4.889,
text_s3_full100_A2,finance_02,finance_billing,easy,1,,1,,get_card_benefits,get_card_benefits,,,2.571,1.413,3.629,
text_s3_full100_A2,finance_03,finance_billing,easy,1,FILLER,1,,modify_autopay,modify_autopay,,,3.273,1.612,5.29,
text_s3_full100_A2,finance_03,finance_billing,easy,1,FILLER,1,,modify_autopay,modify_autopay,,,3.273,1.612,5.29,
text_s3_full100_A2,finance_04,finance_billing,easy,1,PAUSE,1,,get_exchange_rate,get_exchange_rate,,,2.773,1.563,4.084,
text_s3_full100_A2,finance_06,finance_billing,easy,1,FILLER|PAUSE,1,,get_card_benefits,get_card_benefits,,,2.822,1.361,4.435,
text_s3_full100_A2,finance_07,finance_billing,easy,1,FALSE_START,1,,modify_autopay,modify_autopay,,,3.275,1.764,5.139,
text_s3_full100_A2,finance_07,finance_billing,easy,1,FALSE_START,1,,modify_autopay,modify_autopay,,,3.275,1.764,5.139,
text_s3_full100_A2,finance_08,finance_billing,easy,1,HESITATION,1,,get_exchange_rate,get_exchange_rate,,,3.326,1.865,4.939,
text_s3_full100_A2,finance_08,finance_billing,easy,1,HESITATION,1,,get_exchange_rate,get_exchange_rate,,,3.326,1.865,4.939,
text_s3_full100_A2,finance_10,finance_billing,medium,2,,1,,get_card_benefits|get_exchange_rate,get_card_benefits|get_exchange_rate,,,3.777,1.964,5.292,
text_s3_full100_A2,finance_11,finance_billing,medium,1,FILLER,1,,modify_autopay,modify_autopay,,,3.375,1.562,4.786,
text_s3_full100_A2,finance_12,finance_billing,medium,1,SELF_CORRECTION,1,,get_exchange_rate,get_exchange_rate,,,3.526,1.965,4.938,
text_s3_full100_A2,finance_12,finance_billing,medium,1,SELF_CORRECTION,1,,get_exchange_rate,get_exchange_rate,,,3.526,1.965,4.938,
text_s3_full100_A2,finance_14,finance_billing,medium,2,,1,,get_exchange_rate|get_exchange_rate,get_exchange_rate|get_exchange_rate,,,3.523,1.861,5.59,
text_s3_full100_A2,finance_15,finance_billing,medium,1,SELF_CORRECTION,0,Wrong arguments for: ['modify_autopay'],modify_autopay,modify_autopay,,,3.073,1.512,4.585,
text_s3_full100_A2,finance_16,finance_billing,medium,1,HESITATION|PAUSE,1,,get_exchange_rate,get_exchange_rate,,,2.973,1.562,4.536,
text_s3_full100_A2,finance_17,finance_billing,medium,1,FALSE_START,1,,get_card_benefits,get_card_benefits,,,2.57,1.211,3.881,
text_s3_full100_A2,finance_18,finance_billing,hard,3,,1,,get_exchange_rate|modify_autopay|get_card_benefits,get_exchange_rate|modify_autopay|get_card_benefits,,,3.98,2.016,5.295,
text_s3_full100_A2,finance_19,finance_billing,hard,1,SELF_CORRECTION,1,,get_exchange_rate,get_exchange_rate,,,3.527,1.864,5.391,
text_s3_full100_A2,finance_20,finance_billing,hard,2,,1,,get_exchange_rate|modify_autopay,get_exchange_rate|modify_autopay,,,3.878,1.814,5.945,
text_s3_full100_A2,finance_21,finance_billing,hard,2,FILLER,0,Wrong arguments for: ['get_exchange_rate'],get_card_benefits|get_exchange_rate,get_card_benefits|get_exchange_rate,,,3.573,1.811,5.288,
text_s3_full100_A2,finance_22,finance_billing,hard,2,FILLER,1,,modify_autopay|modify_autopay,modify_autopay|modify_autopay,,,3.478,2.117,5.043,
text_s3_full100_A2,finance_23,finance_billing,hard,1,FALSE_START|SELF_CORRECTION,1,,modify_autopay,modify_autopay,,,3.174,1.814,4.587,
text_s3_full100_A2,housing_01,housing_location,easy,1,,1,,search_apartments,search_apartments,,,3.124,1.563,5.537,
text_s3_full100_A2,housing_02,housing_location,easy,1,,1,,calculate_commute,calculate_commute,,,3.222,1.462,5.393,
text_s3_full100_A2,housing_03,housing_location,easy,1,FILLER,0,Wrong arguments for: ['update_search_filter'],update_search_filter,update_search_filter,,,3.576,1.915,4.887,
text_s3_full100_A2,housing_04,housing_location,easy,1,PAUSE,1,,search_apartments,search_apartments,,,4.483,1.311,6.304,
text_s3_full100_A2,housing_05,housing_location,easy,1,HESITATION|PAUSE,0,Wrong arguments for: ['search_apartments'],search_apartments,search_apartments,,,2.875,1.362,5.071,
text_s3_full100_A2,housing_05,housing_location,easy,1,HESITATION|PAUSE,0,Wrong arguments for: ['search_apartments'],search_apartments,search_apartments,,,2.875,1.362,5.071,
text_s3_full100_A2,housing_06,housing_location,easy,1,,0,Wrong arguments for: ['calculate_commute'],calculate_commute,calculate_commute,,,3.118,1.612,5.724,
text_s3_full100_A2,housing_08,housing_location,easy,1,FALSE_START,0,Wrong arguments for: ['update_search_filter'],update_search_filter,update_search_filter,,,2.872,1.562,4.458,
text_s3_full100_A2,housing_09,housing_location,medium,1,SELF_CORRECTION,1,,search_apartments,search_apartments,,,2.973,1.461,5.041,
text_s3_full100_A2,housing_10,housing_location,medium,2,,0,"Wrong arguments for: ['calculate_commute', 'update_search_filter']",calculate_commute|update_search_filter,calculate_commute|update_search_filter,,,3.273,1.662,5.549,
text_s3_full100_A2,housing_11,housing_location,medium,1,SELF_CORRECTION,0,Missing tools: ['search_apartments'],search_apartments,,search_apartments,,,1.713,15.045,
text_s3_full100_A2,housing_13,housing_location,medium,2,,0,"Missing tools: ['update_search_filter', 'update_search_filter']",update_search_filter|update_search_filter,,update_search_filter|update_search_filter,,,3.824,,timeout waiting for FINAL
text_s3_full100_A2,housing_14,housing_location,medium,1,FILLER,0,Wrong arguments for: ['search_apartments'],search_apartments,search_apartments,,,3.728,2.167,6.154,
text_s3_full100_A2,housing_14,housing_location,medium,1,FILLER,0,Wrong arguments for: ['search_apartments'],search_apartments,search_apartments,,,3.728,2.167,6.154,
text_s3_full100_A2,housing_15,housing_location,medium,1,FALSE_START,0,Wrong arguments for: ['search_apartments'],search_apartments,search_apartments,,,2.923,1.563,4.496,
text_s3_full100_A2,housing_15,housing_location,medium,1,FALSE_START,0,Wrong arguments for: ['search_apartments'],search_apartments,search_apartments,,,2.923,1.563,4.496,
text_s3_full100_A2,housing_17,housing_location,medium,1,SELF_CORRECTION,1,,calculate_commute,calculate_commute,,,3.073,1.411,5.132,
text_s3_full100_A2,housing_17,housing_location,medium,1,SELF_CORRECTION,1,,calculate_commute,calculate_commute,,,3.073,1.411,5.132,
text_s3_full100_A2,housing_18,housing_location,hard,2,,0,Wrong arguments for: ['calculate_commute'],search_apartments|calculate_commute,search_apartments|calculate_commute,,,3.725,1.865,7.143,
text_s3_full100_A2,housing_19,housing_location,hard,1,SELF_CORRECTION,1,,calculate_commute,calculate_commute,,,2.922,1.361,5.583,
text_s3_full100_A2,housing_20,housing_location,hard,3,,0,"Missing tools: ['calculate_commute', 'update_search_filter']",search_apartments|calculate_commute|update_search_filter,search_apartments,calculate_commute|update_search_filter,,3.776,1.763,,timeout waiting for FINAL
text_s3_full100_A2,housing_21,housing_location,hard,2,SELF_CORRECTION,0,"Missing tools: ['search_apartments', 'calculate_commute']",search_apartments|calculate_commute,,search_apartments|calculate_commute,,,2.066,15.047,
text_s3_full100_A2,housing_22,housing_location,hard,3,FILLER,0,"Wrong arguments for: ['update_search_filter', 'calculate_commute']",update_search_filter|search_apartments|calculate_commute,update_search_filter|search_apartments|calculate_commute,,,3.474,1.965,6.67,
text_s3_full100_A2,housing_24,housing_location,hard,3,PAUSE|FILLER,0,"Missing tools: ['search_apartments', 'calculate_commute']",update_search_filter|search_apartments|calculate_commute,update_search_filter,search_apartments|calculate_commute,,3.778,2.066,15.051,
text_s3_full100_A2,housing_24,housing_location,hard,3,PAUSE|FILLER,0,"Missing tools: ['search_apartments', 'calculate_commute']",update_search_filter|search_apartments|calculate_commute,update_search_filter,search_apartments|calculate_commute,,3.778,2.066,15.051,
text_s3_full100_A2,housing_25,housing_location,hard,3,SELF_CORRECTION,0,"Missing tools: ['update_search_filter', 'update_search_filter', 'search_apartments']",update_search_filter|update_search_filter|search_apartments,,update_search_filter|update_search_filter|search_apartments,,,2.065,15.049,
text_s3_full100_A2,travel_01,travel_identity,easy,1,,1,,search_flights,search_flights,,,2.57,1.261,4.528,
text_s3_full100_A2,travel_02,travel_identity,easy,1,,0,Wrong arguments for: ['update_identity_doc'],update_identity_doc,update_identity_doc,,,3.073,1.663,4.435,
text_s3_full100_A2,travel_03,travel_identity,easy,1,FILLER,1,,search_flights,search_flights,,,2.52,1.411,4.415,
text_s3_full100_A2,travel_03,travel_identity,easy,1,FILLER,1,,search_flights,search_flights,,,2.52,1.411,4.415,
text_s3_full100_A2,travel_05,travel_identity,easy,1,FILLER|HESITATION,1,,search_flights,search_flights,,,2.973,1.714,5.039,
text_s3_full100_A2,travel_07,travel_identity,easy,1,,0,Wrong arguments for: ['update_identity_doc'],update_identity_doc,update_identity_doc,,,3.125,1.513,4.537,
text_s3_full100_A2,travel_07,travel_identity,easy,1,,1,,update_identity_doc,update_identity_doc,,,3.125,1.513,4.537,
text_s3_full100_A2,travel_08,travel_identity,easy,1,FALSE_START,1,,search_flights,search_flights,,,2.668,1.559,4.673,
text_s3_full100_A2,travel_10,travel_identity,medium,1,FILLER|SELF_CORRECTION,1,,search_flights,search_flights,,,2.923,1.563,4.962,
text_s3_full100_A2,travel_11,travel_identity,medium,2,,1,,search_flights|book_flight,search_flights|book_flight,,,2.923,1.411,4.954,
text_s3_full100_A2,travel_14,travel_identity,medium,1,HESITATION|PAUSE,1,,search_flights,search_flights,,,3.93,1.814,5.886,
text_s3_full100_A2,travel_16,travel_identity,medium,1,FILLER,0,Wrong arguments for: ['search_flights'],search_flights,search_flights,,,2.869,1.61,4.552,
text_s3_full100_A2,travel_18,travel_identity,hard,3,FILLER,1,,search_flights|book_flight|update_identity_doc,search_flights|book_flight|update_identity_doc,,,3.677,1.914,5.587,
text_s3_full100_A2,travel_19,travel_identity,hard,1,SELF_CORRECTION,1,,search_flights,search_flights,,,3.174,1.663,4.979,
text_s3_full100_A2,travel_20,travel_identity,hard,3,,0,"Missing tools: ['search_flights', 'book_flight', 'update_identity_doc']",search_flights|book_flight|update_identity_doc,,search_flights|book_flight|update_identity_doc,,,2.268,15.051,
text_s3_full100_A2,travel_21,travel_identity,hard,3,PAUSE|FILLER,0,Wrong arguments for: ['search_flights'],search_flights|book_flight|update_identity_doc,search_flights|book_flight|update_identity_doc,,,3.73,1.815,5.597,
text_s3_full100_A2,travel_21,travel_identity,hard,3,PAUSE|FILLER,0,Wrong arguments for: ['search_flights'],search_flights|book_flight|update_identity_doc,search_flights|book_flight|update_identity_doc,,,3.73,1.815,5.597,
text_s3_full100_A2,travel_23,travel_identity,hard,2,FILLER,1,,update_identity_doc|update_identity_doc,update_identity_doc|update_identity_doc,,,3.668,2.064,5.333,
text_s3_full100_A2,travel_23,travel_identity,hard,2,FILLER,1,,update_identity_doc|update_identity_doc,update_identity_doc|update_identity_doc,,,3.668,2.064,5.333,
text_s3_full100_A2,travel_24,travel_identity,hard,3,,1,,search_flights|book_flight|update_identity_doc,search_flights|book_flight|update_identity_doc,,,3.677,1.663,5.349,
text_s3_full100_A2.judged,ecommerce_01,ecommerce_support,easy,1,,1,,track_order,track_order,,,,,,
text_s3_full100_A2.judged,ecommerce_01,ecommerce_support,easy,1,,1,,track_order,track_order,,,,,,
text_s3_full100_A2.judged,ecommerce_02,ecommerce_support,easy,1,,1,,search_products,search_products,,,,,,
text_s3_full100_A2.judged,ecommerce_04,ecommerce_support,easy,1,PAUSE,1,,track_order,track_order,,,,,,
text_s3_full100_A2.judged,ecommerce_05,ecommerce_support,easy,1,FILLER|HESITATION,1,,search_products,search_products,,,,,,
text_s3_full100_A2.judged,ecommerce_06,ecommerce_support,easy,1,,1,,add_to_cart,add_to_cart,,,,,,
text_s3_full100_A2.judged,ecommerce_07,ecommerce_support,easy,1,FALSE_START,1,,track_order,track_order,,,,,,
text_s3_full100_A2.judged,ecommerce_08,ecommerce_support,easy,1,PAUSE,0,Wrong arguments for: ['search_products'],search_products,search_products,,,,,,
text_s3_full100_A2.judged,ecommerce_08,ecommerce_support,easy,1,PAUSE,0,Wrong arguments for: ['search_products'],search_products,search_products,,,,,,
text_s3_full100_A2.judged,ecommerce_09,ecommerce_support,medium,1,SELF_CORRECTION,1,,search_products,search_products,,,,,,
text_s3_full100_A2.judged,ecommerce_10,ecommerce_support,medium,2,,1,,track_order|search_products,track_order|search_products,,,,,,
text_s3_full100_A2.judged,ecommerce_11,ecommerce_support,medium,1,SELF_CORRECTION,1,,add_to_cart,add_to_cart,,,,,,
text_s3_full100_A2.judged,ecommerce_12,ecommerce_support,medium,1,HESITATION|PAUSE,0,Wrong arguments for: ['search_products'],search_products,search_products,,,,,,
text_s3_full100_A2.judged,ecommerce_13,ecommerce_support,medium,2,,0,"Missing tools: ['add_to_cart', 'track_order']",add_to_cart|track_order,,add_to_cart|track_order,,,,,
text_s3_full100_A2.judged,ecommerce_13,ecommerce_support,medium,2,,1,,add_to_cart|track_order,add_to_cart|track_order,,,,,,
text_s3_full100_A2.judged,ecommerce_14,ecommerce_support,medium,1,FILLER,1,,add_to_cart,add_to_cart,,,,,,
text_s3_full100_A2.judged,ecommerce_14,ecommerce_support,medium,1,FILLER,1,,add_to_cart,add_to_cart,,,,,,
text_s3_full100_A2.judged,ecommerce_15,ecommerce_support,medium,1,FILLER|PAUSE,1,,track_order,track_order,,,,,,
text_s3_full100_A2.judged,ecommerce_15,ecommerce_support,medium,1,FILLER|PAUSE,1,,track_order,track_order,,,,,,
text_s3_full100_A2.judged,ecommerce_16,ecommerce_support,medium,1,HESITATION|PAUSE,1,,search_products,search_products,,,,,,
text_s3_full100_A2.judged,ecommerce_17,ecommerce_support,medium,1,FALSE_START,1,,track_order,track_order,,,,,,
text_s3_full100_A2.judged,ecommerce_18,ecommerce_support,hard,3,,1,,search_products|add_to_cart|track_order,search_products|track_order|add_to_cart,,,,,,
text_s3_full100_A2.judged,ecommerce_19,ecommerce_support,hard,2,SELF_CORRECTION,1,,search_products|add_to_cart,search_products|add_to_cart,,,,,,
text_s3_full100_A2.judged,ecommerce_20,ecommerce_support,hard,2,,0,Unexpected tools: ['track_order'],search_products|add_to_cart,search_products|add_to_cart|track_order,,track_order,,,,
text_s3_full100_A2.judged,ecommerce_21,ecommerce_support,hard,3,FILLER,0,"Wrong arguments for: ['search_products', 'add_to_cart']",track_order|search_products|add_to_cart,track_order|search_products|add_to_cart,,,,,,
text_s3_full100_A2.judged,ecommerce_21,ecommerce_support,hard,3,FILLER,0,"Wrong arguments for: ['search_products', 'add_to_cart']",track_order|search_products|add_to_cart,track_order|search_products|add_to_cart,,,,,,
text_s3_full100_A2.judged,ecommerce_23,ecommerce_support,hard,2,,1,,track_order|add_to_cart,track_order|add_to_cart,,,,,,
text_s3_full100_A2.judged,ecommerce_25,ecommerce_support,hard,3,FALSE_START,0,Wrong arguments for: ['add_to_cart'],track_order|search_products|add_to_cart,track_order|search_products|add_to_cart,,,,,,
text_s3_full100_A2.judged,ecommerce_25,ecommerce_support,hard,3,FALSE_START,0,Wrong arguments for: ['add_to_cart'],track_order|search_products|add_to_cart,track_order|search_products|add_to_cart,,,,,,
text_s3_full100_A2.judged,finance_01,finance_billing,easy,1,,1,,get_exchange_rate,get_exchange_rate,,,,,,
text_s3_full100_A2.judged,finance_01,finance_billing,easy,1,,1,,get_exchange_rate,get_exchange_rate,,,,,,
text_s3_full100_A2.judged,finance_02,finance_billing,easy,1,,1,,get_card_benefits,get_card_benefits,,,,,,
text_s3_full100_A2.judged,finance_03,finance_billing,easy,1,FILLER,1,,modify_autopay,modify_autopay,,,,,,
text_s3_full100_A2.judged,finance_03,finance_billing,easy,1,FILLER,1,,modify_autopay,modify_autopay,,,,,,
text_s3_full100_A2.judged,finance_04,finance_billing,easy,1,PAUSE,1,,get_exchange_rate,get_exchange_rate,,,,,,
text_s3_full100_A2.judged,finance_06,finance_billing,easy,1,FILLER|PAUSE,1,,get_card_benefits,get_card_benefits,,,,,,
text_s3_full100_A2.judged,finance_07,finance_billing,easy,1,FALSE_START,1,,modify_autopay,modify_autopay,,,,,,
text_s3_full100_A2.judged,finance_07,finance_billing,easy,1,FALSE_START,1,,modify_autopay,modify_autopay,,,,,,
text_s3_full100_A2.judged,finance_08,finance_billing,easy,1,HESITATION,1,,get_exchange_rate,get_exchange_rate,,,,,,
text_s3_full100_A2.judged,finance_08,finance_billing,easy,1,HESITATION,1,,get_exchange_rate,get_exchange_rate,,,,,,
text_s3_full100_A2.judged,finance_10,finance_billing,medium,2,,1,,get_card_benefits|get_exchange_rate,get_card_benefits|get_exchange_rate,,,,,,
text_s3_full100_A2.judged,finance_11,finance_billing,medium,1,FILLER,1,,modify_autopay,modify_autopay,,,,,,
text_s3_full100_A2.judged,finance_12,finance_billing,medium,1,SELF_CORRECTION,1,,get_exchange_rate,get_exchange_rate,,,,,,
text_s3_full100_A2.judged,finance_12,finance_billing,medium,1,SELF_CORRECTION,1,,get_exchange_rate,get_exchange_rate,,,,,,
text_s3_full100_A2.judged,finance_14,finance_billing,medium,2,,1,,get_exchange_rate|get_exchange_rate,get_exchange_rate|get_exchange_rate,,,,,,
text_s3_full100_A2.judged,finance_15,finance_billing,medium,1,SELF_CORRECTION,0,Wrong arguments for: ['modify_autopay'],modify_autopay,modify_autopay,,,,,,
text_s3_full100_A2.judged,finance_16,finance_billing,medium,1,HESITATION|PAUSE,1,,get_exchange_rate,get_exchange_rate,,,,,,
text_s3_full100_A2.judged,finance_17,finance_billing,medium,1,FALSE_START,1,,get_card_benefits,get_card_benefits,,,,,,
text_s3_full100_A2.judged,finance_18,finance_billing,hard,3,,1,,get_exchange_rate|modify_autopay|get_card_benefits,get_exchange_rate|modify_autopay|get_card_benefits,,,,,,
text_s3_full100_A2.judged,finance_19,finance_billing,hard,1,SELF_CORRECTION,1,,get_exchange_rate,get_exchange_rate,,,,,,
text_s3_full100_A2.judged,finance_20,finance_billing,hard,2,,1,,get_exchange_rate|modify_autopay,get_exchange_rate|modify_autopay,,,,,,
text_s3_full100_A2.judged,finance_21,finance_billing,hard,2,FILLER,0,Wrong arguments for: ['get_exchange_rate'],get_card_benefits|get_exchange_rate,get_card_benefits|get_exchange_rate,,,,,,
text_s3_full100_A2.judged,finance_22,finance_billing,hard,2,FILLER,0,Wrong arguments for: ['modify_autopay'],modify_autopay|modify_autopay,modify_autopay|modify_autopay,,,,,,
text_s3_full100_A2.judged,finance_23,finance_billing,hard,1,FALSE_START|SELF_CORRECTION,1,,modify_autopay,modify_autopay,,,,,,
text_s3_full100_A2.judged,housing_01,housing_location,easy,1,,1,,search_apartments,search_apartments,,,,,,
text_s3_full100_A2.judged,housing_02,housing_location,easy,1,,1,,calculate_commute,calculate_commute,,,,,,
text_s3_full100_A2.judged,housing_03,housing_location,easy,1,FILLER,0,Wrong arguments for: ['update_search_filter'],update_search_filter,update_search_filter,,,,,,
text_s3_full100_A2.judged,housing_04,housing_location,easy,1,PAUSE,1,,search_apartments,search_apartments,,,,,,
text_s3_full100_A2.judged,housing_05,housing_location,easy,1,HESITATION|PAUSE,0,Wrong arguments for: ['search_apartments'],search_apartments,search_apartments,,,,,,
text_s3_full100_A2.judged,housing_05,housing_location,easy,1,HESITATION|PAUSE,0,Wrong arguments for: ['search_apartments'],search_apartments,search_apartments,,,,,,
text_s3_full100_A2.judged,housing_06,housing_location,easy,1,,1,,calculate_commute,calculate_commute,,,,,,
text_s3_full100_A2.judged,housing_08,housing_location,easy,1,FALSE_START,0,Wrong arguments for: ['update_search_filter'],update_search_filter,update_search_filter,,,,,,
text_s3_full100_A2.judged,housing_09,housing_location,medium,1,SELF_CORRECTION,1,,search_apartments,search_apartments,,,,,,
text_s3_full100_A2.judged,housing_10,housing_location,medium,2,,0,"Wrong arguments for: ['calculate_commute', 'update_search_filter']",calculate_commute|update_search_filter,calculate_commute|update_search_filter,,,,,,
text_s3_full100_A2.judged,housing_11,housing_location,medium,1,SELF_CORRECTION,0,Missing tools: ['search_apartments'],search_apartments,,search_apartments,,,,,
text_s3_full100_A2.judged,housing_13,housing_location,medium,2,,0,"Missing tools: ['update_search_filter', 'update_search_filter']",update_search_filter|update_search_filter,,update_search_filter|update_search_filter,,,,,
text_s3_full100_A2.judged,housing_14,housing_location,medium,1,FILLER,0,Wrong arguments for: ['search_apartments'],search_apartments,search_apartments,,,,,,
text_s3_full100_A2.judged,housing_14,housing_location,medium,1,FILLER,0,Wrong arguments for: ['search_apartments'],search_apartments,search_apartments,,,,,,
text_s3_full100_A2.judged,housing_15,housing_location,medium,1,FALSE_START,0,Wrong arguments for: ['search_apartments'],search_apartments,search_apartments,,,,,,
text_s3_full100_A2.judged,housing_15,housing_location,medium,1,FALSE_START,0,Wrong arguments for: ['search_apartments'],search_apartments,search_apartments,,,,,,
text_s3_full100_A2.judged,housing_17,housing_location,medium,1,SELF_CORRECTION,1,,calculate_commute,calculate_commute,,,,,,
text_s3_full100_A2.judged,housing_17,housing_location,medium,1,SELF_CORRECTION,1,,calculate_commute,calculate_commute,,,,,,
text_s3_full100_A2.judged,housing_18,housing_location,hard,2,,0,Wrong arguments for: ['calculate_commute'],search_apartments|calculate_commute,search_apartments|calculate_commute,,,,,,
text_s3_full100_A2.judged,housing_19,housing_location,hard,1,SELF_CORRECTION,1,,calculate_commute,calculate_commute,,,,,,
text_s3_full100_A2.judged,housing_20,housing_location,hard,3,,0,"Missing tools: ['calculate_commute', 'update_search_filter']",search_apartments|calculate_commute|update_search_filter,search_apartments,calculate_commute|update_search_filter,,,,,
text_s3_full100_A2.judged,housing_21,housing_location,hard,2,SELF_CORRECTION,0,"Missing tools: ['search_apartments', 'calculate_commute']",search_apartments|calculate_commute,,search_apartments|calculate_commute,,,,,
text_s3_full100_A2.judged,housing_22,housing_location,hard,3,FILLER,0,"Wrong arguments for: ['update_search_filter', 'calculate_commute']",update_search_filter|search_apartments|calculate_commute,update_search_filter|search_apartments|calculate_commute,,,,,,
text_s3_full100_A2.judged,housing_24,housing_location,hard,3,PAUSE|FILLER,0,"Missing tools: ['search_apartments', 'calculate_commute']",update_search_filter|search_apartments|calculate_commute,update_search_filter,search_apartments|calculate_commute,,,,,
text_s3_full100_A2.judged,housing_24,housing_location,hard,3,PAUSE|FILLER,0,"Missing tools: ['search_apartments', 'calculate_commute']",update_search_filter|search_apartments|calculate_commute,update_search_filter,search_apartments|calculate_commute,,,,,
text_s3_full100_A2.judged,housing_25,housing_location,hard,3,SELF_CORRECTION,0,"Missing tools: ['update_search_filter', 'update_search_filter', 'search_apartments']",update_search_filter|update_search_filter|search_apartments,,update_search_filter|update_search_filter|search_apartments,,,,,
text_s3_full100_A2.judged,travel_01,travel_identity,easy,1,,1,,search_flights,search_flights,,,,,,
text_s3_full100_A2.judged,travel_02,travel_identity,easy,1,,0,Wrong arguments for: ['update_identity_doc'],update_identity_doc,update_identity_doc,,,,,,
text_s3_full100_A2.judged,travel_03,travel_identity,easy,1,FILLER,1,,search_flights,search_flights,,,,,,
text_s3_full100_A2.judged,travel_03,travel_identity,easy,1,FILLER,1,,search_flights,search_flights,,,,,,
text_s3_full100_A2.judged,travel_05,travel_identity,easy,1,FILLER|HESITATION,1,,search_flights,search_flights,,,,,,
text_s3_full100_A2.judged,travel_07,travel_identity,easy,1,,1,,update_identity_doc,update_identity_doc,,,,,,
text_s3_full100_A2.judged,travel_07,travel_identity,easy,1,,1,,update_identity_doc,update_identity_doc,,,,,,
text_s3_full100_A2.judged,travel_08,travel_identity,easy,1,FALSE_START,1,,search_flights,search_flights,,,,,,
text_s3_full100_A2.judged,travel_10,travel_identity,medium,1,FILLER|SELF_CORRECTION,1,,search_flights,search_flights,,,,,,
text_s3_full100_A2.judged,travel_11,travel_identity,medium,2,,1,,search_flights|book_flight,search_flights|book_flight,,,,,,
text_s3_full100_A2.judged,travel_14,travel_identity,medium,1,HESITATION|PAUSE,1,,search_flights,search_flights,,,,,,
text_s3_full100_A2.judged,travel_16,travel_identity,medium,1,FILLER,1,,search_flights,search_flights,,,,,,
text_s3_full100_A2.judged,travel_18,travel_identity,hard,3,FILLER,1,,search_flights|book_flight|update_identity_doc,search_flights|book_flight|update_identity_doc,,,,,,
text_s3_full100_A2.judged,travel_19,travel_identity,hard,1,SELF_CORRECTION,1,,search_flights,search_flights,,,,,,
text_s3_full100_A2.judged,travel_20,travel_identity,hard,3,,0,"Missing tools: ['search_flights', 'book_flight', 'update_identity_doc']",search_flights|book_flight|update_identity_doc,,search_flights|book_flight|update_identity_doc,,,,,
text_s3_full100_A2.judged,travel_21,travel_identity,hard,3,PAUSE|FILLER,1,,search_flights|book_flight|update_identity_doc,search_flights|book_flight|update_identity_doc,,,,,,
text_s3_full100_A2.judged,travel_21,travel_identity,hard,3,PAUSE|FILLER,1,,search_flights|book_flight|update_identity_doc,search_flights|book_flight|update_identity_doc,,,,,,
text_s3_full100_A2.judged,travel_23,travel_identity,hard,2,FILLER,1,,update_identity_doc|update_identity_doc,update_identity_doc|update_identity_doc,,,,,,
text_s3_full100_A2.judged,travel_23,travel_identity,hard,2,FILLER,1,,update_identity_doc|update_identity_doc,update_identity_doc|update_identity_doc,,,,,,
text_s3_full100_A2.judged,travel_24,travel_identity,hard,3,,1,,search_flights|book_flight|update_identity_doc,search_flights|book_flight|update_identity_doc,,,,,,
text_s3_full100_B,ecommerce_01,ecommerce_support,easy,1,,1,,track_order,track_order,,,3.125,1.463,4.134,
text_s3_full100_B,ecommerce_01,ecommerce_support,easy,1,,1,,track_order,track_order,,,3.125,1.463,4.134,
text_s3_full100_B,ecommerce_02,ecommerce_support,easy,1,,1,,search_products,search_products,,,2.872,1.462,4.635,
text_s3_full100_B,ecommerce_04,ecommerce_support,easy,1,PAUSE,1,,track_order,track_order,,,2.972,1.513,4.082,
text_s3_full100_B,ecommerce_05,ecommerce_support,easy,1,FILLER|HESITATION,0,Wrong arguments for: ['search_products'],search_products,search_products,,,2.722,1.412,4.335,
text_s3_full100_B,ecommerce_06,ecommerce_support,easy,1,,1,,add_to_cart,add_to_cart,,,2.617,1.411,3.873,
text_s3_full100_B,ecommerce_07,ecommerce_support,easy,1,FALSE_START,1,,track_order,track_order,,,3.125,1.865,4.435,
text_s3_full100_B,ecommerce_08,ecommerce_support,easy,1,PAUSE,0,Wrong arguments for: ['search_products'],search_products,search_products,,,3.173,1.864,4.786,
text_s3_full100_B,ecommerce_08,ecommerce_support,easy,1,PAUSE,0,Wrong arguments for: ['search_products'],search_products,search_products,,,3.173,1.864,4.786,
text_s3_full100_B,ecommerce_09,ecommerce_support,medium,1,SELF_CORRECTION,1,,search_products,search_products,,,3.275,1.865,4.637,
text_s3_full100_B,ecommerce_10,ecommerce_support,medium,2,,1,,track_order|search_products,track_order|search_products,,,3.675,2.113,4.987,
text_s3_full100_B,ecommerce_11,ecommerce_support,medium,1,SELF_CORRECTION,1,,add_to_cart,add_to_cart,,,3.074,1.714,4.385,
text_s3_full100_B,ecommerce_12,ecommerce_support,medium,1,HESITATION|PAUSE,0,Wrong arguments for: ['search_products'],search_products,search_products,,,2.822,1.361,4.334,
text_s3_full100_B,ecommerce_13,ecommerce_support,medium,2,,1,,add_to_cart|track_order,add_to_cart|track_order,,,2.871,1.612,4.686,
text_s3_full100_B,ecommerce_13,ecommerce_support,medium,2,,0,"Missing tools: ['add_to_cart', 'track_order']",add_to_cart|track_order,,add_to_cart|track_order,,2.871,1.612,4.686,
text_s3_full100_B,ecommerce_14,ecommerce_support,medium,1,FILLER,1,,add_to_cart,add_to_cart,,,3.123,1.462,4.33,
text_s3_full100_B,ecommerce_14,ecommerce_support,medium,1,FILLER,1,,add_to_cart,add_to_cart,,,3.123,1.462,4.33,
text_s3_full100_B,ecommerce_15,ecommerce_support,medium,1,FILLER|PAUSE,1,,track_order,track_order,,,3.075,1.715,4.687,
text_s3_full100_B,ecommerce_15,ecommerce_support,medium,1,FILLER|PAUSE,1,,track_order,track_order,,,3.075,1.715,4.687,
text_s3_full100_B,ecommerce_16,ecommerce_support,medium,1,HESITATION|PAUSE,1,,search_products,search_products,,,3.074,1.663,4.535,
text_s3_full100_B,ecommerce_17,ecommerce_support,medium,1,FALSE_START,1,,track_order,track_order,,,2.667,1.462,3.977,
text_s3_full100_B,ecommerce_18,ecommerce_support,hard,3,,0,Wrong arguments for: ['search_products'],search_products|add_to_cart|track_order,search_products|add_to_cart|track_order,,,3.275,1.563,4.995,
text_s3_full100_B,ecommerce_19,ecommerce_support,hard,2,SELF_CORRECTION,1,,search_products|add_to_cart,search_products|add_to_cart,,,3.123,1.462,4.737,
text_s3_full100_B,ecommerce_20,ecommerce_support,hard,2,,0,Unexpected tools: ['track_order'],search_products|add_to_cart,search_products|add_to_cart|track_order,,track_order,3.728,1.865,5.343,
text_s3_full100_B,ecommerce_21,ecommerce_support,hard,3,FILLER,0,Wrong arguments for: ['search_products'],track_order|search_products|add_to_cart,track_order|search_products|add_to_cart,,,3.526,2.166,5.344,
text_s3_full100_B,ecommerce_21,ecommerce_support,hard,3,FILLER,0,Wrong arguments for: ['search_products'],track_order|search_products|add_to_cart,track_order|search_products|add_to_cart,,,3.526,2.166,5.344,
text_s3_full100_B,ecommerce_23,ecommerce_support,hard,2,,1,,track_order|add_to_cart,track_order|add_to_cart,,,4.13,1.714,5.694,
text_s3_full100_B,ecommerce_25,ecommerce_support,hard,3,FALSE_START,1,,track_order|search_products|add_to_cart,track_order|search_products|add_to_cart,,,3.476,1.864,4.689,
text_s3_full100_B,ecommerce_25,ecommerce_support,hard,3,FALSE_START,1,,track_order|search_products|add_to_cart,track_order|search_products|add_to_cart,,,3.476,1.864,4.689,
text_s3_full100_B,finance_01,finance_billing,easy,1,,1,,get_exchange_rate,get_exchange_rate,,,2.772,1.362,4.334,
text_s3_full100_B,finance_01,finance_billing,easy,1,,1,,get_exchange_rate,get_exchange_rate,,,2.772,1.362,4.334,
text_s3_full100_B,finance_02,finance_billing,easy,1,,1,,get_card_benefits,get_card_benefits,,,2.671,1.462,4.084,
text_s3_full100_B,finance_03,finance_billing,easy,1,FILLER,1,,modify_autopay,modify_autopay,,,3.276,1.665,4.534,
text_s3_full100_B,finance_03,finance_billing,easy,1,FILLER,1,,modify_autopay,modify_autopay,,,3.276,1.665,4.534,
text_s3_full100_B,finance_04,finance_billing,easy,1,PAUSE,1,,get_exchange_rate,get_exchange_rate,,,3.173,1.764,4.736,
text_s3_full100_B,finance_06,finance_billing,easy,1,FILLER|PAUSE,1,,get_card_benefits,get_card_benefits,,,2.972,1.713,4.685,
text_s3_full100_B,finance_07,finance_billing,easy,1,FALSE_START,1,,modify_autopay,modify_autopay,,,3.273,1.562,4.382,
text_s3_full100_B,finance_07,finance_billing,easy,1,FALSE_START,1,,modify_autopay,modify_autopay,,,3.273,1.562,4.382,
text_s3_full100_B,finance_08,finance_billing,easy,1,HESITATION,0,Missing tools: ['get_exchange_rate'],get_exchange_rate,,get_exchange_rate,,,1.561,15.038,
text_s3_full100_B,finance_08,finance_billing,easy,1,HESITATION,1,,get_exchange_rate,get_exchange_rate,,,,1.561,15.038,
text_s3_full100_B,finance_10,finance_billing,medium,2,,1,,get_card_benefits|get_exchange_rate,get_card_benefits|get_exchange_rate,,,3.423,1.46,5.037,
text_s3_full100_B,finance_11,finance_billing,medium,1,FILLER,1,,modify_autopay,modify_autopay,,,2.972,1.562,4.384,
text_s3_full100_B,finance_12,finance_billing,medium,1,SELF_CORRECTION,1,,get_exchange_rate,get_exchange_rate,,,3.225,1.765,4.536,
text_s3_full100_B,finance_12,finance_billing,medium,1,SELF_CORRECTION,1,,get_exchange_rate,get_exchange_rate,,,3.225,1.765,4.536,
text_s3_full100_B,finance_14,finance_billing,medium,2,,1,,get_exchange_rate|get_exchange_rate,get_exchange_rate|get_exchange_rate,,,3.828,1.664,5.542,
text_s3_full100_B,finance_15,finance_billing,medium,1,SELF_CORRECTION,1,,modify_autopay,modify_autopay,,,3.274,2.065,4.383,
text_s3_full100_B,finance_16,finance_billing,medium,1,HESITATION|PAUSE,1,,get_exchange_rate,get_exchange_rate,,,2.923,1.513,4.234,
text_s3_full100_B,finance_17,finance_billing,medium,1,FALSE_START,1,,get_card_benefits,get_card_benefits,,,3.074,1.513,4.284,
text_s3_full100_B,finance_18,finance_billing,hard,3,,1,,get_exchange_rate|modify_autopay|get_card_benefits,get_exchange_rate|modify_autopay|get_card_benefits,,,3.726,2.065,5.292,
text_s3_full100_B,finance_19,finance_billing,hard,1,SELF_CORRECTION,1,,get_exchange_rate,get_exchange_rate,,,2.922,1.763,4.383,
text_s3_full100_B,finance_20,finance_billing,hard,2,,1,,get_exchange_rate|modify_autopay,get_exchange_rate|modify_autopay,,,3.123,1.461,4.688,
text_s3_full100_B,finance_21,finance_billing,hard,2,FILLER,1,,get_card_benefits|get_exchange_rate,get_card_benefits|get_exchange_rate,,,3.57,2.059,5.134,
text_s3_full100_B,finance_22,finance_billing,hard,2,FILLER,1,,modify_autopay|modify_autopay,modify_autopay|modify_autopay,,,3.979,2.116,5.343,
text_s3_full100_B,finance_23,finance_billing,hard,1,FALSE_START|SELF_CORRECTION,1,,modify_autopay,modify_autopay,,,3.375,1.713,4.485,
text_s3_full100_B,housing_01,housing_location,easy,1,,1,,search_apartments,search_apartments,,,3.172,1.612,5.246,
text_s3_full100_B,housing_02,housing_location,easy,1,,0,Wrong arguments for: ['calculate_commute'],calculate_commute,calculate_commute,,,3.122,1.713,5.595,
text_s3_full100_B,housing_03,housing_location,easy,1,FILLER,0,Wrong arguments for: ['update_search_filter'],update_search_filter,update_search_filter,,,2.469,1.411,3.835,
text_s3_full100_B,housing_04,housing_location,easy,1,PAUSE,1,,search_apartments,search_apartments,,,3.526,2.066,5.524,
text_s3_full100_B,housing_05,housing_location,easy,1,HESITATION|PAUSE,0,Wrong arguments for: ['search_apartments'],search_apartments,search_apartments,,,2.973,1.613,5.02,
text_s3_full100_B,housing_05,housing_location,easy,1,HESITATION|PAUSE,0,Wrong arguments for: ['search_apartments'],search_apartments,search_apartments,,,2.973,1.613,5.02,
text_s3_full100_B,housing_06,housing_location,easy,1,,0,Wrong arguments for: ['calculate_commute'],calculate_commute,calculate_commute,,,3.275,1.664,5.124,
text_s3_full100_B,housing_08,housing_location,easy,1,FALSE_START,0,Wrong arguments for: ['update_search_filter'],update_search_filter,update_search_filter,,,2.871,1.411,4.387,
text_s3_full100_B,housing_09,housing_location,medium,1,SELF_CORRECTION,1,,search_apartments,search_apartments,,,3.323,1.865,5.535,
text_s3_full100_B,housing_10,housing_location,medium,2,,0,"Wrong arguments for: ['calculate_commute', 'update_search_filter']",calculate_commute|update_search_filter,calculate_commute|update_search_filter,,,3.427,1.764,6.073,
text_s3_full100_B,housing_11,housing_location,medium,1,SELF_CORRECTION,0,Missing tools: ['search_apartments'],search_apartments,,search_apartments,,,1.613,15.045,
text_s3_full100_B,housing_13,housing_location,medium,2,,0,"Missing tools: ['update_search_filter', 'update_search_filter']",update_search_filter|update_search_filter,,update_search_filter|update_search_filter,,,3.524,,timeout waiting for FINAL
text_s3_full100_B,housing_14,housing_location,medium,1,FILLER,0,Wrong arguments for: ['search_apartments'],search_apartments,search_apartments,,,4.282,1.864,6.137,
text_s3_full100_B,housing_14,housing_location,medium,1,FILLER,0,Wrong arguments for: ['search_apartments'],search_apartments,search_apartments,,,4.282,1.864,6.137,
text_s3_full100_B,housing_15,housing_location,medium,1,FALSE_START,0,Wrong arguments for: ['search_apartments'],search_apartments,search_apartments,,,3.526,1.765,5.238,
text_s3_full100_B,housing_15,housing_location,medium,1,FALSE_START,0,Unexpected tools: ['update_search_filter'],search_apartments,search_apartments|update_search_filter,,update_search_filter,3.526,1.765,5.238,
text_s3_full100_B,housing_17,housing_location,medium,1,SELF_CORRECTION,1,,calculate_commute,calculate_commute,,,2.671,1.562,4.719,
text_s3_full100_B,housing_17,housing_location,medium,1,SELF_CORRECTION,1,,calculate_commute,calculate_commute,,,2.671,1.562,4.719,
text_s3_full100_B,housing_18,housing_location,hard,2,,0,Wrong arguments for: ['calculate_commute'],search_apartments|calculate_commute,search_apartments|calculate_commute,,,3.576,1.864,5.683,
text_s3_full100_B,housing_19,housing_location,hard,1,SELF_CORRECTION,1,,calculate_commute,calculate_commute,,,2.819,1.712,4.817,
text_s3_full100_B,housing_20,housing_location,hard,3,,0,Missing tools: ['update_search_filter'],search_apartments|calculate_commute|update_search_filter,search_apartments|calculate_commute,update_search_filter,,3.677,1.965,6.008,
text_s3_full100_B,housing_21,housing_location,hard,2,SELF_CORRECTION,0,"Missing tools: ['search_apartments', 'calculate_commute']",search_apartments|calculate_commute,,search_apartments|calculate_commute,,,1.663,15.048,
text_s3_full100_B,housing_22,housing_location,hard,3,FILLER,0,"Wrong arguments for: ['update_search_filter', 'calculate_commute']",update_search_filter|search_apartments|calculate_commute,update_search_filter|search_apartments|calculate_commute,,,3.427,1.865,6.274,
text_s3_full100_B,housing_24,housing_location,hard,3,PAUSE|FILLER,0,"Missing tools: ['update_search_filter', 'search_apartments', 'calculate_commute']",update_search_filter|search_apartments|calculate_commute,,update_search_filter|search_apartments|calculate_commute,,,1.713,15.044,
text_s3_full100_B,housing_24,housing_location,hard,3,PAUSE|FILLER,0,"Wrong arguments for: ['update_search_filter', 'calculate_commute']",update_search_filter|search_apartments|calculate_commute,update_search_filter|search_apartments|calculate_commute,,,,1.713,15.044,
text_s3_full100_B,housing_25,housing_location,hard,3,SELF_CORRECTION,0,"Missing tools: ['update_search_filter', 'search_apartments']",update_search_filter|update_search_filter|search_apartments,update_search_filter,update_search_filter|search_apartments,,3.374,1.511,15.013,
text_s3_full100_B,travel_01,travel_identity,easy,1,,1,,search_flights,search_flights,,,3.476,1.865,5.444,
text_s3_full100_B,travel_02,travel_identity,easy,1,,0,Wrong arguments for: ['update_identity_doc'],update_identity_doc,update_identity_doc,,,3.175,1.764,4.435,
text_s3_full100_B,travel_03,travel_identity,easy,1,FILLER,1,,search_flights,search_flights,,,2.772,1.461,4.934,
text_s3_full100_B,travel_03,travel_identity,easy,1,FILLER,1,,search_flights,search_flights,,,2.772,1.461,4.934,
text_s3_full100_B,travel_05,travel_identity,easy,1,FILLER|HESITATION,0,Wrong arguments for: ['search_flights'],search_flights,search_flights,,,2.62,1.563,6.724,
text_s3_full100_B,travel_07,travel_identity,easy,1,,1,,update_identity_doc,update_identity_doc,,,2.821,1.512,4.182,
text_s3_full100_B,travel_07,travel_identity,easy,1,,1,,update_identity_doc,update_identity_doc,,,2.821,1.512,4.182,
text_s3_full100_B,travel_08,travel_identity,easy,1,FALSE_START,1,,search_flights,search_flights,,,2.973,1.864,4.82,
text_s3_full100_B,travel_10,travel_identity,medium,1,FILLER|SELF_CORRECTION,1,,search_flights,search_flights,,,2.721,1.511,4.689,
text_s3_full100_B,travel_11,travel_identity,medium,2,,1,,search_flights|book_flight,search_flights|book_flight,,,3.374,1.461,5.085,
text_s3_full100_B,travel_14,travel_identity,medium,1,HESITATION|PAUSE,1,,search_flights,search_flights,,,2.922,1.714,5.373,
text_s3_full100_B,travel_16,travel_identity,medium,1,FILLER,0,Wrong arguments for: ['search_flights'],search_flights,search_flights,,,2.77,1.411,4.904,
text_s3_full100_B,travel_18,travel_identity,hard,3,FILLER,0,"Missing tools: ['search_flights', 'book_flight', 'update_identity_doc']",search_flights|book_flight|update_identity_doc,,search_flights|book_flight|update_identity_doc,,,2.369,15.046,
text_s3_full100_B,travel_19,travel_identity,hard,1,SELF_CORRECTION,0,Wrong arguments for: ['search_flights'],search_flights,search_flights,,,2.922,1.462,4.634,
text_s3_full100_B,travel_20,travel_identity,hard,3,,1,,search_flights|book_flight|update_identity_doc,search_flights|book_flight|update_identity_doc,,,3.728,1.865,5.729,
text_s3_full100_B,travel_21,travel_identity,hard,3,PAUSE|FILLER,0,Wrong arguments for: ['search_flights'],search_flights|book_flight|update_identity_doc,search_flights|book_flight|update_identity_doc,,,3.526,1.764,5.646,
text_s3_full100_B,travel_21,travel_identity,hard,3,PAUSE|FILLER,0,Wrong arguments for: ['search_flights'],search_flights|book_flight|update_identity_doc,search_flights|book_flight|update_identity_doc,,,3.526,1.764,5.646,
text_s3_full100_B,travel_23,travel_identity,hard,2,FILLER,1,,update_identity_doc|update_identity_doc,update_identity_doc|update_identity_doc,,,3.628,1.614,4.739,
text_s3_full100_B,travel_23,travel_identity,hard,2,FILLER,1,,update_identity_doc|update_identity_doc,update_identity_doc|update_identity_doc,,,3.628,1.614,4.739,
text_s3_full100_B,travel_24,travel_identity,hard,3,,0,"Missing tools: ['search_flights', 'book_flight', 'update_identity_doc']",search_flights|book_flight|update_identity_doc,,search_flights|book_flight|update_identity_doc,,,1.765,15.049,
text_s3_full100_B.judged,ecommerce_01,ecommerce_support,easy,1,,1,,track_order,track_order,,,,,,
text_s3_full100_B.judged,ecommerce_01,ecommerce_support,easy,1,,1,,track_order,track_order,,,,,,
text_s3_full100_B.judged,ecommerce_02,ecommerce_support,easy,1,,1,,search_products,search_products,,,,,,
text_s3_full100_B.judged,ecommerce_04,ecommerce_support,easy,1,PAUSE,1,,track_order,track_order,,,,,,
text_s3_full100_B.judged,ecommerce_05,ecommerce_support,easy,1,FILLER|HESITATION,0,Wrong arguments for: ['search_products'],search_products,search_products,,,,,,
text_s3_full100_B.judged,ecommerce_06,ecommerce_support,easy,1,,1,,add_to_cart,add_to_cart,,,,,,
text_s3_full100_B.judged,ecommerce_07,ecommerce_support,easy,1,FALSE_START,1,,track_order,track_order,,,,,,
text_s3_full100_B.judged,ecommerce_08,ecommerce_support,easy,1,PAUSE,0,Wrong arguments for: ['search_products'],search_products,search_products,,,,,,
text_s3_full100_B.judged,ecommerce_08,ecommerce_support,easy,1,PAUSE,0,Wrong arguments for: ['search_products'],search_products,search_products,,,,,,
text_s3_full100_B.judged,ecommerce_09,ecommerce_support,medium,1,SELF_CORRECTION,1,,search_products,search_products,,,,,,
text_s3_full100_B.judged,ecommerce_10,ecommerce_support,medium,2,,1,,track_order|search_products,track_order|search_products,,,,,,
text_s3_full100_B.judged,ecommerce_11,ecommerce_support,medium,1,SELF_CORRECTION,1,,add_to_cart,add_to_cart,,,,,,
text_s3_full100_B.judged,ecommerce_12,ecommerce_support,medium,1,HESITATION|PAUSE,0,Wrong arguments for: ['search_products'],search_products,search_products,,,,,,
text_s3_full100_B.judged,ecommerce_13,ecommerce_support,medium,2,,1,,add_to_cart|track_order,add_to_cart|track_order,,,,,,
text_s3_full100_B.judged,ecommerce_13,ecommerce_support,medium,2,,0,"Missing tools: ['add_to_cart', 'track_order']",add_to_cart|track_order,,add_to_cart|track_order,,,,,
text_s3_full100_B.judged,ecommerce_14,ecommerce_support,medium,1,FILLER,1,,add_to_cart,add_to_cart,,,,,,
text_s3_full100_B.judged,ecommerce_14,ecommerce_support,medium,1,FILLER,1,,add_to_cart,add_to_cart,,,,,,
text_s3_full100_B.judged,ecommerce_15,ecommerce_support,medium,1,FILLER|PAUSE,1,,track_order,track_order,,,,,,
text_s3_full100_B.judged,ecommerce_15,ecommerce_support,medium,1,FILLER|PAUSE,1,,track_order,track_order,,,,,,
text_s3_full100_B.judged,ecommerce_16,ecommerce_support,medium,1,HESITATION|PAUSE,1,,search_products,search_products,,,,,,
text_s3_full100_B.judged,ecommerce_17,ecommerce_support,medium,1,FALSE_START,1,,track_order,track_order,,,,,,
text_s3_full100_B.judged,ecommerce_18,ecommerce_support,hard,3,,0,"Wrong arguments for: ['search_products', 'add_to_cart']",search_products|add_to_cart|track_order,search_products|add_to_cart|track_order,,,,,,
text_s3_full100_B.judged,ecommerce_19,ecommerce_support,hard,2,SELF_CORRECTION,0,Wrong arguments for: ['add_to_cart'],search_products|add_to_cart,search_products|add_to_cart,,,,,,
text_s3_full100_B.judged,ecommerce_20,ecommerce_support,hard,2,,0,Unexpected tools: ['track_order'],search_products|add_to_cart,search_products|add_to_cart|track_order,,track_order,,,,
text_s3_full100_B.judged,ecommerce_21,ecommerce_support,hard,3,FILLER,0,Wrong arguments for: ['search_products'],track_order|search_products|add_to_cart,track_order|search_products|add_to_cart,,,,,,
text_s3_full100_B.judged,ecommerce_21,ecommerce_support,hard,3,FILLER,0,"Wrong arguments for: ['search_products', 'add_to_cart']",track_order|search_products|add_to_cart,track_order|search_products|add_to_cart,,,,,,
text_s3_full100_B.judged,ecommerce_23,ecommerce_support,hard,2,,1,,track_order|add_to_cart,track_order|add_to_cart,,,,,,
text_s3_full100_B.judged,ecommerce_25,ecommerce_support,hard,3,FALSE_START,0,Wrong arguments for: ['add_to_cart'],track_order|search_products|add_to_cart,track_order|search_products|add_to_cart,,,,,,
text_s3_full100_B.judged,ecommerce_25,ecommerce_support,hard,3,FALSE_START,0,Wrong arguments for: ['add_to_cart'],track_order|search_products|add_to_cart,track_order|search_products|add_to_cart,,,,,,
text_s3_full100_B.judged,finance_01,finance_billing,easy,1,,1,,get_exchange_rate,get_exchange_rate,,,,,,
text_s3_full100_B.judged,finance_01,finance_billing,easy,1,,1,,get_exchange_rate,get_exchange_rate,,,,,,
text_s3_full100_B.judged,finance_02,finance_billing,easy,1,,1,,get_card_benefits,get_card_benefits,,,,,,
text_s3_full100_B.judged,finance_03,finance_billing,easy,1,FILLER,1,,modify_autopay,modify_autopay,,,,,,
text_s3_full100_B.judged,finance_03,finance_billing,easy,1,FILLER,1,,modify_autopay,modify_autopay,,,,,,
text_s3_full100_B.judged,finance_04,finance_billing,easy,1,PAUSE,1,,get_exchange_rate,get_exchange_rate,,,,,,
text_s3_full100_B.judged,finance_06,finance_billing,easy,1,FILLER|PAUSE,1,,get_card_benefits,get_card_benefits,,,,,,
text_s3_full100_B.judged,finance_07,finance_billing,easy,1,FALSE_START,1,,modify_autopay,modify_autopay,,,,,,
text_s3_full100_B.judged,finance_07,finance_billing,easy,1,FALSE_START,1,,modify_autopay,modify_autopay,,,,,,
text_s3_full100_B.judged,finance_08,finance_billing,easy,1,HESITATION,0,Missing tools: ['get_exchange_rate'],get_exchange_rate,,get_exchange_rate,,,,,
text_s3_full100_B.judged,finance_08,finance_billing,easy,1,HESITATION,1,,get_exchange_rate,get_exchange_rate,,,,,,
text_s3_full100_B.judged,finance_10,finance_billing,medium,2,,1,,get_card_benefits|get_exchange_rate,get_card_benefits|get_exchange_rate,,,,,,
text_s3_full100_B.judged,finance_11,finance_billing,medium,1,FILLER,1,,modify_autopay,modify_autopay,,,,,,
text_s3_full100_B.judged,finance_12,finance_billing,medium,1,SELF_CORRECTION,1,,get_exchange_rate,get_exchange_rate,,,,,,
text_s3_full100_B.judged,finance_12,finance_billing,medium,1,SELF_CORRECTION,1,,get_exchange_rate,get_exchange_rate,,,,,,
text_s3_full100_B.judged,finance_14,finance_billing,medium,2,,1,,get_exchange_rate|get_exchange_rate,get_exchange_rate|get_exchange_rate,,,,,,
text_s3_full100_B.judged,finance_15,finance_billing,medium,1,SELF_CORRECTION,1,,modify_autopay,modify_autopay,,,,,,
text_s3_full100_B.judged,finance_16,finance_billing,medium,1,HESITATION|PAUSE,1,,get_exchange_rate,get_exchange_rate,,,,,,
text_s3_full100_B.judged,finance_17,finance_billing,medium,1,FALSE_START,1,,get_card_benefits,get_card_benefits,,,,,,
text_s3_full100_B.judged,finance_18,finance_billing,hard,3,,1,,get_exchange_rate|modify_autopay|get_card_benefits,get_exchange_rate|modify_autopay|get_card_benefits,,,,,,
text_s3_full100_B.judged,finance_19,finance_billing,hard,1,SELF_CORRECTION,1,,get_exchange_rate,get_exchange_rate,,,,,,
text_s3_full100_B.judged,finance_20,finance_billing,hard,2,,1,,get_exchange_rate|modify_autopay,get_exchange_rate|modify_autopay,,,,,,
text_s3_full100_B.judged,finance_21,finance_billing,hard,2,FILLER,1,,get_card_benefits|get_exchange_rate,get_card_benefits|get_exchange_rate,,,,,,
text_s3_full100_B.judged,finance_22,finance_billing,hard,2,FILLER,0,Wrong arguments for: ['modify_autopay'],modify_autopay|modify_autopay,modify_autopay|modify_autopay,,,,,,
text_s3_full100_B.judged,finance_23,finance_billing,hard,1,FALSE_START|SELF_CORRECTION,1,,modify_autopay,modify_autopay,,,,,,
text_s3_full100_B.judged,housing_01,housing_location,easy,1,,1,,search_apartments,search_apartments,,,,,,
text_s3_full100_B.judged,housing_02,housing_location,easy,1,,0,Wrong arguments for: ['calculate_commute'],calculate_commute,calculate_commute,,,,,,
text_s3_full100_B.judged,housing_03,housing_location,easy,1,FILLER,0,Wrong arguments for: ['update_search_filter'],update_search_filter,update_search_filter,,,,,,
text_s3_full100_B.judged,housing_04,housing_location,easy,1,PAUSE,1,,search_apartments,search_apartments,,,,,,
text_s3_full100_B.judged,housing_05,housing_location,easy,1,HESITATION|PAUSE,0,Wrong arguments for: ['search_apartments'],search_apartments,search_apartments,,,,,,
text_s3_full100_B.judged,housing_05,housing_location,easy,1,HESITATION|PAUSE,0,Wrong arguments for: ['search_apartments'],search_apartments,search_apartments,,,,,,
text_s3_full100_B.judged,housing_06,housing_location,easy,1,,0,Wrong arguments for: ['calculate_commute'],calculate_commute,calculate_commute,,,,,,
text_s3_full100_B.judged,housing_08,housing_location,easy,1,FALSE_START,0,Wrong arguments for: ['update_search_filter'],update_search_filter,update_search_filter,,,,,,
text_s3_full100_B.judged,housing_09,housing_location,medium,1,SELF_CORRECTION,1,,search_apartments,search_apartments,,,,,,
text_s3_full100_B.judged,housing_10,housing_location,medium,2,,0,"Wrong arguments for: ['calculate_commute', 'update_search_filter']",calculate_commute|update_search_filter,calculate_commute|update_search_filter,,,,,,
text_s3_full100_B.judged,housing_11,housing_location,medium,1,SELF_CORRECTION,0,Missing tools: ['search_apartments'],search_apartments,,search_apartments,,,,,
text_s3_full100_B.judged,housing_13,housing_location,medium,2,,0,"Missing tools: ['update_search_filter', 'update_search_filter']",update_search_filter|update_search_filter,,update_search_filter|update_search_filter,,,,,
text_s3_full100_B.judged,housing_14,housing_location,medium,1,FILLER,0,Wrong arguments for: ['search_apartments'],search_apartments,search_apartments,,,,,,
text_s3_full100_B.judged,housing_14,housing_location,medium,1,FILLER,0,Wrong arguments for: ['search_apartments'],search_apartments,search_apartments,,,,,,
text_s3_full100_B.judged,housing_15,housing_location,medium,1,FALSE_START,0,Wrong arguments for: ['search_apartments'],search_apartments,search_apartments,,,,,,
text_s3_full100_B.judged,housing_15,housing_location,medium,1,FALSE_START,0,Unexpected tools: ['update_search_filter'],search_apartments,search_apartments|update_search_filter,,update_search_filter,,,,
text_s3_full100_B.judged,housing_17,housing_location,medium,1,SELF_CORRECTION,1,,calculate_commute,calculate_commute,,,,,,
text_s3_full100_B.judged,housing_17,housing_location,medium,1,SELF_CORRECTION,1,,calculate_commute,calculate_commute,,,,,,
text_s3_full100_B.judged,housing_18,housing_location,hard,2,,0,Wrong arguments for: ['calculate_commute'],search_apartments|calculate_commute,search_apartments|calculate_commute,,,,,,
text_s3_full100_B.judged,housing_19,housing_location,hard,1,SELF_CORRECTION,1,,calculate_commute,calculate_commute,,,,,,
text_s3_full100_B.judged,housing_20,housing_location,hard,3,,0,Missing tools: ['update_search_filter'],search_apartments|calculate_commute|update_search_filter,search_apartments|calculate_commute,update_search_filter,,,,,
text_s3_full100_B.judged,housing_21,housing_location,hard,2,SELF_CORRECTION,0,"Missing tools: ['search_apartments', 'calculate_commute']",search_apartments|calculate_commute,,search_apartments|calculate_commute,,,,,
text_s3_full100_B.judged,housing_22,housing_location,hard,3,FILLER,0,"Wrong arguments for: ['update_search_filter', 'calculate_commute']",update_search_filter|search_apartments|calculate_commute,update_search_filter|search_apartments|calculate_commute,,,,,,
text_s3_full100_B.judged,housing_24,housing_location,hard,3,PAUSE|FILLER,0,"Missing tools: ['update_search_filter', 'search_apartments', 'calculate_commute']",update_search_filter|search_apartments|calculate_commute,,update_search_filter|search_apartments|calculate_commute,,,,,
text_s3_full100_B.judged,housing_24,housing_location,hard,3,PAUSE|FILLER,0,"Wrong arguments for: ['update_search_filter', 'search_apartments', 'calculate_commute']",update_search_filter|search_apartments|calculate_commute,update_search_filter|search_apartments|calculate_commute,,,,,,
text_s3_full100_B.judged,housing_25,housing_location,hard,3,SELF_CORRECTION,0,"Missing tools: ['update_search_filter', 'search_apartments']",update_search_filter|update_search_filter|search_apartments,update_search_filter,update_search_filter|search_apartments,,,,,
text_s3_full100_B.judged,travel_01,travel_identity,easy,1,,1,,search_flights,search_flights,,,,,,
text_s3_full100_B.judged,travel_02,travel_identity,easy,1,,0,Wrong arguments for: ['update_identity_doc'],update_identity_doc,update_identity_doc,,,,,,
text_s3_full100_B.judged,travel_03,travel_identity,easy,1,FILLER,1,,search_flights,search_flights,,,,,,
text_s3_full100_B.judged,travel_03,travel_identity,easy,1,FILLER,1,,search_flights,search_flights,,,,,,
text_s3_full100_B.judged,travel_05,travel_identity,easy,1,FILLER|HESITATION,1,,search_flights,search_flights,,,,,,
text_s3_full100_B.judged,travel_07,travel_identity,easy,1,,1,,update_identity_doc,update_identity_doc,,,,,,
text_s3_full100_B.judged,travel_07,travel_identity,easy,1,,1,,update_identity_doc,update_identity_doc,,,,,,
text_s3_full100_B.judged,travel_08,travel_identity,easy,1,FALSE_START,1,,search_flights,search_flights,,,,,,
text_s3_full100_B.judged,travel_10,travel_identity,medium,1,FILLER|SELF_CORRECTION,1,,search_flights,search_flights,,,,,,
text_s3_full100_B.judged,travel_11,travel_identity,medium,2,,1,,search_flights|book_flight,search_flights|book_flight,,,,,,
text_s3_full100_B.judged,travel_14,travel_identity,medium,1,HESITATION|PAUSE,1,,search_flights,search_flights,,,,,,
text_s3_full100_B.judged,travel_16,travel_identity,medium,1,FILLER,1,,search_flights,search_flights,,,,,,
text_s3_full100_B.judged,travel_18,travel_identity,hard,3,FILLER,0,"Missing tools: ['search_flights', 'book_flight', 'update_identity_doc']",search_flights|book_flight|update_identity_doc,,search_flights|book_flight|update_identity_doc,,,,,
text_s3_full100_B.judged,travel_19,travel_identity,hard,1,SELF_CORRECTION,1,,search_flights,search_flights,,,,,,
text_s3_full100_B.judged,travel_20,travel_identity,hard,3,,1,,search_flights|book_flight|update_identity_doc,search_flights|book_flight|update_identity_doc,,,,,,
text_s3_full100_B.judged,travel_21,travel_identity,hard,3,PAUSE|FILLER,1,,search_flights|book_flight|update_identity_doc,search_flights|book_flight|update_identity_doc,,,,,,
text_s3_full100_B.judged,travel_21,travel_identity,hard,3,PAUSE|FILLER,1,,search_flights|book_flight|update_identity_doc,search_flights|book_flight|update_identity_doc,,,,,,
text_s3_full100_B.judged,travel_23,travel_identity,hard,2,FILLER,1,,update_identity_doc|update_identity_doc,update_identity_doc|update_identity_doc,,,,,,
text_s3_full100_B.judged,travel_23,travel_identity,hard,2,FILLER,1,,update_identity_doc|update_identity_doc,update_identity_doc|update_identity_doc,,,,,,
text_s3_full100_B.judged,travel_24,travel_identity,hard,3,,0,"Missing tools: ['search_flights', 'book_flight', 'update_identity_doc']",search_flights|book_flight|update_identity_doc,,search_flights|book_flight|update_identity_doc,,,,,
text_s3_full100_C,ecommerce_01,ecommerce_support,easy,1,,1,,track_order,track_order,,,2.414,2.413,3.675,
text_s3_full100_C,ecommerce_01,ecommerce_support,easy,1,,1,,track_order,track_order,,,2.414,2.413,3.675,
text_s3_full100_C,ecommerce_02,ecommerce_support,easy,1,,1,,search_products,search_products,,,1.361,1.361,2.772,
text_s3_full100_C,ecommerce_04,ecommerce_support,easy,1,PAUSE,1,,track_order,track_order,,,1.311,1.311,2.773,
text_s3_full100_C,ecommerce_05,ecommerce_support,easy,1,FILLER|HESITATION,0,Wrong arguments for: ['search_products'],search_products,search_products,,,1.814,1.814,3.578,
text_s3_full100_C,ecommerce_06,ecommerce_support,easy,1,,1,,add_to_cart,add_to_cart,,,1.712,1.712,3.372,
text_s3_full100_C,ecommerce_07,ecommerce_support,easy,1,FALSE_START,1,,track_order,track_order,,,1.461,1.461,2.721,
text_s3_full100_C,ecommerce_08,ecommerce_support,easy,1,PAUSE,0,Wrong arguments for: ['search_products'],search_products,search_products,,,1.564,1.564,2.975,
text_s3_full100_C,ecommerce_08,ecommerce_support,easy,1,PAUSE,0,Wrong arguments for: ['search_products'],search_products,search_products,,,1.564,1.564,2.975,
text_s3_full100_C,ecommerce_09,ecommerce_support,medium,1,SELF_CORRECTION,1,,search_products,search_products,,,1.614,1.614,3.48,
text_s3_full100_C,ecommerce_10,ecommerce_support,medium,2,,1,,track_order|search_products,track_order|search_products,,,2.217,2.217,3.681,
text_s3_full100_C,ecommerce_11,ecommerce_support,medium,1,SELF_CORRECTION,1,,add_to_cart,add_to_cart,,,2.971,2.971,4.482,
text_s3_full100_C,ecommerce_12,ecommerce_support,medium,1,HESITATION|PAUSE,0,Wrong arguments for: ['search_products'],search_products,search_products,,,1.864,1.864,3.477,
text_s3_full100_C,ecommerce_13,ecommerce_support,medium,2,,1,,add_to_cart|track_order,add_to_cart|track_order,,,1.661,1.661,3.073,
text_s3_full100_C,ecommerce_13,ecommerce_support,medium,2,,1,,add_to_cart|track_order,add_to_cart|track_order,,,1.661,1.661,3.073,
text_s3_full100_C,ecommerce_14,ecommerce_support,medium,1,FILLER,1,,add_to_cart,add_to_cart,,,1.413,1.413,2.572,
text_s3_full100_C,ecommerce_14,ecommerce_support,medium,1,FILLER,1,,add_to_cart,add_to_cart,,,1.413,1.413,2.572,
text_s3_full100_C,ecommerce_15,ecommerce_support,medium,1,FILLER|PAUSE,1,,track_order,track_order,,,1.763,1.763,2.872,
text_s3_full100_C,ecommerce_15,ecommerce_support,medium,1,FILLER|PAUSE,1,,track_order,track_order,,,1.763,1.763,2.872,
text_s3_full100_C,ecommerce_16,ecommerce_support,medium,1,HESITATION|PAUSE,1,,search_products,search_products,,,1.663,1.663,2.923,
text_s3_full100_C,ecommerce_17,ecommerce_support,medium,1,FALSE_START,1,,track_order,track_order,,,2.517,1.661,3.829,
text_s3_full100_C,ecommerce_18,ecommerce_support,hard,3,,1,,search_products|add_to_cart|track_order,search_products|add_to_cart|track_order,,,2.016,2.016,3.586,
text_s3_full100_C,ecommerce_19,ecommerce_support,hard,2,SELF_CORRECTION,1,,search_products|add_to_cart,search_products|add_to_cart,,,1.966,1.966,3.078,
text_s3_full100_C,ecommerce_20,ecommerce_support,hard,2,,0,Unexpected tools: ['track_order'],search_products|add_to_cart,search_products|add_to_cart|track_order,,track_order,1.714,1.714,3.33,
text_s3_full100_C,ecommerce_21,ecommerce_support,hard,3,FILLER,0,Wrong arguments for: ['search_products'],track_order|search_products|add_to_cart,track_order|search_products|add_to_cart,,,2.066,2.066,3.379,
text_s3_full100_C,ecommerce_21,ecommerce_support,hard,3,FILLER,0,Wrong arguments for: ['search_products'],track_order|search_products|add_to_cart,track_order|search_products|add_to_cart,,,2.066,2.066,3.379,
text_s3_full100_C,ecommerce_23,ecommerce_support,hard,2,,1,,track_order|add_to_cart,track_order|add_to_cart,,,2.117,2.117,3.481,
text_s3_full100_C,ecommerce_25,ecommerce_support,hard,3,FALSE_START,1,,track_order|search_products|add_to_cart,track_order|search_products|add_to_cart,,,1.714,1.714,3.379,
text_s3_full100_C,ecommerce_25,ecommerce_support,hard,3,FALSE_START,1,,track_order|search_products|add_to_cart,track_order|search_products|add_to_cart,,,1.714,1.714,3.379,
text_s3_full100_C,finance_01,finance_billing,easy,1,,1,,get_exchange_rate,get_exchange_rate,,,1.562,1.562,3.124,
text_s3_full100_C,finance_01,finance_billing,easy,1,,1,,get_exchange_rate,get_exchange_rate,,,1.562,1.562,3.124,
text_s3_full100_C,finance_02,finance_billing,easy,1,,1,,get_card_benefits,get_card_benefits,,,2.519,1.613,3.78,
text_s3_full100_C,finance_03,finance_billing,easy,1,FILLER,1,,modify_autopay,modify_autopay,,,1.463,1.463,2.672,
text_s3_full100_C,finance_03,finance_billing,easy,1,FILLER,1,,modify_autopay,modify_autopay,,,1.463,1.463,2.672,
text_s3_full100_C,finance_04,finance_billing,easy,1,PAUSE,1,,get_exchange_rate,get_exchange_rate,,,1.863,1.863,3.978,
text_s3_full100_C,finance_06,finance_billing,easy,1,FILLER|PAUSE,1,,get_card_benefits,get_card_benefits,,,1.563,1.563,3.026,
text_s3_full100_C,finance_07,finance_billing,easy,1,FALSE_START,1,,modify_autopay,modify_autopay,,,1.513,1.513,2.874,
text_s3_full100_C,finance_07,finance_billing,easy,1,FALSE_START,1,,modify_autopay,modify_autopay,,,1.513,1.513,2.874,
text_s3_full100_C,finance_08,finance_billing,easy,1,HESITATION,1,,get_exchange_rate,get_exchange_rate,,,2.521,1.513,3.983,
text_s3_full100_C,finance_08,finance_billing,easy,1,HESITATION,1,,get_exchange_rate,get_exchange_rate,,,2.521,1.513,3.983,
text_s3_full100_C,finance_10,finance_billing,medium,2,,1,,get_card_benefits|get_exchange_rate,get_card_benefits|get_exchange_rate,,,1.563,1.563,3.228,
text_s3_full100_C,finance_11,finance_billing,medium,1,FILLER,1,,modify_autopay,modify_autopay,,,1.664,1.664,2.874,
text_s3_full100_C,finance_12,finance_billing,medium,1,SELF_CORRECTION,1,,get_exchange_rate,get_exchange_rate,,,1.665,1.665,3.127,
text_s3_full100_C,finance_12,finance_billing,medium,1,SELF_CORRECTION,1,,get_exchange_rate,get_exchange_rate,,,1.665,1.665,3.127,
text_s3_full100_C,finance_14,finance_billing,medium,2,,1,,get_exchange_rate|get_exchange_rate,get_exchange_rate|get_exchange_rate,,,1.765,1.765,3.63,
text_s3_full100_C,finance_15,finance_billing,medium,1,SELF_CORRECTION,1,,modify_autopay,modify_autopay,,,1.81,1.81,3.068,
text_s3_full100_C,finance_16,finance_billing,medium,1,HESITATION|PAUSE,1,,get_exchange_rate,get_exchange_rate,,,1.613,1.613,3.276,
text_s3_full100_C,finance_17,finance_billing,medium,1,FALSE_START,1,,get_card_benefits,get_card_benefits,,,1.412,1.412,2.471,
text_s3_full100_C,finance_18,finance_billing,hard,3,,1,,get_exchange_rate|modify_autopay|get_card_benefits,get_exchange_rate|modify_autopay|get_card_benefits,,,1.713,1.713,3.581,
text_s3_full100_C,finance_19,finance_billing,hard,1,SELF_CORRECTION,1,,get_exchange_rate,get_exchange_rate,,,2.016,2.016,3.881,
text_s3_full100_C,finance_20,finance_billing,hard,2,,1,,get_exchange_rate|modify_autopay,get_exchange_rate|modify_autopay,,,1.362,1.362,2.875,
text_s3_full100_C,finance_21,finance_billing,hard,2,FILLER,1,,get_card_benefits|get_exchange_rate,get_card_benefits|get_exchange_rate,,,1.715,1.715,3.176,
text_s3_full100_C,finance_22,finance_billing,hard,2,FILLER,1,,modify_autopay|modify_autopay,modify_autopay|modify_autopay,,,1.815,1.815,3.23,
text_s3_full100_C,finance_23,finance_billing,hard,1,FALSE_START|SELF_CORRECTION,1,,modify_autopay,modify_autopay,,,1.463,1.463,2.774,
text_s3_full100_C,housing_01,housing_location,easy,1,,1,,search_apartments,search_apartments,,,1.461,1.461,3.392,
text_s3_full100_C,housing_02,housing_location,easy,1,,0,Wrong arguments for: ['calculate_commute'],calculate_commute,calculate_commute,,,1.864,1.864,3.762,
text_s3_full100_C,housing_03,housing_location,easy,1,FILLER,0,Wrong arguments for: ['update_search_filter'],update_search_filter,update_search_filter,,,1.864,1.864,3.424,
text_s3_full100_C,housing_04,housing_location,easy,1,PAUSE,1,,search_apartments,search_apartments,,,1.714,1.714,3.683,
text_s3_full100_C,housing_05,housing_location,easy,1,HESITATION|PAUSE,0,Wrong arguments for: ['search_apartments'],search_apartments,search_apartments,,,1.815,1.815,3.467,
text_s3_full100_C,housing_05,housing_location,easy,1,HESITATION|PAUSE,0,Wrong arguments for: ['search_apartments'],search_apartments,search_apartments,,,1.815,1.815,3.467,
text_s3_full100_C,housing_06,housing_location,easy,1,,0,Wrong arguments for: ['calculate_commute'],calculate_commute,calculate_commute,,,1.562,1.562,3.482,
text_s3_full100_C,housing_08,housing_location,easy,1,FALSE_START,0,Wrong arguments for: ['update_search_filter'],update_search_filter,update_search_filter,,,1.462,1.462,2.641,
text_s3_full100_C,housing_09,housing_location,medium,1,SELF_CORRECTION,1,,search_apartments,search_apartments,,,2.06,2.06,3.995,
text_s3_full100_C,housing_10,housing_location,medium,2,,0,"Wrong arguments for: ['calculate_commute', 'update_search_filter']",calculate_commute|update_search_filter,calculate_commute|update_search_filter,,,2.619,2.619,4.113,
text_s3_full100_C,housing_11,housing_location,medium,1,SELF_CORRECTION,0,Missing tools: ['search_apartments'],search_apartments,,search_apartments,,,1.613,15.042,
text_s3_full100_C,housing_13,housing_location,medium,2,,0,"Missing tools: ['update_search_filter', 'update_search_filter']",update_search_filter|update_search_filter,,update_search_filter|update_search_filter,,,1.863,15.045,
text_s3_full100_C,housing_14,housing_location,medium,1,FILLER,0,Wrong arguments for: ['search_apartments'],search_apartments,search_apartments,,,1.664,1.664,3.491,
text_s3_full100_C,housing_14,housing_location,medium,1,FILLER,0,Wrong arguments for: ['search_apartments'],search_apartments,search_apartments,,,1.664,1.664,3.491,
text_s3_full100_C,housing_15,housing_location,medium,1,FALSE_START,0,Wrong arguments for: ['search_apartments'],search_apartments,search_apartments,,,1.664,1.664,4.038,
text_s3_full100_C,housing_15,housing_location,medium,1,FALSE_START,0,Wrong arguments for: ['search_apartments'],search_apartments,search_apartments,,,1.664,1.664,4.038,
text_s3_full100_C,housing_17,housing_location,medium,1,SELF_CORRECTION,1,,calculate_commute,calculate_commute,,,1.765,1.765,3.739,
text_s3_full100_C,housing_17,housing_location,medium,1,SELF_CORRECTION,1,,calculate_commute,calculate_commute,,,1.765,1.765,3.739,
text_s3_full100_C,housing_18,housing_location,hard,2,,0,Wrong arguments for: ['calculate_commute'],search_apartments|calculate_commute,search_apartments|calculate_commute,,,1.865,1.865,5.16,
text_s3_full100_C,housing_19,housing_location,hard,1,SELF_CORRECTION,1,,calculate_commute,calculate_commute,,,2.318,2.318,4.321,
text_s3_full100_C,housing_20,housing_location,hard,3,,0,Wrong arguments for: ['update_search_filter'],search_apartments|calculate_commute|update_search_filter,search_apartments|calculate_commute|update_search_filter,,,2.268,2.268,4.584,
text_s3_full100_C,housing_21,housing_location,hard,2,SELF_CORRECTION,0,"Missing tools: ['search_apartments', 'calculate_commute']",search_apartments|calculate_commute,,search_apartments|calculate_commute,,,1.814,15.045,
text_s3_full100_C,housing_22,housing_location,hard,3,FILLER,0,"Wrong arguments for: ['update_search_filter', 'calculate_commute']",update_search_filter|search_apartments|calculate_commute,update_search_filter|search_apartments|calculate_commute,,,2.418,2.418,5.578,
text_s3_full100_C,housing_24,housing_location,hard,3,PAUSE|FILLER,0,Missing tools: ['update_search_filter'],update_search_filter|search_apartments|calculate_commute,search_apartments|calculate_commute,update_search_filter,,2.066,2.066,6.147,
text_s3_full100_C,housing_24,housing_location,hard,3,PAUSE|FILLER,0,Wrong arguments for: ['update_search_filter'],update_search_filter|search_apartments|calculate_commute,update_search_filter|search_apartments|calculate_commute,,,2.066,2.066,6.147,
text_s3_full100_C,housing_25,housing_location,hard,3,SELF_CORRECTION,0,Missing tools: ['update_search_filter'],update_search_filter|update_search_filter|search_apartments,update_search_filter|search_apartments,update_search_filter,,2.067,2.067,4.608,
text_s3_full100_C,travel_01,travel_identity,easy,1,,1,,search_flights,search_flights,,,1.765,1.765,3.59,
text_s3_full100_C,travel_02,travel_identity,easy,1,,0,Wrong arguments for: ['update_identity_doc'],update_identity_doc,update_identity_doc,,,2.519,1.663,4.182,
text_s3_full100_C,travel_03,travel_identity,easy,1,FILLER,1,,search_flights,search_flights,,,1.664,1.664,3.288,
text_s3_full100_C,travel_03,travel_identity,easy,1,FILLER,1,,search_flights,search_flights,,,1.664,1.664,3.288,
text_s3_full100_C,travel_05,travel_identity,easy,1,FILLER|HESITATION,0,Wrong arguments for: ['search_flights'],search_flights,search_flights,,,2.066,2.066,4.341,
text_s3_full100_C,travel_07,travel_identity,easy,1,,1,,update_identity_doc,update_identity_doc,,,1.412,1.412,2.925,
text_s3_full100_C,travel_07,travel_identity,easy,1,,1,,update_identity_doc,update_identity_doc,,,1.412,1.412,2.925,
text_s3_full100_C,travel_08,travel_identity,easy,1,FALSE_START,1,,search_flights,search_flights,,,1.462,1.462,3.005,
text_s3_full100_C,travel_10,travel_identity,medium,1,FILLER|SELF_CORRECTION,1,,search_flights,search_flights,,,1.814,1.814,3.483,
text_s3_full100_C,travel_11,travel_identity,medium,2,,0,Wrong arguments for: ['search_flights'],search_flights|book_flight,search_flights|book_flight,,,1.814,1.814,3.579,
text_s3_full100_C,travel_14,travel_identity,medium,1,HESITATION|PAUSE,1,,search_flights,search_flights,,,1.814,1.814,3.881,
text_s3_full100_C,travel_16,travel_identity,medium,1,FILLER,0,Wrong arguments for: ['search_flights'],search_flights,search_flights,,,1.613,1.613,3.235,
text_s3_full100_C,travel_18,travel_identity,hard,3,FILLER,0,Wrong arguments for: ['search_flights'],search_flights|book_flight|update_identity_doc,search_flights|book_flight|update_identity_doc,,,2.166,2.166,4.339,
text_s3_full100_C,travel_19,travel_identity,hard,1,SELF_CORRECTION,1,,search_flights,search_flights,,,1.311,1.311,3.256,
text_s3_full100_C,travel_20,travel_identity,hard,3,,1,,search_flights|book_flight|update_identity_doc,search_flights|book_flight|update_identity_doc,,,1.866,1.866,4.386,
text_s3_full100_C,travel_21,travel_identity,hard,3,PAUSE|FILLER,0,Wrong arguments for: ['search_flights'],search_flights|book_flight|update_identity_doc,search_flights|book_flight|update_identity_doc,,,2.167,2.167,4.224,
text_s3_full100_C,travel_21,travel_identity,hard,3,PAUSE|FILLER,0,Wrong arguments for: ['search_flights'],search_flights|book_flight|update_identity_doc,search_flights|book_flight|update_identity_doc,,,2.167,2.167,4.224,
text_s3_full100_C,travel_23,travel_identity,hard,2,FILLER,1,,update_identity_doc|update_identity_doc,update_identity_doc|update_identity_doc,,,2.468,2.468,3.68,
text_s3_full100_C,travel_23,travel_identity,hard,2,FILLER,1,,update_identity_doc|update_identity_doc,update_identity_doc|update_identity_doc,,,2.468,2.468,3.68,
text_s3_full100_C,travel_24,travel_identity,hard,3,,1,,search_flights|book_flight|update_identity_doc,search_flights|book_flight|update_identity_doc,,,1.513,1.513,3.859,
text_s3_full100_C.judged,ecommerce_01,ecommerce_support,easy,1,,1,,track_order,track_order,,,,,,
text_s3_full100_C.judged,ecommerce_01,ecommerce_support,easy,1,,1,,track_order,track_order,,,,,,
text_s3_full100_C.judged,ecommerce_02,ecommerce_support,easy,1,,1,,search_products,search_products,,,,,,
text_s3_full100_C.judged,ecommerce_04,ecommerce_support,easy,1,PAUSE,1,,track_order,track_order,,,,,,
text_s3_full100_C.judged,ecommerce_05,ecommerce_support,easy,1,FILLER|HESITATION,0,Wrong arguments for: ['search_products'],search_products,search_products,,,,,,
text_s3_full100_C.judged,ecommerce_06,ecommerce_support,easy,1,,1,,add_to_cart,add_to_cart,,,,,,
text_s3_full100_C.judged,ecommerce_07,ecommerce_support,easy,1,FALSE_START,1,,track_order,track_order,,,,,,
text_s3_full100_C.judged,ecommerce_08,ecommerce_support,easy,1,PAUSE,0,Wrong arguments for: ['search_products'],search_products,search_products,,,,,,
text_s3_full100_C.judged,ecommerce_08,ecommerce_support,easy,1,PAUSE,0,Wrong arguments for: ['search_products'],search_products,search_products,,,,,,
text_s3_full100_C.judged,ecommerce_09,ecommerce_support,medium,1,SELF_CORRECTION,1,,search_products,search_products,,,,,,
text_s3_full100_C.judged,ecommerce_10,ecommerce_support,medium,2,,1,,track_order|search_products,track_order|search_products,,,,,,
text_s3_full100_C.judged,ecommerce_11,ecommerce_support,medium,1,SELF_CORRECTION,1,,add_to_cart,add_to_cart,,,,,,
text_s3_full100_C.judged,ecommerce_12,ecommerce_support,medium,1,HESITATION|PAUSE,0,Wrong arguments for: ['search_products'],search_products,search_products,,,,,,
text_s3_full100_C.judged,ecommerce_13,ecommerce_support,medium,2,,1,,add_to_cart|track_order,add_to_cart|track_order,,,,,,
text_s3_full100_C.judged,ecommerce_13,ecommerce_support,medium,2,,1,,add_to_cart|track_order,add_to_cart|track_order,,,,,,
text_s3_full100_C.judged,ecommerce_14,ecommerce_support,medium,1,FILLER,1,,add_to_cart,add_to_cart,,,,,,
text_s3_full100_C.judged,ecommerce_14,ecommerce_support,medium,1,FILLER,1,,add_to_cart,add_to_cart,,,,,,
text_s3_full100_C.judged,ecommerce_15,ecommerce_support,medium,1,FILLER|PAUSE,1,,track_order,track_order,,,,,,
text_s3_full100_C.judged,ecommerce_15,ecommerce_support,medium,1,FILLER|PAUSE,1,,track_order,track_order,,,,,,
text_s3_full100_C.judged,ecommerce_16,ecommerce_support,medium,1,HESITATION|PAUSE,1,,search_products,search_products,,,,,,
text_s3_full100_C.judged,ecommerce_17,ecommerce_support,medium,1,FALSE_START,1,,track_order,track_order,,,,,,
text_s3_full100_C.judged,ecommerce_18,ecommerce_support,hard,3,,1,,search_products|add_to_cart|track_order,search_products|add_to_cart|track_order,,,,,,
text_s3_full100_C.judged,ecommerce_19,ecommerce_support,hard,2,SELF_CORRECTION,1,,search_products|add_to_cart,search_products|add_to_cart,,,,,,
text_s3_full100_C.judged,ecommerce_20,ecommerce_support,hard,2,,0,Unexpected tools: ['track_order'],search_products|add_to_cart,search_products|add_to_cart|track_order,,track_order,,,,
text_s3_full100_C.judged,ecommerce_21,ecommerce_support,hard,3,FILLER,0,Wrong arguments for: ['search_products'],track_order|search_products|add_to_cart,track_order|search_products|add_to_cart,,,,,,
text_s3_full100_C.judged,ecommerce_21,ecommerce_support,hard,3,FILLER,0,Wrong arguments for: ['search_products'],track_order|search_products|add_to_cart,track_order|search_products|add_to_cart,,,,,,
text_s3_full100_C.judged,ecommerce_23,ecommerce_support,hard,2,,1,,track_order|add_to_cart,track_order|add_to_cart,,,,,,
text_s3_full100_C.judged,ecommerce_25,ecommerce_support,hard,3,FALSE_START,1,,track_order|search_products|add_to_cart,track_order|search_products|add_to_cart,,,,,,
text_s3_full100_C.judged,ecommerce_25,ecommerce_support,hard,3,FALSE_START,1,,track_order|search_products|add_to_cart,track_order|search_products|add_to_cart,,,,,,
text_s3_full100_C.judged,finance_01,finance_billing,easy,1,,1,,get_exchange_rate,get_exchange_rate,,,,,,
text_s3_full100_C.judged,finance_01,finance_billing,easy,1,,1,,get_exchange_rate,get_exchange_rate,,,,,,
text_s3_full100_C.judged,finance_02,finance_billing,easy,1,,1,,get_card_benefits,get_card_benefits,,,,,,
text_s3_full100_C.judged,finance_03,finance_billing,easy,1,FILLER,1,,modify_autopay,modify_autopay,,,,,,
text_s3_full100_C.judged,finance_03,finance_billing,easy,1,FILLER,1,,modify_autopay,modify_autopay,,,,,,
text_s3_full100_C.judged,finance_04,finance_billing,easy,1,PAUSE,1,,get_exchange_rate,get_exchange_rate,,,,,,
text_s3_full100_C.judged,finance_06,finance_billing,easy,1,FILLER|PAUSE,1,,get_card_benefits,get_card_benefits,,,,,,
text_s3_full100_C.judged,finance_07,finance_billing,easy,1,FALSE_START,1,,modify_autopay,modify_autopay,,,,,,
text_s3_full100_C.judged,finance_07,finance_billing,easy,1,FALSE_START,1,,modify_autopay,modify_autopay,,,,,,
text_s3_full100_C.judged,finance_08,finance_billing,easy,1,HESITATION,1,,get_exchange_rate,get_exchange_rate,,,,,,
text_s3_full100_C.judged,finance_08,finance_billing,easy,1,HESITATION,1,,get_exchange_rate,get_exchange_rate,,,,,,
text_s3_full100_C.judged,finance_10,finance_billing,medium,2,,1,,get_card_benefits|get_exchange_rate,get_card_benefits|get_exchange_rate,,,,,,
text_s3_full100_C.judged,finance_11,finance_billing,medium,1,FILLER,1,,modify_autopay,modify_autopay,,,,,,
text_s3_full100_C.judged,finance_12,finance_billing,medium,1,SELF_CORRECTION,1,,get_exchange_rate,get_exchange_rate,,,,,,
text_s3_full100_C.judged,finance_12,finance_billing,medium,1,SELF_CORRECTION,1,,get_exchange_rate,get_exchange_rate,,,,,,
text_s3_full100_C.judged,finance_14,finance_billing,medium,2,,1,,get_exchange_rate|get_exchange_rate,get_exchange_rate|get_exchange_rate,,,,,,
text_s3_full100_C.judged,finance_15,finance_billing,medium,1,SELF_CORRECTION,1,,modify_autopay,modify_autopay,,,,,,
text_s3_full100_C.judged,finance_16,finance_billing,medium,1,HESITATION|PAUSE,1,,get_exchange_rate,get_exchange_rate,,,,,,
text_s3_full100_C.judged,finance_17,finance_billing,medium,1,FALSE_START,1,,get_card_benefits,get_card_benefits,,,,,,
text_s3_full100_C.judged,finance_18,finance_billing,hard,3,,1,,get_exchange_rate|modify_autopay|get_card_benefits,get_exchange_rate|modify_autopay|get_card_benefits,,,,,,
text_s3_full100_C.judged,finance_19,finance_billing,hard,1,SELF_CORRECTION,1,,get_exchange_rate,get_exchange_rate,,,,,,
text_s3_full100_C.judged,finance_20,finance_billing,hard,2,,1,,get_exchange_rate|modify_autopay,get_exchange_rate|modify_autopay,,,,,,
text_s3_full100_C.judged,finance_21,finance_billing,hard,2,FILLER,1,,get_card_benefits|get_exchange_rate,get_card_benefits|get_exchange_rate,,,,,,
text_s3_full100_C.judged,finance_22,finance_billing,hard,2,FILLER,1,,modify_autopay|modify_autopay,modify_autopay|modify_autopay,,,,,,
text_s3_full100_C.judged,finance_23,finance_billing,hard,1,FALSE_START|SELF_CORRECTION,1,,modify_autopay,modify_autopay,,,,,,
text_s3_full100_C.judged,housing_01,housing_location,easy,1,,1,,search_apartments,search_apartments,,,,,,
text_s3_full100_C.judged,housing_02,housing_location,easy,1,,1,,calculate_commute,calculate_commute,,,,,,
text_s3_full100_C.judged,housing_03,housing_location,easy,1,FILLER,0,Wrong arguments for: ['update_search_filter'],update_search_filter,update_search_filter,,,,,,
text_s3_full100_C.judged,housing_04,housing_location,easy,1,PAUSE,0,Wrong arguments for: ['search_apartments'],search_apartments,search_apartments,,,,,,
text_s3_full100_C.judged,housing_05,housing_location,easy,1,HESITATION|PAUSE,0,Wrong arguments for: ['search_apartments'],search_apartments,search_apartments,,,,,,
text_s3_full100_C.judged,housing_05,housing_location,easy,1,HESITATION|PAUSE,0,Wrong arguments for: ['search_apartments'],search_apartments,search_apartments,,,,,,
text_s3_full100_C.judged,housing_06,housing_location,easy,1,,0,Wrong arguments for: ['calculate_commute'],calculate_commute,calculate_commute,,,,,,
text_s3_full100_C.judged,housing_08,housing_location,easy,1,FALSE_START,0,Wrong arguments for: ['update_search_filter'],update_search_filter,update_search_filter,,,,,,
text_s3_full100_C.judged,housing_09,housing_location,medium,1,SELF_CORRECTION,1,,search_apartments,search_apartments,,,,,,
text_s3_full100_C.judged,housing_10,housing_location,medium,2,,0,Wrong arguments for: ['update_search_filter'],calculate_commute|update_search_filter,calculate_commute|update_search_filter,,,,,,
text_s3_full100_C.judged,housing_11,housing_location,medium,1,SELF_CORRECTION,0,Missing tools: ['search_apartments'],search_apartments,,search_apartments,,,,,
text_s3_full100_C.judged,housing_13,housing_location,medium,2,,0,"Missing tools: ['update_search_filter', 'update_search_filter']",update_search_filter|update_search_filter,,update_search_filter|update_search_filter,,,,,
text_s3_full100_C.judged,housing_14,housing_location,medium,1,FILLER,0,Wrong arguments for: ['search_apartments'],search_apartments,search_apartments,,,,,,
text_s3_full100_C.judged,housing_14,housing_location,medium,1,FILLER,0,Wrong arguments for: ['search_apartments'],search_apartments,search_apartments,,,,,,
text_s3_full100_C.judged,housing_15,housing_location,medium,1,FALSE_START,0,Wrong arguments for: ['search_apartments'],search_apartments,search_apartments,,,,,,
text_s3_full100_C.judged,housing_15,housing_location,medium,1,FALSE_START,0,Wrong arguments for: ['search_apartments'],search_apartments,search_apartments,,,,,,
text_s3_full100_C.judged,housing_17,housing_location,medium,1,SELF_CORRECTION,1,,calculate_commute,calculate_commute,,,,,,
text_s3_full100_C.judged,housing_17,housing_location,medium,1,SELF_CORRECTION,1,,calculate_commute,calculate_commute,,,,,,
text_s3_full100_C.judged,housing_18,housing_location,hard,2,,0,Wrong arguments for: ['calculate_commute'],search_apartments|calculate_commute,search_apartments|calculate_commute,,,,,,
text_s3_full100_C.judged,housing_19,housing_location,hard,1,SELF_CORRECTION,1,,calculate_commute,calculate_commute,,,,,,
text_s3_full100_C.judged,housing_20,housing_location,hard,3,,0,"Wrong arguments for: ['search_apartments', 'calculate_commute']",search_apartments|calculate_commute|update_search_filter,search_apartments|calculate_commute|update_search_filter,,,,,,
text_s3_full100_C.judged,housing_21,housing_location,hard,2,SELF_CORRECTION,0,"Missing tools: ['search_apartments', 'calculate_commute']",search_apartments|calculate_commute,,search_apartments|calculate_commute,,,,,
text_s3_full100_C.judged,housing_22,housing_location,hard,3,FILLER,0,"Wrong arguments for: ['update_search_filter', 'calculate_commute']",update_search_filter|search_apartments|calculate_commute,update_search_filter|search_apartments|calculate_commute,,,,,,
text_s3_full100_C.judged,housing_24,housing_location,hard,3,PAUSE|FILLER,0,Missing tools: ['update_search_filter'],update_search_filter|search_apartments|calculate_commute,search_apartments|calculate_commute,update_search_filter,,,,,
text_s3_full100_C.judged,housing_24,housing_location,hard,3,PAUSE|FILLER,0,"Wrong arguments for: ['update_search_filter', 'search_apartments']",update_search_filter|search_apartments|calculate_commute,update_search_filter|search_apartments|calculate_commute,,,,,,
text_s3_full100_C.judged,housing_25,housing_location,hard,3,SELF_CORRECTION,0,Missing tools: ['update_search_filter'],update_search_filter|update_search_filter|search_apartments,update_search_filter|search_apartments,update_search_filter,,,,,
text_s3_full100_C.judged,travel_01,travel_identity,easy,1,,1,,search_flights,search_flights,,,,,,
text_s3_full100_C.judged,travel_02,travel_identity,easy,1,,0,Wrong arguments for: ['update_identity_doc'],update_identity_doc,update_identity_doc,,,,,,
text_s3_full100_C.judged,travel_03,travel_identity,easy,1,FILLER,1,,search_flights,search_flights,,,,,,
text_s3_full100_C.judged,travel_03,travel_identity,easy,1,FILLER,1,,search_flights,search_flights,,,,,,
text_s3_full100_C.judged,travel_05,travel_identity,easy,1,FILLER|HESITATION,1,,search_flights,search_flights,,,,,,
text_s3_full100_C.judged,travel_07,travel_identity,easy,1,,1,,update_identity_doc,update_identity_doc,,,,,,
text_s3_full100_C.judged,travel_07,travel_identity,easy,1,,1,,update_identity_doc,update_identity_doc,,,,,,
text_s3_full100_C.judged,travel_08,travel_identity,easy,1,FALSE_START,1,,search_flights,search_flights,,,,,,
text_s3_full100_C.judged,travel_10,travel_identity,medium,1,FILLER|SELF_CORRECTION,1,,search_flights,search_flights,,,,,,
text_s3_full100_C.judged,travel_11,travel_identity,medium,2,,1,,search_flights|book_flight,search_flights|book_flight,,,,,,
text_s3_full100_C.judged,travel_14,travel_identity,medium,1,HESITATION|PAUSE,1,,search_flights,search_flights,,,,,,
text_s3_full100_C.judged,travel_16,travel_identity,medium,1,FILLER,1,,search_flights,search_flights,,,,,,
text_s3_full100_C.judged,travel_18,travel_identity,hard,3,FILLER,1,,search_flights|book_flight|update_identity_doc,search_flights|book_flight|update_identity_doc,,,,,,
text_s3_full100_C.judged,travel_19,travel_identity,hard,1,SELF_CORRECTION,1,,search_flights,search_flights,,,,,,
text_s3_full100_C.judged,travel_20,travel_identity,hard,3,,1,,search_flights|book_flight|update_identity_doc,search_flights|book_flight|update_identity_doc,,,,,,
text_s3_full100_C.judged,travel_21,travel_identity,hard,3,PAUSE|FILLER,1,,search_flights|book_flight|update_identity_doc,search_flights|book_flight|update_identity_doc,,,,,,
text_s3_full100_C.judged,travel_21,travel_identity,hard,3,PAUSE|FILLER,1,,search_flights|book_flight|update_identity_doc,search_flights|book_flight|update_identity_doc,,,,,,
text_s3_full100_C.judged,travel_23,travel_identity,hard,2,FILLER,1,,update_identity_doc|update_identity_doc,update_identity_doc|update_identity_doc,,,,,,
text_s3_full100_C.judged,travel_23,travel_identity,hard,2,FILLER,1,,update_identity_doc|update_identity_doc,update_identity_doc|update_identity_doc,,,,,,
text_s3_full100_C.judged,travel_24,travel_identity,hard,3,,1,,search_flights|book_flight|update_identity_doc,search_flights|book_flight|update_identity_doc,,,,,,
text_s3_full100_C2,ecommerce_01,ecommerce_support,easy,1,,1,,track_order,track_order,,,1.413,1.413,2.926,
text_s3_full100_C2,ecommerce_01,ecommerce_support,easy,1,,1,,track_order,track_order,,,1.413,1.413,2.926,
text_s3_full100_C2,ecommerce_02,ecommerce_support,easy,1,,1,,search_products,search_products,,,2.014,2.014,3.577,
text_s3_full100_C2,ecommerce_04,ecommerce_support,easy,1,PAUSE,1,,track_order,track_order,,,1.462,1.462,2.974,
text_s3_full100_C2,ecommerce_05,ecommerce_support,easy,1,FILLER|HESITATION,1,,search_products,search_products,,,1.663,1.663,3.327,
text_s3_full100_C2,ecommerce_06,ecommerce_support,easy,1,,1,,add_to_cart,add_to_cart,,,1.965,1.965,3.98,
text_s3_full100_C2,ecommerce_07,ecommerce_support,easy,1,FALSE_START,1,,track_order,track_order,,,2.012,2.012,3.925,
text_s3_full100_C2,ecommerce_08,ecommerce_support,easy,1,PAUSE,0,Wrong arguments for: ['search_products'],search_products,search_products,,,1.514,1.514,2.825,
text_s3_full100_C2,ecommerce_08,ecommerce_support,easy,1,PAUSE,0,Wrong arguments for: ['search_products'],search_products,search_products,,,1.514,1.514,2.825,
text_s3_full100_C2,ecommerce_09,ecommerce_support,medium,1,SELF_CORRECTION,1,,search_products,search_products,,,1.413,1.413,3.075,
text_s3_full100_C2,ecommerce_10,ecommerce_support,medium,2,,1,,track_order|search_products,track_order|search_products,,,1.817,1.817,3.13,
text_s3_full100_C2,ecommerce_11,ecommerce_support,medium,1,SELF_CORRECTION,1,,add_to_cart,add_to_cart,,,2.52,1.815,4.033,
text_s3_full100_C2,ecommerce_12,ecommerce_support,medium,1,HESITATION|PAUSE,0,Wrong arguments for: ['search_products'],search_products,search_products,,,1.663,1.663,3.176,
text_s3_full100_C2,ecommerce_13,ecommerce_support,medium,2,,1,,add_to_cart|track_order,add_to_cart|track_order,,,1.513,1.513,3.177,
text_s3_full100_C2,ecommerce_13,ecommerce_support,medium,2,,1,,add_to_cart|track_order,add_to_cart|track_order,,,1.513,1.513,3.177,
text_s3_full100_C2,ecommerce_14,ecommerce_support,medium,1,FILLER,1,,add_to_cart,add_to_cart,,,1.714,1.714,2.825,
text_s3_full100_C2,ecommerce_14,ecommerce_support,medium,1,FILLER,1,,add_to_cart,add_to_cart,,,1.714,1.714,2.825,
text_s3_full100_C2,ecommerce_15,ecommerce_support,medium,1,FILLER|PAUSE,1,,track_order,track_order,,,1.361,1.361,2.622,
text_s3_full100_C2,ecommerce_15,ecommerce_support,medium,1,FILLER|PAUSE,1,,track_order,track_order,,,1.361,1.361,2.622,
text_s3_full100_C2,ecommerce_16,ecommerce_support,medium,1,HESITATION|PAUSE,1,,search_products,search_products,,,1.914,1.914,3.677,
text_s3_full100_C2,ecommerce_17,ecommerce_support,medium,1,FALSE_START,1,,track_order,track_order,,,2.52,1.462,3.982,
text_s3_full100_C2,ecommerce_18,ecommerce_support,hard,3,,1,,search_products|add_to_cart|track_order,search_products|add_to_cart|track_order,,,2.619,2.619,4.339,
text_s3_full100_C2,ecommerce_19,ecommerce_support,hard,2,SELF_CORRECTION,1,,search_products|add_to_cart,search_products|add_to_cart,,,2.267,2.267,3.678,
text_s3_full100_C2,ecommerce_20,ecommerce_support,hard,2,,0,Unexpected tools: ['track_order'],search_products|add_to_cart,search_products|add_to_cart|track_order,,track_order,2.569,2.569,4.035,
text_s3_full100_C2,ecommerce_21,ecommerce_support,hard,3,FILLER,0,Wrong arguments for: ['search_products'],track_order|search_products|add_to_cart,track_order|search_products|add_to_cart,,,1.816,1.816,3.331,
text_s3_full100_C2,ecommerce_21,ecommerce_support,hard,3,FILLER,0,Wrong arguments for: ['search_products'],track_order|search_products|add_to_cart,track_order|search_products|add_to_cart,,,1.816,1.816,3.331,
text_s3_full100_C2,ecommerce_23,ecommerce_support,hard,2,,1,,track_order|add_to_cart,track_order|add_to_cart,,,1.664,1.664,3.43,
text_s3_full100_C2,ecommerce_25,ecommerce_support,hard,3,FALSE_START,1,,track_order|search_products|add_to_cart,track_order|search_products|add_to_cart,,,1.917,1.917,3.282,
text_s3_full100_C2,ecommerce_25,ecommerce_support,hard,3,FALSE_START,1,,track_order|search_products|add_to_cart,track_order|search_products|add_to_cart,,,1.917,1.917,3.282,
text_s3_full100_C2,finance_01,finance_billing,easy,1,,1,,get_exchange_rate,get_exchange_rate,,,1.514,1.514,2.875,
text_s3_full100_C2,finance_01,finance_billing,easy,1,,1,,get_exchange_rate,get_exchange_rate,,,1.514,1.514,2.875,
text_s3_full100_C2,finance_02,finance_billing,easy,1,,1,,get_card_benefits,get_card_benefits,,,2.519,1.664,3.931,
text_s3_full100_C2,finance_03,finance_billing,easy,1,FILLER,1,,modify_autopay,modify_autopay,,,1.613,1.613,2.874,
text_s3_full100_C2,finance_03,finance_billing,easy,1,FILLER,1,,modify_autopay,modify_autopay,,,1.613,1.613,2.874,
text_s3_full100_C2,finance_04,finance_billing,easy,1,PAUSE,1,,get_exchange_rate,get_exchange_rate,,,2.216,2.216,3.526,
text_s3_full100_C2,finance_06,finance_billing,easy,1,FILLER|PAUSE,1,,get_card_benefits,get_card_benefits,,,1.664,1.664,3.173,
text_s3_full100_C2,finance_07,finance_billing,easy,1,FALSE_START,1,,modify_autopay,modify_autopay,,,2.163,2.163,3.625,
text_s3_full100_C2,finance_07,finance_billing,easy,1,FALSE_START,1,,modify_autopay,modify_autopay,,,2.163,2.163,3.625,
text_s3_full100_C2,finance_08,finance_billing,easy,1,HESITATION,1,,get_exchange_rate,get_exchange_rate,,,2.519,2.167,4.133,
text_s3_full100_C2,finance_08,finance_billing,easy,1,HESITATION,1,,get_exchange_rate,get_exchange_rate,,,2.519,2.167,4.133,
text_s3_full100_C2,finance_10,finance_billing,medium,2,,1,,get_card_benefits|get_exchange_rate,get_card_benefits|get_exchange_rate,,,1.865,1.865,3.48,
text_s3_full100_C2,finance_11,finance_billing,medium,1,FILLER,1,,modify_autopay,modify_autopay,,,1.865,1.865,3.023,
text_s3_full100_C2,finance_12,finance_billing,medium,1,SELF_CORRECTION,1,,get_exchange_rate,get_exchange_rate,,,1.865,1.865,3.177,
text_s3_full100_C2,finance_12,finance_billing,medium,1,SELF_CORRECTION,1,,get_exchange_rate,get_exchange_rate,,,1.865,1.865,3.177,
text_s3_full100_C2,finance_14,finance_billing,medium,2,,1,,get_exchange_rate|get_exchange_rate,get_exchange_rate|get_exchange_rate,,,2.067,2.067,3.681,
text_s3_full100_C2,finance_15,finance_billing,medium,1,SELF_CORRECTION,1,,modify_autopay,modify_autopay,,,1.764,1.764,3.428,
text_s3_full100_C2,finance_16,finance_billing,medium,1,HESITATION|PAUSE,1,,get_exchange_rate,get_exchange_rate,,,2.016,2.016,3.477,
text_s3_full100_C2,finance_17,finance_billing,medium,1,FALSE_START,1,,get_card_benefits,get_card_benefits,,,1.814,1.814,3.025,
text_s3_full100_C2,finance_18,finance_billing,hard,3,,1,,get_exchange_rate|modify_autopay|get_card_benefits,get_exchange_rate|modify_autopay|get_card_benefits,,,2.068,2.068,3.735,
text_s3_full100_C2,finance_19,finance_billing,hard,1,SELF_CORRECTION,1,,get_exchange_rate,get_exchange_rate,,,2.066,2.066,3.578,
text_s3_full100_C2,finance_20,finance_billing,hard,2,,1,,get_exchange_rate|modify_autopay,get_exchange_rate|modify_autopay,,,1.966,1.966,3.581,
text_s3_full100_C2,finance_21,finance_billing,hard,2,FILLER,1,,get_card_benefits|get_exchange_rate,get_card_benefits|get_exchange_rate,,,1.462,1.462,2.976,
text_s3_full100_C2,finance_22,finance_billing,hard,2,FILLER,1,,modify_autopay|modify_autopay,modify_autopay|modify_autopay,,,1.764,1.764,3.379,
text_s3_full100_C2,finance_23,finance_billing,hard,1,FALSE_START|SELF_CORRECTION,1,,modify_autopay,modify_autopay,,,1.664,1.664,2.976,
text_s3_full100_C2,housing_01,housing_location,easy,1,,1,,search_apartments,search_apartments,,,1.766,1.766,3.907,
text_s3_full100_C2,housing_02,housing_location,easy,1,,0,Wrong arguments for: ['calculate_commute'],calculate_commute,calculate_commute,,,2.067,2.067,4.001,
text_s3_full100_C2,housing_03,housing_location,easy,1,FILLER,0,Wrong arguments for: ['update_search_filter'],update_search_filter,update_search_filter,,,1.811,1.811,3.289,
text_s3_full100_C2,housing_04,housing_location,easy,1,PAUSE,1,,search_apartments,search_apartments,,,1.815,1.815,3.774,
text_s3_full100_C2,housing_05,housing_location,easy,1,HESITATION|PAUSE,0,Wrong arguments for: ['search_apartments'],search_apartments,search_apartments,,,2.268,2.268,4.906,
text_s3_full100_C2,housing_05,housing_location,easy,1,HESITATION|PAUSE,0,Wrong arguments for: ['search_apartments'],search_apartments,search_apartments,,,2.268,2.268,4.906,
text_s3_full100_C2,housing_06,housing_location,easy,1,,0,Wrong arguments for: ['calculate_commute'],calculate_commute,calculate_commute,,,2.168,2.168,3.81,
text_s3_full100_C2,housing_08,housing_location,easy,1,FALSE_START,0,Wrong arguments for: ['update_search_filter'],update_search_filter,update_search_filter,,,1.864,1.864,3.334,
text_s3_full100_C2,housing_09,housing_location,medium,1,SELF_CORRECTION,1,,search_apartments,search_apartments,,,1.614,1.614,3.619,
text_s3_full100_C2,housing_10,housing_location,medium,2,,0,"Wrong arguments for: ['calculate_commute', 'update_search_filter']",calculate_commute|update_search_filter,calculate_commute|update_search_filter,,,1.563,1.563,4.005,
text_s3_full100_C2,housing_11,housing_location,medium,1,SELF_CORRECTION,0,Missing tools: ['search_apartments'],search_apartments,,search_apartments,,,1.563,15.048,
text_s3_full100_C2,housing_13,housing_location,medium,2,,0,"Missing tools: ['update_search_filter', 'update_search_filter']",update_search_filter|update_search_filter,,update_search_filter|update_search_filter,,,1.865,15.043,
text_s3_full100_C2,housing_14,housing_location,medium,1,FILLER,0,Wrong arguments for: ['search_apartments'],search_apartments,search_apartments,,,1.966,1.966,3.954,
text_s3_full100_C2,housing_14,housing_location,medium,1,FILLER,0,Wrong arguments for: ['search_apartments'],search_apartments,search_apartments,,,1.966,1.966,3.954,
text_s3_full100_C2,housing_15,housing_location,medium,1,FALSE_START,0,Wrong arguments for: ['search_apartments'],search_apartments,search_apartments,,,1.663,1.663,3.656,
text_s3_full100_C2,housing_15,housing_location,medium,1,FALSE_START,0,Wrong arguments for: ['search_apartments'],search_apartments,search_apartments,,,1.663,1.663,3.656,
text_s3_full100_C2,housing_17,housing_location,medium,1,SELF_CORRECTION,1,,calculate_commute,calculate_commute,,,1.865,1.865,3.934,
text_s3_full100_C2,housing_17,housing_location,medium,1,SELF_CORRECTION,1,,calculate_commute,calculate_commute,,,1.865,1.865,3.934,
text_s3_full100_C2,housing_18,housing_location,hard,2,,0,Wrong arguments for: ['calculate_commute'],search_apartments|calculate_commute,search_apartments|calculate_commute,,,2.117,2.117,6.928,
text_s3_full100_C2,housing_19,housing_location,hard,1,SELF_CORRECTION,1,,calculate_commute,calculate_commute,,,1.965,1.965,3.379,
text_s3_full100_C2,housing_20,housing_location,hard,3,,0,Wrong arguments for: ['update_search_filter'],search_apartments|calculate_commute|update_search_filter,search_apartments|calculate_commute|update_search_filter,,,4.833,4.833,7.719,
text_s3_full100_C2,housing_21,housing_location,hard,2,SELF_CORRECTION,1,,search_apartments|calculate_commute,search_apartments|calculate_commute,,,1.916,1.916,5.16,
text_s3_full100_C2,housing_22,housing_location,hard,3,FILLER,0,"Wrong arguments for: ['update_search_filter', 'calculate_commute']",update_search_filter|search_apartments|calculate_commute,update_search_filter|search_apartments|calculate_commute,,,1.765,1.765,4.145,
text_s3_full100_C2,housing_24,housing_location,hard,3,PAUSE|FILLER,0,Missing tools: ['update_search_filter'],update_search_filter|search_apartments|calculate_commute,search_apartments|calculate_commute,update_search_filter,,1.966,1.966,6.14,
text_s3_full100_C2,housing_24,housing_location,hard,3,PAUSE|FILLER,0,"Wrong arguments for: ['update_search_filter', 'calculate_commute']",update_search_filter|search_apartments|calculate_commute,update_search_filter|search_apartments|calculate_commute,,,1.966,1.966,6.14,
text_s3_full100_C2,housing_25,housing_location,hard,3,SELF_CORRECTION,0,Missing tools: ['update_search_filter'],update_search_filter|update_search_filter|search_apartments,update_search_filter|search_apartments,update_search_filter,,2.671,2.671,5.159,
text_s3_full100_C2,travel_01,travel_identity,easy,1,,1,,search_flights,search_flights,,,1.714,1.714,3.337,
text_s3_full100_C2,travel_02,travel_identity,easy,1,,0,Wrong arguments for: ['update_identity_doc'],update_identity_doc,update_identity_doc,,,2.519,1.965,4.132,
text_s3_full100_C2,travel_03,travel_identity,easy,1,FILLER,1,,search_flights,search_flights,,,1.712,1.712,3.423,
text_s3_full100_C2,travel_03,travel_identity,easy,1,FILLER,1,,search_flights,search_flights,,,1.712,1.712,3.423,
text_s3_full100_C2,travel_05,travel_identity,easy,1,FILLER|HESITATION,1,,search_flights,search_flights,,,1.714,1.714,4.049,
text_s3_full100_C2,travel_07,travel_identity,easy,1,,1,,update_identity_doc,update_identity_doc,,,1.865,1.865,3.427,
text_s3_full100_C2,travel_07,travel_identity,easy,1,,1,,update_identity_doc,update_identity_doc,,,1.865,1.865,3.427,
text_s3_full100_C2,travel_08,travel_identity,easy,1,FALSE_START,1,,search_flights,search_flights,,,1.964,1.964,3.901,
text_s3_full100_C2,travel_10,travel_identity,medium,1,FILLER|SELF_CORRECTION,1,,search_flights,search_flights,,,2.068,2.068,4.259,
text_s3_full100_C2,travel_11,travel_identity,medium,2,,1,,search_flights|book_flight,search_flights|book_flight,,,2.217,2.217,4.292,
text_s3_full100_C2,travel_14,travel_identity,medium,1,HESITATION|PAUSE,1,,search_flights,search_flights,,,1.916,1.916,3.886,
text_s3_full100_C2,travel_16,travel_identity,medium,1,FILLER,0,Wrong arguments for: ['search_flights'],search_flights,search_flights,,,1.512,1.512,3.391,
text_s3_full100_C2,travel_18,travel_identity,hard,3,FILLER,1,,search_flights|book_flight|update_identity_doc,search_flights|book_flight|update_identity_doc,,,2.263,2.263,4.368,
text_s3_full100_C2,travel_19,travel_identity,hard,1,SELF_CORRECTION,1,,search_flights,search_flights,,,1.563,1.563,3.351,
text_s3_full100_C2,travel_20,travel_identity,hard,3,,1,,search_flights|book_flight|update_identity_doc,search_flights|book_flight|update_identity_doc,,,1.815,1.815,3.991,
text_s3_full100_C2,travel_21,travel_identity,hard,3,PAUSE|FILLER,0,Wrong arguments for: ['search_flights'],search_flights|book_flight|update_identity_doc,search_flights|book_flight|update_identity_doc,,,2.117,2.117,4.07,
text_s3_full100_C2,travel_21,travel_identity,hard,3,PAUSE|FILLER,0,Wrong arguments for: ['search_flights'],search_flights|book_flight|update_identity_doc,search_flights|book_flight|update_identity_doc,,,2.117,2.117,4.07,
text_s3_full100_C2,travel_23,travel_identity,hard,2,FILLER,1,,update_identity_doc|update_identity_doc,update_identity_doc|update_identity_doc,,,2.267,2.267,3.579,
text_s3_full100_C2,travel_23,travel_identity,hard,2,FILLER,1,,update_identity_doc|update_identity_doc,update_identity_doc|update_identity_doc,,,2.267,2.267,3.579,
text_s3_full100_C2,travel_24,travel_identity,hard,3,,0,Wrong arguments for: ['search_flights'],search_flights|book_flight|update_identity_doc,search_flights|book_flight|update_identity_doc,,,2.065,2.065,3.891,
text_s3_full100_C2.judged,ecommerce_01,ecommerce_support,easy,1,,1,,track_order,track_order,,,,,,
text_s3_full100_C2.judged,ecommerce_01,ecommerce_support,easy,1,,1,,track_order,track_order,,,,,,
text_s3_full100_C2.judged,ecommerce_02,ecommerce_support,easy,1,,1,,search_products,search_products,,,,,,
text_s3_full100_C2.judged,ecommerce_04,ecommerce_support,easy,1,PAUSE,1,,track_order,track_order,,,,,,
text_s3_full100_C2.judged,ecommerce_05,ecommerce_support,easy,1,FILLER|HESITATION,1,,search_products,search_products,,,,,,
text_s3_full100_C2.judged,ecommerce_06,ecommerce_support,easy,1,,1,,add_to_cart,add_to_cart,,,,,,
text_s3_full100_C2.judged,ecommerce_07,ecommerce_support,easy,1,FALSE_START,1,,track_order,track_order,,,,,,
text_s3_full100_C2.judged,ecommerce_08,ecommerce_support,easy,1,PAUSE,0,Wrong arguments for: ['search_products'],search_products,search_products,,,,,,
text_s3_full100_C2.judged,ecommerce_08,ecommerce_support,easy,1,PAUSE,0,Wrong arguments for: ['search_products'],search_products,search_products,,,,,,
text_s3_full100_C2.judged,ecommerce_09,ecommerce_support,medium,1,SELF_CORRECTION,1,,search_products,search_products,,,,,,
text_s3_full100_C2.judged,ecommerce_10,ecommerce_support,medium,2,,1,,track_order|search_products,track_order|search_products,,,,,,
text_s3_full100_C2.judged,ecommerce_11,ecommerce_support,medium,1,SELF_CORRECTION,1,,add_to_cart,add_to_cart,,,,,,
text_s3_full100_C2.judged,ecommerce_12,ecommerce_support,medium,1,HESITATION|PAUSE,0,Wrong arguments for: ['search_products'],search_products,search_products,,,,,,
text_s3_full100_C2.judged,ecommerce_13,ecommerce_support,medium,2,,1,,add_to_cart|track_order,add_to_cart|track_order,,,,,,
text_s3_full100_C2.judged,ecommerce_13,ecommerce_support,medium,2,,1,,add_to_cart|track_order,add_to_cart|track_order,,,,,,
text_s3_full100_C2.judged,ecommerce_14,ecommerce_support,medium,1,FILLER,1,,add_to_cart,add_to_cart,,,,,,
text_s3_full100_C2.judged,ecommerce_14,ecommerce_support,medium,1,FILLER,1,,add_to_cart,add_to_cart,,,,,,
text_s3_full100_C2.judged,ecommerce_15,ecommerce_support,medium,1,FILLER|PAUSE,1,,track_order,track_order,,,,,,
text_s3_full100_C2.judged,ecommerce_15,ecommerce_support,medium,1,FILLER|PAUSE,1,,track_order,track_order,,,,,,
text_s3_full100_C2.judged,ecommerce_16,ecommerce_support,medium,1,HESITATION|PAUSE,1,,search_products,search_products,,,,,,
text_s3_full100_C2.judged,ecommerce_17,ecommerce_support,medium,1,FALSE_START,1,,track_order,track_order,,,,,,
text_s3_full100_C2.judged,ecommerce_18,ecommerce_support,hard,3,,1,,search_products|add_to_cart|track_order,search_products|add_to_cart|track_order,,,,,,
text_s3_full100_C2.judged,ecommerce_19,ecommerce_support,hard,2,SELF_CORRECTION,0,Wrong arguments for: ['add_to_cart'],search_products|add_to_cart,search_products|add_to_cart,,,,,,
text_s3_full100_C2.judged,ecommerce_20,ecommerce_support,hard,2,,0,Unexpected tools: ['track_order'],search_products|add_to_cart,search_products|add_to_cart|track_order,,track_order,,,,
text_s3_full100_C2.judged,ecommerce_21,ecommerce_support,hard,3,FILLER,0,Wrong arguments for: ['search_products'],track_order|search_products|add_to_cart,track_order|search_products|add_to_cart,,,,,,
text_s3_full100_C2.judged,ecommerce_21,ecommerce_support,hard,3,FILLER,0,Wrong arguments for: ['search_products'],track_order|search_products|add_to_cart,track_order|search_products|add_to_cart,,,,,,
text_s3_full100_C2.judged,ecommerce_23,ecommerce_support,hard,2,,1,,track_order|add_to_cart,track_order|add_to_cart,,,,,,
text_s3_full100_C2.judged,ecommerce_25,ecommerce_support,hard,3,FALSE_START,1,,track_order|search_products|add_to_cart,track_order|search_products|add_to_cart,,,,,,
text_s3_full100_C2.judged,ecommerce_25,ecommerce_support,hard,3,FALSE_START,1,,track_order|search_products|add_to_cart,track_order|search_products|add_to_cart,,,,,,
text_s3_full100_C2.judged,finance_01,finance_billing,easy,1,,1,,get_exchange_rate,get_exchange_rate,,,,,,
text_s3_full100_C2.judged,finance_01,finance_billing,easy,1,,1,,get_exchange_rate,get_exchange_rate,,,,,,
text_s3_full100_C2.judged,finance_02,finance_billing,easy,1,,1,,get_card_benefits,get_card_benefits,,,,,,
text_s3_full100_C2.judged,finance_03,finance_billing,easy,1,FILLER,1,,modify_autopay,modify_autopay,,,,,,
text_s3_full100_C2.judged,finance_03,finance_billing,easy,1,FILLER,1,,modify_autopay,modify_autopay,,,,,,
text_s3_full100_C2.judged,finance_04,finance_billing,easy,1,PAUSE,1,,get_exchange_rate,get_exchange_rate,,,,,,
text_s3_full100_C2.judged,finance_06,finance_billing,easy,1,FILLER|PAUSE,1,,get_card_benefits,get_card_benefits,,,,,,
text_s3_full100_C2.judged,finance_07,finance_billing,easy,1,FALSE_START,1,,modify_autopay,modify_autopay,,,,,,
text_s3_full100_C2.judged,finance_07,finance_billing,easy,1,FALSE_START,1,,modify_autopay,modify_autopay,,,,,,
text_s3_full100_C2.judged,finance_08,finance_billing,easy,1,HESITATION,1,,get_exchange_rate,get_exchange_rate,,,,,,
text_s3_full100_C2.judged,finance_08,finance_billing,easy,1,HESITATION,1,,get_exchange_rate,get_exchange_rate,,,,,,
text_s3_full100_C2.judged,finance_10,finance_billing,medium,2,,1,,get_card_benefits|get_exchange_rate,get_card_benefits|get_exchange_rate,,,,,,
text_s3_full100_C2.judged,finance_11,finance_billing,medium,1,FILLER,1,,modify_autopay,modify_autopay,,,,,,
text_s3_full100_C2.judged,finance_12,finance_billing,medium,1,SELF_CORRECTION,1,,get_exchange_rate,get_exchange_rate,,,,,,
text_s3_full100_C2.judged,finance_12,finance_billing,medium,1,SELF_CORRECTION,1,,get_exchange_rate,get_exchange_rate,,,,,,
text_s3_full100_C2.judged,finance_14,finance_billing,medium,2,,1,,get_exchange_rate|get_exchange_rate,get_exchange_rate|get_exchange_rate,,,,,,
text_s3_full100_C2.judged,finance_15,finance_billing,medium,1,SELF_CORRECTION,1,,modify_autopay,modify_autopay,,,,,,
text_s3_full100_C2.judged,finance_16,finance_billing,medium,1,HESITATION|PAUSE,1,,get_exchange_rate,get_exchange_rate,,,,,,
text_s3_full100_C2.judged,finance_17,finance_billing,medium,1,FALSE_START,1,,get_card_benefits,get_card_benefits,,,,,,
text_s3_full100_C2.judged,finance_18,finance_billing,hard,3,,1,,get_exchange_rate|modify_autopay|get_card_benefits,get_exchange_rate|modify_autopay|get_card_benefits,,,,,,
text_s3_full100_C2.judged,finance_19,finance_billing,hard,1,SELF_CORRECTION,1,,get_exchange_rate,get_exchange_rate,,,,,,
text_s3_full100_C2.judged,finance_20,finance_billing,hard,2,,1,,get_exchange_rate|modify_autopay,get_exchange_rate|modify_autopay,,,,,,
text_s3_full100_C2.judged,finance_21,finance_billing,hard,2,FILLER,1,,get_card_benefits|get_exchange_rate,get_card_benefits|get_exchange_rate,,,,,,
text_s3_full100_C2.judged,finance_22,finance_billing,hard,2,FILLER,1,,modify_autopay|modify_autopay,modify_autopay|modify_autopay,,,,,,
text_s3_full100_C2.judged,finance_23,finance_billing,hard,1,FALSE_START|SELF_CORRECTION,1,,modify_autopay,modify_autopay,,,,,,
text_s3_full100_C2.judged,housing_01,housing_location,easy,1,,1,,search_apartments,search_apartments,,,,,,
text_s3_full100_C2.judged,housing_02,housing_location,easy,1,,1,,calculate_commute,calculate_commute,,,,,,
text_s3_full100_C2.judged,housing_03,housing_location,easy,1,FILLER,0,Wrong arguments for: ['update_search_filter'],update_search_filter,update_search_filter,,,,,,
text_s3_full100_C2.judged,housing_04,housing_location,easy,1,PAUSE,1,,search_apartments,search_apartments,,,,,,
text_s3_full100_C2.judged,housing_05,housing_location,easy,1,HESITATION|PAUSE,0,Wrong arguments for: ['search_apartments'],search_apartments,search_apartments,,,,,,
text_s3_full100_C2.judged,housing_05,housing_location,easy,1,HESITATION|PAUSE,0,Wrong arguments for: ['search_apartments'],search_apartments,search_apartments,,,,,,
text_s3_full100_C2.judged,housing_06,housing_location,easy,1,,0,Wrong arguments for: ['calculate_commute'],calculate_commute,calculate_commute,,,,,,
text_s3_full100_C2.judged,housing_08,housing_location,easy,1,FALSE_START,0,Wrong arguments for: ['update_search_filter'],update_search_filter,update_search_filter,,,,,,
text_s3_full100_C2.judged,housing_09,housing_location,medium,1,SELF_CORRECTION,1,,search_apartments,search_apartments,,,,,,
text_s3_full100_C2.judged,housing_10,housing_location,medium,2,,0,Wrong arguments for: ['update_search_filter'],calculate_commute|update_search_filter,calculate_commute|update_search_filter,,,,,,
text_s3_full100_C2.judged,housing_11,housing_location,medium,1,SELF_CORRECTION,0,Missing tools: ['search_apartments'],search_apartments,,search_apartments,,,,,
text_s3_full100_C2.judged,housing_13,housing_location,medium,2,,0,"Missing tools: ['update_search_filter', 'update_search_filter']",update_search_filter|update_search_filter,,update_search_filter|update_search_filter,,,,,
text_s3_full100_C2.judged,housing_14,housing_location,medium,1,FILLER,0,Wrong arguments for: ['search_apartments'],search_apartments,search_apartments,,,,,,
text_s3_full100_C2.judged,housing_14,housing_location,medium,1,FILLER,0,Wrong arguments for: ['search_apartments'],search_apartments,search_apartments,,,,,,
text_s3_full100_C2.judged,housing_15,housing_location,medium,1,FALSE_START,0,Wrong arguments for: ['search_apartments'],search_apartments,search_apartments,,,,,,
text_s3_full100_C2.judged,housing_15,housing_location,medium,1,FALSE_START,0,Wrong arguments for: ['search_apartments'],search_apartments,search_apartments,,,,,,
text_s3_full100_C2.judged,housing_17,housing_location,medium,1,SELF_CORRECTION,1,,calculate_commute,calculate_commute,,,,,,
text_s3_full100_C2.judged,housing_17,housing_location,medium,1,SELF_CORRECTION,1,,calculate_commute,calculate_commute,,,,,,
text_s3_full100_C2.judged,housing_18,housing_location,hard,2,,0,Wrong arguments for: ['calculate_commute'],search_apartments|calculate_commute,search_apartments|calculate_commute,,,,,,
text_s3_full100_C2.judged,housing_19,housing_location,hard,1,SELF_CORRECTION,1,,calculate_commute,calculate_commute,,,,,,
text_s3_full100_C2.judged,housing_20,housing_location,hard,3,,0,"Wrong arguments for: ['search_apartments', 'calculate_commute', 'update_search_filter']",search_apartments|calculate_commute|update_search_filter,search_apartments|calculate_commute|update_search_filter,,,,,,
text_s3_full100_C2.judged,housing_21,housing_location,hard,2,SELF_CORRECTION,0,"Wrong arguments for: ['search_apartments', 'calculate_commute']",search_apartments|calculate_commute,search_apartments|calculate_commute,,,,,,
text_s3_full100_C2.judged,housing_22,housing_location,hard,3,FILLER,0,"Wrong arguments for: ['update_search_filter', 'calculate_commute']",update_search_filter|search_apartments|calculate_commute,update_search_filter|search_apartments|calculate_commute,,,,,,
text_s3_full100_C2.judged,housing_24,housing_location,hard,3,PAUSE|FILLER,0,Missing tools: ['update_search_filter'],update_search_filter|search_apartments|calculate_commute,search_apartments|calculate_commute,update_search_filter,,,,,
text_s3_full100_C2.judged,housing_24,housing_location,hard,3,PAUSE|FILLER,0,"Wrong arguments for: ['update_search_filter', 'search_apartments', 'calculate_commute']",update_search_filter|search_apartments|calculate_commute,update_search_filter|search_apartments|calculate_commute,,,,,,
text_s3_full100_C2.judged,housing_25,housing_location,hard,3,SELF_CORRECTION,0,Missing tools: ['update_search_filter'],update_search_filter|update_search_filter|search_apartments,update_search_filter|search_apartments,update_search_filter,,,,,
text_s3_full100_C2.judged,travel_01,travel_identity,easy,1,,1,,search_flights,search_flights,,,,,,
text_s3_full100_C2.judged,travel_02,travel_identity,easy,1,,0,Wrong arguments for: ['update_identity_doc'],update_identity_doc,update_identity_doc,,,,,,
text_s3_full100_C2.judged,travel_03,travel_identity,easy,1,FILLER,1,,search_flights,search_flights,,,,,,
text_s3_full100_C2.judged,travel_03,travel_identity,easy,1,FILLER,1,,search_flights,search_flights,,,,,,
text_s3_full100_C2.judged,travel_05,travel_identity,easy,1,FILLER|HESITATION,1,,search_flights,search_flights,,,,,,
text_s3_full100_C2.judged,travel_07,travel_identity,easy,1,,1,,update_identity_doc,update_identity_doc,,,,,,
text_s3_full100_C2.judged,travel_07,travel_identity,easy,1,,1,,update_identity_doc,update_identity_doc,,,,,,
text_s3_full100_C2.judged,travel_08,travel_identity,easy,1,FALSE_START,1,,search_flights,search_flights,,,,,,
text_s3_full100_C2.judged,travel_10,travel_identity,medium,1,FILLER|SELF_CORRECTION,1,,search_flights,search_flights,,,,,,
text_s3_full100_C2.judged,travel_11,travel_identity,medium,2,,1,,search_flights|book_flight,search_flights|book_flight,,,,,,
text_s3_full100_C2.judged,travel_14,travel_identity,medium,1,HESITATION|PAUSE,1,,search_flights,search_flights,,,,,,
text_s3_full100_C2.judged,travel_16,travel_identity,medium,1,FILLER,1,,search_flights,search_flights,,,,,,
text_s3_full100_C2.judged,travel_18,travel_identity,hard,3,FILLER,1,,search_flights|book_flight|update_identity_doc,search_flights|book_flight|update_identity_doc,,,,,,
text_s3_full100_C2.judged,travel_19,travel_identity,hard,1,SELF_CORRECTION,1,,search_flights,search_flights,,,,,,
text_s3_full100_C2.judged,travel_20,travel_identity,hard,3,,1,,search_flights|book_flight|update_identity_doc,search_flights|book_flight|update_identity_doc,,,,,,
text_s3_full100_C2.judged,travel_21,travel_identity,hard,3,PAUSE|FILLER,1,,search_flights|book_flight|update_identity_doc,search_flights|book_flight|update_identity_doc,,,,,,
text_s3_full100_C2.judged,travel_21,travel_identity,hard,3,PAUSE|FILLER,1,,search_flights|book_flight|update_identity_doc,search_flights|book_flight|update_identity_doc,,,,,,
text_s3_full100_C2.judged,travel_23,travel_identity,hard,2,FILLER,1,,update_identity_doc|update_identity_doc,update_identity_doc|update_identity_doc,,,,,,
text_s3_full100_C2.judged,travel_23,travel_identity,hard,2,FILLER,1,,update_identity_doc|update_identity_doc,update_identity_doc|update_identity_doc,,,,,,
text_s3_full100_C2.judged,travel_24,travel_identity,hard,3,,1,,search_flights|book_flight|update_identity_doc,search_flights|book_flight|update_identity_doc,,,,,,
text_s3_full100_D,ecommerce_01,ecommerce_support,easy,1,,1,,track_order,track_order,,,3.771,3.771,6.792,
text_s3_full100_D,ecommerce_01,ecommerce_support,easy,1,,1,,track_order,track_order,,,3.771,3.771,6.792,
text_s3_full100_D,ecommerce_02,ecommerce_support,easy,1,,1,,search_products,search_products,,,4.676,4.676,7.846,
text_s3_full100_D,ecommerce_04,ecommerce_support,easy,1,PAUSE,1,,track_order,track_order,,,6.441,6.441,9.607,
text_s3_full100_D,ecommerce_05,ecommerce_support,easy,1,FILLER|HESITATION,1,,search_products,search_products,,,2.616,2.616,6.085,
text_s3_full100_D,ecommerce_06,ecommerce_support,easy,1,,1,,add_to_cart,add_to_cart,,,4.074,4.074,8.399,
text_s3_full100_D,ecommerce_07,ecommerce_support,easy,1,FALSE_START,1,,track_order,track_order,,,3.872,3.872,5.683,
text_s3_full100_D,ecommerce_08,ecommerce_support,easy,1,PAUSE,0,Wrong arguments for: ['search_products'],search_products,search_products,,,2.215,2.215,5.586,
text_s3_full100_D,ecommerce_08,ecommerce_support,easy,1,PAUSE,0,Wrong arguments for: ['search_products'],search_products,search_products,,,2.215,2.215,5.586,
text_s3_full100_D,ecommerce_09,ecommerce_support,medium,1,SELF_CORRECTION,1,,search_products,search_products,,,2.667,2.667,7.694,
text_s3_full100_D,ecommerce_10,ecommerce_support,medium,2,,1,,track_order|search_products,track_order|search_products,,,5.933,5.933,7.846,
text_s3_full100_D,ecommerce_11,ecommerce_support,medium,1,SELF_CORRECTION,1,,add_to_cart,add_to_cart,,,3.067,3.067,6.586,
text_s3_full100_D,ecommerce_12,ecommerce_support,medium,1,HESITATION|PAUSE,0,Wrong arguments for: ['search_products'],search_products,search_products,,,3.568,3.568,7.342,
text_s3_full100_D,ecommerce_13,ecommerce_support,medium,2,,1,,add_to_cart|track_order,add_to_cart|track_order,,,4.628,4.628,7.294,
text_s3_full100_D,ecommerce_13,ecommerce_support,medium,2,,1,,add_to_cart|track_order,add_to_cart|track_order,,,4.628,4.628,7.294,
text_s3_full100_D,ecommerce_14,ecommerce_support,medium,1,FILLER,1,,add_to_cart,add_to_cart,,,2.968,2.968,5.484,
text_s3_full100_D,ecommerce_14,ecommerce_support,medium,1,FILLER,1,,add_to_cart,add_to_cart,,,2.968,2.968,5.484,
text_s3_full100_D,ecommerce_15,ecommerce_support,medium,1,FILLER|PAUSE,1,,track_order,track_order,,,3.769,3.769,5.478,
text_s3_full100_D,ecommerce_15,ecommerce_support,medium,1,FILLER|PAUSE,1,,track_order,track_order,,,3.769,3.769,5.478,
text_s3_full100_D,ecommerce_16,ecommerce_support,medium,1,HESITATION|PAUSE,1,,search_products,search_products,,,5.322,5.322,8.287,
text_s3_full100_D,ecommerce_17,ecommerce_support,medium,1,FALSE_START,1,,track_order,track_order,,,3.771,3.771,7.197,
text_s3_full100_D,ecommerce_18,ecommerce_support,hard,3,,1,,search_products|add_to_cart|track_order,search_products|add_to_cart|track_order,,,3.419,3.419,6.086,
text_s3_full100_D,ecommerce_19,ecommerce_support,hard,2,SELF_CORRECTION,1,,search_products|add_to_cart,search_products|add_to_cart,,,3.519,3.519,8.501,
text_s3_full100_D,ecommerce_20,ecommerce_support,hard,2,,0,Unexpected tools: ['track_order'],search_products|add_to_cart,search_products|add_to_cart|track_order,,track_order,4.627,4.627,6.489,
text_s3_full100_D,ecommerce_21,ecommerce_support,hard,3,FILLER,0,Wrong arguments for: ['search_products'],track_order|search_products|add_to_cart,track_order|search_products|add_to_cart,,,3.719,3.719,7.992,
text_s3_full100_D,ecommerce_21,ecommerce_support,hard,3,FILLER,0,Wrong arguments for: ['search_products'],track_order|search_products|add_to_cart,track_order|search_products|add_to_cart,,,3.719,3.719,7.992,
text_s3_full100_D,ecommerce_23,ecommerce_support,hard,2,,1,,track_order|add_to_cart,track_order|add_to_cart,,,3.117,3.117,6.939,
text_s3_full100_D,ecommerce_25,ecommerce_support,hard,3,FALSE_START,1,,track_order|search_products|add_to_cart,track_order|search_products|add_to_cart,,,4.175,4.175,6.188,
text_s3_full100_D,ecommerce_25,ecommerce_support,hard,3,FALSE_START,1,,track_order|search_products|add_to_cart,track_order|search_products|add_to_cart,,,4.175,4.175,6.188,
text_s3_full100_D,finance_01,finance_billing,easy,1,,1,,get_exchange_rate,get_exchange_rate,,,5.078,5.078,8.701,
text_s3_full100_D,finance_01,finance_billing,easy,1,,1,,get_exchange_rate,get_exchange_rate,,,5.078,5.078,8.701,
text_s3_full100_D,finance_02,finance_billing,easy,1,,1,,get_card_benefits,get_card_benefits,,,2.664,2.664,3.822,
text_s3_full100_D,finance_03,finance_billing,easy,1,FILLER,1,,modify_autopay,modify_autopay,,,2.265,2.265,5.533,
text_s3_full100_D,finance_03,finance_billing,easy,1,FILLER,1,,modify_autopay,modify_autopay,,,2.265,2.265,5.533,
text_s3_full100_D,finance_04,finance_billing,easy,1,PAUSE,1,,get_exchange_rate,get_exchange_rate,,,3.675,3.675,6.592,
text_s3_full100_D,finance_06,finance_billing,easy,1,FILLER|PAUSE,1,,get_card_benefits,get_card_benefits,,,4.729,4.729,7.544,
text_s3_full100_D,finance_07,finance_billing,easy,1,FALSE_START,1,,modify_autopay,modify_autopay,,,1.712,1.712,3.874,
text_s3_full100_D,finance_07,finance_billing,easy,1,FALSE_START,1,,modify_autopay,modify_autopay,,,1.712,1.712,3.874,
text_s3_full100_D,finance_08,finance_billing,easy,1,HESITATION,1,,get_exchange_rate,get_exchange_rate,,,3.522,3.522,6.341,
text_s3_full100_D,finance_08,finance_billing,easy,1,HESITATION,1,,get_exchange_rate,get_exchange_rate,,,3.522,3.522,6.341,
text_s3_full100_D,finance_10,finance_billing,medium,2,,1,,get_card_benefits|get_exchange_rate,get_card_benefits|get_exchange_rate,,,6.185,6.185,11.814,
text_s3_full100_D,finance_11,finance_billing,medium,1,FILLER,1,,modify_autopay,modify_autopay,,,3.821,3.821,6.991,
text_s3_full100_D,finance_12,finance_billing,medium,1,SELF_CORRECTION,1,,get_exchange_rate,get_exchange_rate,,,3.37,3.37,7.344,
text_s3_full100_D,finance_12,finance_billing,medium,1,SELF_CORRECTION,1,,get_exchange_rate,get_exchange_rate,,,3.37,3.37,7.344,
text_s3_full100_D,finance_14,finance_billing,medium,2,,1,,get_exchange_rate|get_exchange_rate,get_exchange_rate|get_exchange_rate,,,5.735,5.735,9.56,
text_s3_full100_D,finance_15,finance_billing,medium,1,SELF_CORRECTION,1,,modify_autopay,modify_autopay,,,3.372,3.372,6.491,
text_s3_full100_D,finance_16,finance_billing,medium,1,HESITATION|PAUSE,1,,get_exchange_rate,get_exchange_rate,,,4.827,4.827,8.547,
text_s3_full100_D,finance_17,finance_billing,medium,1,FALSE_START,1,,get_card_benefits,get_card_benefits,,,2.919,2.919,6.139,
text_s3_full100_D,finance_18,finance_billing,hard,3,,1,,get_exchange_rate|modify_autopay|get_card_benefits,get_exchange_rate|modify_autopay|get_card_benefits,,,6.139,6.139,9.565,
text_s3_full100_D,finance_19,finance_billing,hard,1,SELF_CORRECTION,1,,get_exchange_rate,get_exchange_rate,,,3.569,3.569,7.038,
text_s3_full100_D,finance_20,finance_billing,hard,2,,1,,get_exchange_rate|modify_autopay,get_exchange_rate|modify_autopay,,,3.469,3.469,7.347,
text_s3_full100_D,finance_21,finance_billing,hard,2,FILLER,1,,get_card_benefits|get_exchange_rate,get_card_benefits|get_exchange_rate,,,3.922,3.922,5.834,
text_s3_full100_D,finance_22,finance_billing,hard,2,FILLER,1,,modify_autopay|modify_autopay,modify_autopay|modify_autopay,,,2.363,2.363,5.331,
text_s3_full100_D,finance_23,finance_billing,hard,1,FALSE_START|SELF_CORRECTION,1,,modify_autopay,modify_autopay,,,3.525,3.525,6.995,
text_s3_full100_D,housing_01,housing_location,easy,1,,1,,search_apartments,search_apartments,,,3.474,3.474,7.19,
text_s3_full100_D,housing_02,housing_location,easy,1,,1,,calculate_commute,calculate_commute,,,2.866,2.866,6.145,
text_s3_full100_D,housing_03,housing_location,easy,1,FILLER,0,Wrong arguments for: ['update_search_filter'],update_search_filter,update_search_filter,,,2.616,2.616,5.952,
text_s3_full100_D,housing_04,housing_location,easy,1,PAUSE,1,,search_apartments,search_apartments,,,4.178,4.178,7.831,
text_s3_full100_D,housing_05,housing_location,easy,1,HESITATION|PAUSE,0,Wrong arguments for: ['search_apartments'],search_apartments,search_apartments,,,4.077,4.077,8.972,
text_s3_full100_D,housing_05,housing_location,easy,1,HESITATION|PAUSE,0,Wrong arguments for: ['search_apartments'],search_apartments,search_apartments,,,4.077,4.077,8.972,
text_s3_full100_D,housing_06,housing_location,easy,1,,1,,calculate_commute,calculate_commute,,,4.075,4.075,7.141,
text_s3_full100_D,housing_08,housing_location,easy,1,FALSE_START,0,Wrong arguments for: ['update_search_filter'],update_search_filter,update_search_filter,,,3.165,3.165,5.848,
text_s3_full100_D,housing_09,housing_location,medium,1,SELF_CORRECTION,1,,search_apartments,search_apartments,,,2.664,2.664,5.607,
text_s3_full100_D,housing_10,housing_location,medium,2,,1,,calculate_commute|update_search_filter,calculate_commute|update_search_filter,,,3.823,3.823,7.331,
text_s3_full100_D,housing_11,housing_location,medium,1,SELF_CORRECTION,0,Missing tools: ['search_apartments'],search_apartments,,search_apartments,,,3.319,15.026,
text_s3_full100_D,housing_13,housing_location,medium,2,,0,"Missing tools: ['update_search_filter', 'update_search_filter']",update_search_filter|update_search_filter,,update_search_filter|update_search_filter,,,3.47,15.027,
text_s3_full100_D,housing_14,housing_location,medium,1,FILLER,0,Wrong arguments for: ['search_apartments'],search_apartments,search_apartments,,,3.52,3.52,7.456,
text_s3_full100_D,housing_14,housing_location,medium,1,FILLER,0,Unexpected tools: ['update_search_filter'],search_apartments,search_apartments|update_search_filter,,update_search_filter,3.52,3.52,7.456,
text_s3_full100_D,housing_15,housing_location,medium,1,FALSE_START,0,Wrong arguments for: ['search_apartments'],search_apartments,search_apartments,,,2.965,2.965,5.328,
text_s3_full100_D,housing_15,housing_location,medium,1,FALSE_START,0,Wrong arguments for: ['search_apartments'],search_apartments,search_apartments,,,2.965,2.965,5.328,
text_s3_full100_D,housing_17,housing_location,medium,1,SELF_CORRECTION,1,,calculate_commute,calculate_commute,,,3.468,3.468,6.532,
text_s3_full100_D,housing_17,housing_location,medium,1,SELF_CORRECTION,1,,calculate_commute,calculate_commute,,,3.468,3.468,6.532,
text_s3_full100_D,housing_18,housing_location,hard,2,,0,Wrong arguments for: ['calculate_commute'],search_apartments|calculate_commute,search_apartments|calculate_commute,,,4.121,4.121,10.768,
text_s3_full100_D,housing_19,housing_location,hard,1,SELF_CORRECTION,1,,calculate_commute,calculate_commute,,,3.818,3.818,6.703,
text_s3_full100_D,housing_20,housing_location,hard,3,,0,"Missing tools: ['calculate_commute', 'update_search_filter']",search_apartments|calculate_commute|update_search_filter,search_apartments,calculate_commute|update_search_filter,,3.671,3.671,,timeout waiting for FINAL
text_s3_full100_D,housing_21,housing_location,hard,2,SELF_CORRECTION,0,"Missing tools: ['search_apartments', 'calculate_commute']",search_apartments|calculate_commute,,search_apartments|calculate_commute,,,3.482,15.011,
text_s3_full100_D,housing_22,housing_location,hard,3,FILLER,0,"Wrong arguments for: ['update_search_filter', 'calculate_commute']",update_search_filter|search_apartments|calculate_commute,update_search_filter|search_apartments|calculate_commute,,,4.025,4.025,11.417,
text_s3_full100_D,housing_24,housing_location,hard,3,PAUSE|FILLER,0,"Wrong arguments for: ['update_search_filter', 'search_apartments', 'calculate_commute']",update_search_filter|search_apartments|calculate_commute,update_search_filter|search_apartments|calculate_commute,,,5.076,5.076,10.688,
text_s3_full100_D,housing_24,housing_location,hard,3,PAUSE|FILLER,0,"Wrong arguments for: ['update_search_filter', 'search_apartments', 'calculate_commute']",update_search_filter|search_apartments|calculate_commute,update_search_filter|search_apartments|calculate_commute,,,5.076,5.076,10.688,
text_s3_full100_D,housing_25,housing_location,hard,3,SELF_CORRECTION,0,"Missing tools: ['update_search_filter', 'update_search_filter']",update_search_filter|update_search_filter|search_apartments,search_apartments,update_search_filter|update_search_filter,,4.23,4.23,7.679,
text_s3_full100_D,travel_01,travel_identity,easy,1,,1,,search_flights,search_flights,,,3.924,3.924,7.164,
text_s3_full100_D,travel_02,travel_identity,easy,1,,0,Wrong arguments for: ['update_identity_doc'],update_identity_doc,update_identity_doc,,,4.978,4.978,7.54,
text_s3_full100_D,travel_03,travel_identity,easy,1,FILLER,1,,search_flights,search_flights,,,4.733,4.733,8.655,
text_s3_full100_D,travel_03,travel_identity,easy,1,FILLER,1,,search_flights,search_flights,,,4.733,4.733,8.655,
text_s3_full100_D,travel_05,travel_identity,easy,1,FILLER|HESITATION,1,,search_flights,search_flights,,,3.171,3.171,6.866,
text_s3_full100_D,travel_07,travel_identity,easy,1,,0,Missing tools: ['update_identity_doc'],update_identity_doc,,update_identity_doc,,,3.575,15.048,
text_s3_full100_D,travel_07,travel_identity,easy,1,,0,Missing tools: ['update_identity_doc'],update_identity_doc,,update_identity_doc,,,3.575,15.048,
text_s3_full100_D,travel_08,travel_identity,easy,1,FALSE_START,1,,search_flights,search_flights,,,3.533,3.533,6.931,
text_s3_full100_D,travel_10,travel_identity,medium,1,FILLER|SELF_CORRECTION,1,,search_flights,search_flights,,,2.864,2.864,7.054,
text_s3_full100_D,travel_11,travel_identity,medium,2,,1,,search_flights|book_flight,search_flights|book_flight,,,3.722,3.722,7.279,
text_s3_full100_D,travel_14,travel_identity,medium,1,HESITATION|PAUSE,1,,search_flights,search_flights,,,3.875,3.875,7.685,
text_s3_full100_D,travel_16,travel_identity,medium,1,FILLER,1,,search_flights,search_flights,,,3.977,3.977,6.86,
text_s3_full100_D,travel_18,travel_identity,hard,3,FILLER,1,,search_flights|book_flight|update_identity_doc,search_flights|book_flight|update_identity_doc,,,5.081,5.081,9.228,
text_s3_full100_D,travel_19,travel_identity,hard,1,SELF_CORRECTION,1,,search_flights,search_flights,,,4.078,4.078,7.157,
text_s3_full100_D,travel_20,travel_identity,hard,3,,1,,search_flights|book_flight|update_identity_doc,search_flights|book_flight|update_identity_doc,,,3.976,3.976,7.786,
text_s3_full100_D,travel_21,travel_identity,hard,3,PAUSE|FILLER,1,,search_flights|book_flight|update_identity_doc,search_flights|book_flight|update_identity_doc,,,4.48,4.48,9.198,
text_s3_full100_D,travel_21,travel_identity,hard,3,PAUSE|FILLER,1,,search_flights|book_flight|update_identity_doc,search_flights|book_flight|update_identity_doc,,,4.48,4.48,9.198,
text_s3_full100_D,travel_23,travel_identity,hard,2,FILLER,1,,update_identity_doc|update_identity_doc,update_identity_doc|update_identity_doc,,,3.724,3.724,7.905,
text_s3_full100_D,travel_23,travel_identity,hard,2,FILLER,1,,update_identity_doc|update_identity_doc,update_identity_doc|update_identity_doc,,,3.724,3.724,7.905,
text_s3_full100_D,travel_24,travel_identity,hard,3,,0,Unexpected tools: ['search_apartments'],search_flights|book_flight|update_identity_doc,search_flights|book_flight|search_apartments|update_identity_doc,,search_apartments,3.57,3.57,7.921,
text_s3_full100_E_flash,ecommerce_01,ecommerce_support,easy,1,,1,,track_order,track_order,,,2.721,2.721,4.988,
text_s3_full100_E_flash,ecommerce_01,ecommerce_support,easy,1,,1,,track_order,track_order,,,2.721,2.721,4.988,
text_s3_full100_E_flash,ecommerce_02,ecommerce_support,easy,1,,1,,search_products,search_products,,,2.369,2.369,4.687,
text_s3_full100_E_flash,ecommerce_04,ecommerce_support,easy,1,PAUSE,1,,track_order,track_order,,,3.373,3.373,5.691,
text_s3_full100_E_flash,ecommerce_05,ecommerce_support,easy,1,FILLER|HESITATION,1,,search_products,search_products,,,3.073,3.073,5.493,
text_s3_full100_E_flash,ecommerce_06,ecommerce_support,easy,1,,1,,add_to_cart,add_to_cart,,,2.868,2.868,5.281,
text_s3_full100_E_flash,ecommerce_07,ecommerce_support,easy,1,FALSE_START,1,,track_order,track_order,,,4.573,4.573,6.734,
text_s3_full100_E_flash,ecommerce_08,ecommerce_support,easy,1,PAUSE,0,Wrong arguments for: ['search_products'],search_products,search_products,,,3.414,3.414,5.423,
text_s3_full100_E_flash,ecommerce_08,ecommerce_support,easy,1,PAUSE,0,Wrong arguments for: ['search_products'],search_products,search_products,,,3.414,3.414,5.423,
text_s3_full100_E_flash,ecommerce_09,ecommerce_support,medium,1,SELF_CORRECTION,1,,search_products,search_products,,,2.963,2.963,5.124,
text_s3_full100_E_flash,ecommerce_10,ecommerce_support,medium,2,,1,,track_order|search_products,track_order|search_products,,,2.612,2.612,5.777,
text_s3_full100_E_flash,ecommerce_11,ecommerce_support,medium,1,SELF_CORRECTION,0,Wrong arguments for: ['add_to_cart'],add_to_cart,add_to_cart,,,2.914,2.914,4.774,
text_s3_full100_E_flash,ecommerce_12,ecommerce_support,medium,1,HESITATION|PAUSE,0,Wrong arguments for: ['search_products'],search_products,search_products,,,2.866,2.866,5.076,
text_s3_full100_E_flash,ecommerce_13,ecommerce_support,medium,2,,1,,add_to_cart|track_order,add_to_cart|track_order,,,5.222,5.222,7.384,
text_s3_full100_E_flash,ecommerce_13,ecommerce_support,medium,2,,1,,add_to_cart|track_order,add_to_cart|track_order,,,5.222,5.222,7.384,
text_s3_full100_E_flash,ecommerce_14,ecommerce_support,medium,1,FILLER,1,,add_to_cart,add_to_cart,,,2.262,2.262,4.724,
text_s3_full100_E_flash,ecommerce_14,ecommerce_support,medium,1,FILLER,1,,add_to_cart,add_to_cart,,,2.262,2.262,4.724,
text_s3_full100_E_flash,ecommerce_15,ecommerce_support,medium,1,FILLER|PAUSE,1,,track_order,track_order,,,2.311,2.311,4.069,
text_s3_full100_E_flash,ecommerce_15,ecommerce_support,medium,1,FILLER|PAUSE,1,,track_order,track_order,,,2.311,2.311,4.069,
text_s3_full100_E_flash,ecommerce_16,ecommerce_support,medium,1,HESITATION|PAUSE,1,,search_products,search_products,,,2.112,2.112,4.728,
text_s3_full100_E_flash,ecommerce_17,ecommerce_support,medium,1,FALSE_START,1,,track_order,track_order,,,2.768,2.768,5.183,
text_s3_full100_E_flash,ecommerce_18,ecommerce_support,hard,3,,1,,search_products|add_to_cart|track_order,search_products|add_to_cart|track_order,,,2.919,2.919,5.187,
text_s3_full100_E_flash,ecommerce_19,ecommerce_support,hard,2,SELF_CORRECTION,1,,search_products|add_to_cart,search_products|add_to_cart,,,3.622,3.622,5.944,
text_s3_full100_E_flash,ecommerce_20,ecommerce_support,hard,2,,0,Unexpected tools: ['track_order'],search_products|add_to_cart,search_products|add_to_cart|track_order,,track_order,3.78,3.78,6.8,
text_s3_full100_E_flash,ecommerce_21,ecommerce_support,hard,3,FILLER,1,,track_order|search_products|add_to_cart,track_order|search_products|add_to_cart,,,3.474,3.474,5.79,
text_s3_full100_E_flash,ecommerce_21,ecommerce_support,hard,3,FILLER,1,,track_order|search_products|add_to_cart,track_order|search_products|add_to_cart,,,3.474,3.474,5.79,
text_s3_full100_E_flash,ecommerce_23,ecommerce_support,hard,2,,1,,track_order|add_to_cart,track_order|add_to_cart,,,2.666,2.666,4.729,
text_s3_full100_E_flash,ecommerce_25,ecommerce_support,hard,3,FALSE_START,1,,track_order|search_products|add_to_cart,track_order|search_products|add_to_cart,,,2.918,2.918,5.181,
text_s3_full100_E_flash,ecommerce_25,ecommerce_support,hard,3,FALSE_START,1,,track_order|search_products|add_to_cart,track_order|search_products|add_to_cart,,,2.918,2.918,5.181,
text_s3_full100_E_flash,finance_01,finance_billing,easy,1,,1,,get_exchange_rate,get_exchange_rate,,,4.578,4.578,8.198,
text_s3_full100_E_flash,finance_01,finance_billing,easy,1,,1,,get_exchange_rate,get_exchange_rate,,,4.578,4.578,8.198,
text_s3_full100_E_flash,finance_02,finance_billing,easy,1,,1,,get_card_benefits,get_card_benefits,,,4.172,4.172,7.193,
text_s3_full100_E_flash,finance_03,finance_billing,easy,1,FILLER,1,,modify_autopay,modify_autopay,,,2.867,2.867,4.98,
text_s3_full100_E_flash,finance_03,finance_billing,easy,1,FILLER,1,,modify_autopay,modify_autopay,,,2.867,2.867,4.98,
text_s3_full100_E_flash,finance_04,finance_billing,easy,1,PAUSE,1,,get_exchange_rate,get_exchange_rate,,,2.57,2.57,4.483,
text_s3_full100_E_flash,finance_06,finance_billing,easy,1,FILLER|PAUSE,0,Wrong arguments for: ['get_card_benefits'],get_card_benefits,get_card_benefits,,,3.121,3.121,5.486,
text_s3_full100_E_flash,finance_07,finance_billing,easy,1,FALSE_START,1,,modify_autopay,modify_autopay,,,2.462,2.462,4.576,
text_s3_full100_E_flash,finance_07,finance_billing,easy,1,FALSE_START,1,,modify_autopay,modify_autopay,,,2.462,2.462,4.576,
text_s3_full100_E_flash,finance_08,finance_billing,easy,1,HESITATION,1,,get_exchange_rate,get_exchange_rate,,,2.914,2.914,5.073,
text_s3_full100_E_flash,finance_08,finance_billing,easy,1,HESITATION,1,,get_exchange_rate,get_exchange_rate,,,2.914,2.914,5.073,
text_s3_full100_E_flash,finance_10,finance_billing,medium,2,,1,,get_card_benefits|get_exchange_rate,get_card_benefits|get_exchange_rate,,,3.918,3.918,8.037,
text_s3_full100_E_flash,finance_11,finance_billing,medium,1,FILLER,1,,modify_autopay,modify_autopay,,,2.615,2.615,4.524,
text_s3_full100_E_flash,finance_12,finance_billing,medium,1,SELF_CORRECTION,1,,get_exchange_rate,get_exchange_rate,,,2.461,2.461,4.871,
text_s3_full100_E_flash,finance_12,finance_billing,medium,1,SELF_CORRECTION,1,,get_exchange_rate,get_exchange_rate,,,2.461,2.461,4.871,
text_s3_full100_E_flash,finance_14,finance_billing,medium,2,,1,,get_exchange_rate|get_exchange_rate,get_exchange_rate|get_exchange_rate,,,3.214,3.214,5.576,
text_s3_full100_E_flash,finance_15,finance_billing,medium,1,SELF_CORRECTION,1,,modify_autopay,modify_autopay,,,2.261,2.261,4.22,
text_s3_full100_E_flash,finance_16,finance_billing,medium,1,HESITATION|PAUSE,1,,get_exchange_rate,get_exchange_rate,,,3.366,3.366,5.426,
text_s3_full100_E_flash,finance_17,finance_billing,medium,1,FALSE_START,1,,get_card_benefits,get_card_benefits,,,2.913,2.913,4.872,
text_s3_full100_E_flash,finance_18,finance_billing,hard,3,,1,,get_exchange_rate|modify_autopay|get_card_benefits,get_exchange_rate|modify_autopay|get_card_benefits,,,4.369,4.369,7.084,
text_s3_full100_E_flash,finance_19,finance_billing,hard,1,SELF_CORRECTION,1,,get_exchange_rate,get_exchange_rate,,,2.562,2.562,4.922,
text_s3_full100_E_flash,finance_20,finance_billing,hard,2,,1,,get_exchange_rate|modify_autopay,get_exchange_rate|modify_autopay,,,3.163,3.163,5.375,
text_s3_full100_E_flash,finance_21,finance_billing,hard,2,FILLER,1,,get_card_benefits|get_exchange_rate,get_card_benefits|get_exchange_rate,,,2.36,2.36,5.375,
text_s3_full100_E_flash,finance_22,finance_billing,hard,2,FILLER,1,,modify_autopay|modify_autopay,modify_autopay|modify_autopay,,,3.518,3.518,5.528,
text_s3_full100_E_flash,finance_23,finance_billing,hard,1,FALSE_START|SELF_CORRECTION,1,,modify_autopay,modify_autopay,,,2.21,2.21,3.968,
text_s3_full100_E_flash,housing_01,housing_location,easy,1,,1,,search_apartments,search_apartments,,,2.663,2.663,5.394,
text_s3_full100_E_flash,housing_02,housing_location,easy,1,,0,Wrong arguments for: ['calculate_commute'],calculate_commute,calculate_commute,,,2.512,2.512,4.715,
text_s3_full100_E_flash,housing_03,housing_location,easy,1,FILLER,0,Wrong arguments for: ['update_search_filter'],update_search_filter,update_search_filter,,,2.564,2.564,4.517,
text_s3_full100_E_flash,housing_04,housing_location,easy,1,PAUSE,1,,search_apartments,search_apartments,,,2.866,2.866,5.822,
text_s3_full100_E_flash,housing_05,housing_location,easy,1,HESITATION|PAUSE,0,Wrong arguments for: ['search_apartments'],search_apartments,search_apartments,,,4.825,4.825,7.688,
text_s3_full100_E_flash,housing_05,housing_location,easy,1,HESITATION|PAUSE,0,Wrong arguments for: ['search_apartments'],search_apartments,search_apartments,,,4.825,4.825,7.688,
text_s3_full100_E_flash,housing_06,housing_location,easy,1,,0,Wrong arguments for: ['calculate_commute'],calculate_commute,calculate_commute,,,2.966,2.966,5.532,
text_s3_full100_E_flash,housing_08,housing_location,easy,1,FALSE_START,0,Wrong arguments for: ['update_search_filter'],update_search_filter,update_search_filter,,,2.466,2.466,4.737,
text_s3_full100_E_flash,housing_09,housing_location,medium,1,SELF_CORRECTION,1,,search_apartments,search_apartments,,,3.721,3.721,6.492,
text_s3_full100_E_flash,housing_10,housing_location,medium,2,,0,Wrong arguments for: ['update_search_filter'],calculate_commute|update_search_filter,calculate_commute|update_search_filter,,,4.025,4.025,9.253,
text_s3_full100_E_flash,housing_11,housing_location,medium,1,SELF_CORRECTION,0,Missing tools: ['search_apartments'],search_apartments,,search_apartments,,,2.564,15.032,
text_s3_full100_E_flash,housing_13,housing_location,medium,2,,0,"Missing tools: ['update_search_filter', 'update_search_filter']",update_search_filter|update_search_filter,,update_search_filter|update_search_filter,,,2.412,15.032,
text_s3_full100_E_flash,housing_14,housing_location,medium,1,FILLER,0,Wrong arguments for: ['search_apartments'],search_apartments,search_apartments,,,2.564,2.564,6.301,
text_s3_full100_E_flash,housing_14,housing_location,medium,1,FILLER,0,Wrong arguments for: ['search_apartments'],search_apartments,search_apartments,,,2.564,2.564,6.301,
text_s3_full100_E_flash,housing_15,housing_location,medium,1,FALSE_START,0,Wrong arguments for: ['search_apartments'],search_apartments,search_apartments,,,2.61,2.61,5.111,
text_s3_full100_E_flash,housing_15,housing_location,medium,1,FALSE_START,0,Wrong arguments for: ['search_apartments'],search_apartments,search_apartments,,,2.61,2.61,5.111,
text_s3_full100_E_flash,housing_17,housing_location,medium,1,SELF_CORRECTION,1,,calculate_commute,calculate_commute,,,2.513,2.513,5.22,
text_s3_full100_E_flash,housing_17,housing_location,medium,1,SELF_CORRECTION,1,,calculate_commute,calculate_commute,,,2.513,2.513,5.22,
text_s3_full100_E_flash,housing_18,housing_location,hard,2,,0,Wrong arguments for: ['calculate_commute'],search_apartments|calculate_commute,search_apartments|calculate_commute,,,2.915,2.915,8.726,
text_s3_full100_E_flash,housing_19,housing_location,hard,1,SELF_CORRECTION,1,,calculate_commute,calculate_commute,,,2.466,2.466,5.696,
text_s3_full100_E_flash,housing_20,housing_location,hard,3,,0,Missing tools: ['update_search_filter']; Unexpected tools: ['search_apartments'],search_apartments|calculate_commute|update_search_filter,search_apartments|calculate_commute|search_apartments,update_search_filter,search_apartments,2.765,2.765,9.796,
text_s3_full100_E_flash,housing_21,housing_location,hard,2,SELF_CORRECTION,0,"Missing tools: ['search_apartments', 'calculate_commute']",search_apartments|calculate_commute,,search_apartments|calculate_commute,,,3.52,15.046,
text_s3_full100_E_flash,housing_22,housing_location,hard,3,FILLER,0,Wrong arguments for: ['update_search_filter'],update_search_filter|search_apartments|calculate_commute,update_search_filter|search_apartments|calculate_commute,,,2.874,2.874,8.107,
text_s3_full100_E_flash,housing_24,housing_location,hard,3,PAUSE|FILLER,0,"Missing tools: ['update_search_filter', 'calculate_commute']",update_search_filter|search_apartments|calculate_commute,search_apartments,update_search_filter|calculate_commute,,2.771,2.771,,timeout waiting for FINAL
text_s3_full100_E_flash,housing_24,housing_location,hard,3,PAUSE|FILLER,0,"Missing tools: ['update_search_filter', 'calculate_commute']",update_search_filter|search_apartments|calculate_commute,search_apartments,update_search_filter|calculate_commute,,2.771,2.771,,timeout waiting for FINAL
text_s3_full100_E_flash,housing_25,housing_location,hard,3,SELF_CORRECTION,0,Missing tools: ['update_search_filter'],update_search_filter|update_search_filter|search_apartments,update_search_filter|search_apartments,update_search_filter,,3.769,3.769,6.997,
text_s3_full100_E_flash,travel_01,travel_identity,easy,1,,1,,search_flights,search_flights,,,4.168,4.168,6.486,
text_s3_full100_E_flash,travel_02,travel_identity,easy,1,,0,Wrong arguments for: ['update_identity_doc'],update_identity_doc,update_identity_doc,,,2.615,2.615,5.026,
text_s3_full100_E_flash,travel_03,travel_identity,easy,1,FILLER,1,,search_flights,search_flights,,,3.869,3.869,6.653,
text_s3_full100_E_flash,travel_03,travel_identity,easy,1,FILLER,1,,search_flights,search_flights,,,3.869,3.869,6.653,
text_s3_full100_E_flash,travel_05,travel_identity,easy,1,FILLER|HESITATION,1,,search_flights,search_flights,,,2.414,2.414,4.738,
text_s3_full100_E_flash,travel_07,travel_identity,easy,1,,1,,update_identity_doc,update_identity_doc,,,2.561,2.561,4.37,
text_s3_full100_E_flash,travel_07,travel_identity,easy,1,,1,,update_identity_doc,update_identity_doc,,,2.561,2.561,4.37,
text_s3_full100_E_flash,travel_08,travel_identity,easy,1,FALSE_START,1,,search_flights,search_flights,,,2.41,2.41,4.715,
text_s3_full100_E_flash,travel_10,travel_identity,medium,1,FILLER|SELF_CORRECTION,1,,search_flights,search_flights,,,2.562,2.562,5.321,
text_s3_full100_E_flash,travel_11,travel_identity,medium,2,,1,,search_flights|book_flight,search_flights|book_flight,,,3.566,3.566,5.853,
text_s3_full100_E_flash,travel_14,travel_identity,medium,1,HESITATION|PAUSE,1,,search_flights,search_flights,,,2.163,2.163,4.42,
text_s3_full100_E_flash,travel_16,travel_identity,medium,1,FILLER,1,,search_flights,search_flights,,,2.461,2.461,4.919,
text_s3_full100_E_flash,travel_18,travel_identity,hard,3,FILLER,1,,search_flights|book_flight|update_identity_doc,search_flights|book_flight|update_identity_doc,,,2.862,2.862,5.448,
text_s3_full100_E_flash,travel_19,travel_identity,hard,1,SELF_CORRECTION,1,,search_flights,search_flights,,,3.817,3.817,6.083,
text_s3_full100_E_flash,travel_20,travel_identity,hard,3,,1,,search_flights|book_flight|update_identity_doc,search_flights|book_flight|update_identity_doc,,,2.864,2.864,5.679,
text_s3_full100_E_flash,travel_21,travel_identity,hard,3,PAUSE|FILLER,1,,search_flights|book_flight|update_identity_doc,search_flights|book_flight|update_identity_doc,,,2.912,2.912,5.648,
text_s3_full100_E_flash,travel_21,travel_identity,hard,3,PAUSE|FILLER,1,,search_flights|book_flight|update_identity_doc,search_flights|book_flight|update_identity_doc,,,2.912,2.912,5.648,
text_s3_full100_E_flash,travel_23,travel_identity,hard,2,FILLER,1,,update_identity_doc|update_identity_doc,update_identity_doc|update_identity_doc,,,2.666,2.666,4.781,
text_s3_full100_E_flash,travel_23,travel_identity,hard,2,FILLER,1,,update_identity_doc|update_identity_doc,update_identity_doc|update_identity_doc,,,2.666,2.666,4.781,
text_s3_full100_E_flash,travel_24,travel_identity,hard,3,,1,,search_flights|book_flight|update_identity_doc,search_flights|book_flight|update_identity_doc,,,2.711,2.711,5.555,
text_s3_targeted_1000_ecommerce_20_,ecommerce_20,ecommerce_support,hard,2,,0,Unexpected tools: ['track_order'],search_products|add_to_cart,search_products|add_to_cart|track_order,,track_order,3.871,2.213,5.331,
text_s3_targeted_1000_housing_10_,housing_10,housing_location,medium,2,,0,"Wrong arguments for: ['calculate_commute', 'update_search_filter']",calculate_commute|update_search_filter,calculate_commute|update_search_filter,,,1.959,1.959,3.899,
text_s3_targeted_1000_housing_13_,housing_13,housing_location,medium,2,,0,"Missing tools: ['update_search_filter', 'update_search_filter']",update_search_filter|update_search_filter,,update_search_filter|update_search_filter,,,3.775,,timeout waiting for FINAL
text_s3_targeted_1000_housing_18_,housing_18,housing_location,hard,2,,0,Missing tools: ['calculate_commute'],search_apartments|calculate_commute,search_apartments,calculate_commute,,3.373,1.813,3.957,
text_s3_targeted_1000_housing_20_,housing_20,housing_location,hard,3,,0,Wrong arguments for: ['update_search_filter'],search_apartments|calculate_commute|update_search_filter,search_apartments|calculate_commute|update_search_filter,,,3.62,1.962,6.335,
text_s3_targeted_1000_housing_21_,housing_21,housing_location,hard,2,SELF_CORRECTION,0,"Missing tools: ['search_apartments', 'calculate_commute']",search_apartments|calculate_commute,,search_apartments|calculate_commute,,,1.762,15.022,
text_s3_targeted_1000_housing_22_,housing_22,housing_location,hard,3,FILLER,0,"Wrong arguments for: ['update_search_filter', 'calculate_commute']",update_search_filter|search_apartments|calculate_commute,update_search_filter|search_apartments|calculate_commute,,,3.278,1.716,5.664,
text_s3_targeted_1000_housing_24_,housing_24,housing_location,hard,3,PAUSE|FILLER,0,"Missing tools: ['update_search_filter', 'calculate_commute']",update_search_filter|search_apartments|calculate_commute,search_apartments,update_search_filter|calculate_commute,,3.879,2.063,4.22,
text_s3_targeted_1000_housing_24_,housing_24,housing_location,hard,3,PAUSE|FILLER,0,"Missing tools: ['update_search_filter', 'search_apartments', 'calculate_commute']",update_search_filter|search_apartments|calculate_commute,,update_search_filter|search_apartments|calculate_commute,,3.879,2.063,4.22,
text_s3_targeted_1000_housing_25_,housing_25,housing_location,hard,3,SELF_CORRECTION,0,"Missing tools: ['update_search_filter', 'search_apartments']",update_search_filter|update_search_filter|search_apartments,update_search_filter,update_search_filter|search_apartments,,1.763,1.763,15.035,
text_s3_targeted_1000_travel_07_,travel_07,travel_identity,easy,1,,0,Missing tools: ['update_identity_doc'],update_identity_doc,,update_identity_doc,,,1.61,15.04,
text_s3_targeted_1000_travel_07_,travel_07,travel_identity,easy,1,,1,,update_identity_doc,update_identity_doc,,,,1.61,15.04,
text_s3_targeted_inc2_1012_ecommerce_20_,ecommerce_20,ecommerce_support,hard,2,,0,Unexpected tools: ['track_order'],search_products|add_to_cart,search_products|add_to_cart|track_order,,track_order,1.562,1.562,3.379,
text_s3_targeted_inc2_1012_housing_10_,housing_10,housing_location,medium,2,,0,"Wrong arguments for: ['calculate_commute', 'update_search_filter']",calculate_commute|update_search_filter,calculate_commute|update_search_filter,,,1.664,1.664,3.744,
text_s3_targeted_inc2_1012_housing_13_,housing_13,housing_location,medium,2,,0,"Missing tools: ['update_search_filter', 'update_search_filter']",update_search_filter|update_search_filter,,update_search_filter|update_search_filter,,,1.716,15.05,
text_s3_targeted_inc2_1012_housing_18_,housing_18,housing_location,hard,2,,0,Wrong arguments for: ['calculate_commute'],search_apartments|calculate_commute,search_apartments|calculate_commute,,,2.215,2.215,5.744,
text_s3_targeted_inc2_1012_housing_20_,housing_20,housing_location,hard,3,,0,Wrong arguments for: ['update_search_filter'],search_apartments|calculate_commute|update_search_filter,search_apartments|calculate_commute|update_search_filter,,,1.962,1.962,4.35,
text_s3_targeted_inc2_1012_housing_21_,housing_21,housing_location,hard,2,SELF_CORRECTION,0,"Missing tools: ['search_apartments', 'calculate_commute']",search_apartments|calculate_commute,,search_apartments|calculate_commute,,,1.562,15.006,
text_s3_targeted_inc2_1012_housing_22_,housing_22,housing_location,hard,3,FILLER,0,"Wrong arguments for: ['update_search_filter', 'calculate_commute']",update_search_filter|search_apartments|calculate_commute,update_search_filter|search_apartments|calculate_commute,,,2.965,2.965,6.793,
text_s3_targeted_inc2_1012_housing_24_,housing_24,housing_location,hard,3,PAUSE|FILLER,0,Wrong arguments for: ['update_search_filter'],update_search_filter|search_apartments|calculate_commute,update_search_filter|search_apartments|calculate_commute,,,2.364,2.364,6.182,
text_s3_targeted_inc2_1012_housing_24_,housing_24,housing_location,hard,3,PAUSE|FILLER,0,Missing tools: ['update_search_filter'],update_search_filter|search_apartments|calculate_commute,search_apartments|calculate_commute,update_search_filter,,2.364,2.364,6.182,
text_s3_targeted_inc2_1012_housing_25_,housing_25,housing_location,hard,3,SELF_CORRECTION,0,Missing tools: ['update_search_filter'],update_search_filter|update_search_filter|search_apartments,update_search_filter|search_apartments,update_search_filter,,2.066,2.066,4.224,
text_s3_targeted_inc2_1012_travel_07_,travel_07,travel_identity,easy,1,,0,Missing tools: ['update_identity_doc'],update_identity_doc,,update_identity_doc,,,1.919,15.048,
text_s3_targeted_inc2_1012_travel_07_,travel_07,travel_identity,easy,1,,0,Missing tools: ['update_identity_doc'],update_identity_doc,,update_identity_doc,,,1.919,15.048,
text_stall_debug_finance_15,finance_15,finance_billing,medium,1,SELF_CORRECTION,1,,modify_autopay,modify_autopay,,,,,,
text_stall_debug_housing_11,housing_11,housing_location,medium,1,SELF_CORRECTION,0,Missing tools: ['search_apartments'],search_apartments,,search_apartments,,,,,timeout waiting for FINAL
text_stall_debug_housing_13,housing_13,housing_location,medium,2,,0,"Missing tools: ['update_search_filter', 'update_search_filter']",update_search_filter|update_search_filter,,update_search_filter|update_search_filter,,,,,timeout waiting for FINAL
text_text_replay_0930_final,ecommerce_01,ecommerce_support,easy,1,,1,,track_order,track_order,,,2.564,2.564,4.374,
text_text_replay_0930_final,ecommerce_01,ecommerce_support,easy,1,,1,,track_order,track_order,,,2.564,2.564,4.374,
text_text_replay_0930_final,ecommerce_02,ecommerce_support,easy,1,,1,,search_products,search_products,,,2.115,2.115,3.724,
text_text_replay_0930_final,ecommerce_04,ecommerce_support,easy,1,PAUSE,1,,track_order,track_order,,,3.066,3.066,4.574,
text_text_replay_0930_final,ecommerce_05,ecommerce_support,easy,1,FILLER|HESITATION,1,,search_products,search_products,,,2.065,2.065,3.626,
text_text_replay_0930_final,ecommerce_06,ecommerce_support,easy,1,,1,,add_to_cart,add_to_cart,,,2.667,2.667,4.227,
text_text_replay_0930_final,ecommerce_07,ecommerce_support,easy,1,FALSE_START,1,,track_order,track_order,,,2.009,2.009,3.967,
text_text_replay_0930_final,ecommerce_08,ecommerce_support,easy,1,PAUSE,0,Wrong arguments for: ['search_products'],search_products,search_products,,,2.16,2.16,3.969,
text_text_replay_0930_final,ecommerce_08,ecommerce_support,easy,1,PAUSE,0,Wrong arguments for: ['search_products'],search_products,search_products,,,2.16,2.16,3.969,
text_text_replay_0930_final,ecommerce_09,ecommerce_support,medium,1,SELF_CORRECTION,1,,search_products,search_products,,,2.11,2.11,3.87,
text_text_replay_0930_final,ecommerce_10,ecommerce_support,medium,2,,1,,track_order|search_products,track_order|search_products,,,2.815,2.815,4.424,
text_text_replay_0930_final,ecommerce_11,ecommerce_support,medium,1,SELF_CORRECTION,1,,add_to_cart,add_to_cart,,,2.561,2.561,4.623,
text_text_replay_0930_final,ecommerce_12,ecommerce_support,medium,1,HESITATION|PAUSE,0,Wrong arguments for: ['search_products'],search_products,search_products,,,1.959,1.959,3.969,
text_text_replay_0930_final,ecommerce_13,ecommerce_support,medium,2,,1,,add_to_cart|track_order,add_to_cart|track_order,,,3.469,3.469,5.128,
text_text_replay_0930_final,ecommerce_13,ecommerce_support,medium,2,,1,,add_to_cart|track_order,add_to_cart|track_order,,,3.469,3.469,5.128,
text_text_replay_0930_final,ecommerce_14,ecommerce_support,medium,1,FILLER,1,,add_to_cart,add_to_cart,,,2.313,2.313,4.072,
text_text_replay_0930_final,ecommerce_14,ecommerce_support,medium,1,FILLER,1,,add_to_cart,add_to_cart,,,2.313,2.313,4.072,
text_text_replay_0930_final,ecommerce_15,ecommerce_support,medium,1,FILLER|PAUSE,1,,track_order,track_order,,,2.21,2.21,3.871,
text_text_replay_0930_final,ecommerce_15,ecommerce_support,medium,1,FILLER|PAUSE,1,,track_order,track_order,,,2.21,2.21,3.871,
text_text_replay_0930_final,ecommerce_16,ecommerce_support,medium,1,HESITATION|PAUSE,1,,search_products,search_products,,,2.212,2.212,4.075,
text_text_replay_0930_final,ecommerce_17,ecommerce_support,medium,1,FALSE_START,1,,track_order,track_order,,,2.516,1.863,4.58,
text_text_replay_0930_final,ecommerce_18,ecommerce_support,hard,3,,1,,search_products|add_to_cart|track_order,search_products|add_to_cart|track_order,,,2.515,2.515,4.229,
text_text_replay_0930_final,ecommerce_19,ecommerce_support,hard,2,SELF_CORRECTION,1,,search_products|add_to_cart,search_products|add_to_cart,,,2.013,2.013,3.774,
text_text_replay_0930_final,ecommerce_20,ecommerce_support,hard,2,,0,Unexpected tools: ['track_order'],search_products|add_to_cart,search_products|add_to_cart|track_order,,track_order,3.221,3.221,5.436,
text_text_replay_0930_final,ecommerce_21,ecommerce_support,hard,3,FILLER,0,Wrong arguments for: ['search_products'],track_order|search_products|add_to_cart,track_order|search_products|add_to_cart,,,2.968,2.968,4.933,
text_text_replay_0930_final,ecommerce_21,ecommerce_support,hard,3,FILLER,0,Wrong arguments for: ['search_products'],track_order|search_products|add_to_cart,track_order|search_products|add_to_cart,,,2.968,2.968,4.933,
text_text_replay_0930_final,ecommerce_23,ecommerce_support,hard,2,,1,,track_order|add_to_cart,track_order|add_to_cart,,,2.568,2.568,4.434,
text_text_replay_0930_final,ecommerce_25,ecommerce_support,hard,3,FALSE_START,1,,track_order|search_products|add_to_cart,track_order|search_products|add_to_cart,,,2.615,2.615,4.782,
text_text_replay_0930_final,ecommerce_25,ecommerce_support,hard,3,FALSE_START,1,,track_order|search_products|add_to_cart,track_order|search_products|add_to_cart,,,2.615,2.615,4.782,
text_text_replay_0930_final,finance_01,finance_billing,easy,1,,1,,get_exchange_rate,get_exchange_rate,,,2.618,2.618,4.383,
text_text_replay_0930_final,finance_01,finance_billing,easy,1,,1,,get_exchange_rate,get_exchange_rate,,,2.618,2.618,4.383,
text_text_replay_0930_final,finance_02,finance_billing,easy,1,,1,,get_card_benefits,get_card_benefits,,,3.125,3.125,5.442,
text_text_replay_0930_final,finance_03,finance_billing,easy,1,FILLER,1,,modify_autopay,modify_autopay,,,3.027,3.027,4.743,
text_text_replay_0930_final,finance_03,finance_billing,easy,1,FILLER,1,,modify_autopay,modify_autopay,,,3.027,3.027,4.743,
text_text_replay_0930_final,finance_04,finance_billing,easy,1,PAUSE,1,,get_exchange_rate,get_exchange_rate,,,2.776,2.776,4.695,
text_text_replay_0930_final,finance_06,finance_billing,easy,1,FILLER|PAUSE,1,,get_card_benefits,get_card_benefits,,,1.918,1.918,3.632,
text_text_replay_0930_final,finance_07,finance_billing,easy,1,FALSE_START,1,,modify_autopay,modify_autopay,,,2.321,2.321,4.087,
text_text_replay_0930_final,finance_07,finance_billing,easy,1,FALSE_START,1,,modify_autopay,modify_autopay,,,2.321,2.321,4.087,
text_text_replay_0930_final,finance_08,finance_billing,easy,1,HESITATION,1,,get_exchange_rate,get_exchange_rate,,,2.521,2.47,4.539,
text_text_replay_0930_final,finance_08,finance_billing,easy,1,HESITATION,1,,get_exchange_rate,get_exchange_rate,,,2.521,2.47,4.539,
text_text_replay_0930_final,finance_10,finance_billing,medium,2,,1,,get_card_benefits|get_exchange_rate,get_card_benefits|get_exchange_rate,,,2.872,2.872,7.209,
text_text_replay_0930_final,finance_11,finance_billing,medium,1,FILLER,1,,modify_autopay,modify_autopay,,,2.067,2.067,3.732,
text_text_replay_0930_final,finance_12,finance_billing,medium,1,SELF_CORRECTION,1,,get_exchange_rate,get_exchange_rate,,,2.323,2.323,4.14,
text_text_replay_0930_final,finance_12,finance_billing,medium,1,SELF_CORRECTION,1,,get_exchange_rate,get_exchange_rate,,,2.323,2.323,4.14,
text_text_replay_0930_final,finance_14,finance_billing,medium,2,,1,,get_exchange_rate|get_exchange_rate,get_exchange_rate|get_exchange_rate,,,2.976,2.976,5.045,
text_text_replay_0930_final,finance_15,finance_billing,medium,1,SELF_CORRECTION,1,,modify_autopay,modify_autopay,,,2.472,2.472,4.036,
text_text_replay_0930_final,finance_16,finance_billing,medium,1,HESITATION|PAUSE,1,,get_exchange_rate,get_exchange_rate,,,2.522,2.522,4.134,
text_text_replay_0930_final,finance_17,finance_billing,medium,1,FALSE_START,1,,get_card_benefits,get_card_benefits,,,2.369,2.369,4.185,
text_text_replay_0930_final,finance_18,finance_billing,hard,3,,1,,get_exchange_rate|modify_autopay|get_card_benefits,get_exchange_rate|modify_autopay|get_card_benefits,,,2.673,2.673,5.398,
text_text_replay_0930_final,finance_19,finance_billing,hard,1,SELF_CORRECTION,1,,get_exchange_rate,get_exchange_rate,,,2.169,2.169,4.44,
text_text_replay_0930_final,finance_20,finance_billing,hard,2,,1,,get_exchange_rate|modify_autopay,get_exchange_rate|modify_autopay,,,2.671,2.671,4.689,
text_text_replay_0930_final,finance_21,finance_billing,hard,2,FILLER,1,,get_card_benefits|get_exchange_rate,get_card_benefits|get_exchange_rate,,,2.774,2.774,5.498,
text_text_replay_0930_final,finance_22,finance_billing,hard,2,FILLER,1,,modify_autopay|modify_autopay,modify_autopay|modify_autopay,,,3.735,3.735,5.743,
text_text_replay_0930_final,finance_23,finance_billing,hard,1,FALSE_START|SELF_CORRECTION,1,,modify_autopay,modify_autopay,,,2.261,2.261,3.919,
text_text_replay_0930_final,housing_01,housing_location,easy,1,,1,,search_apartments,search_apartments,,,2.514,2.514,4.914,
text_text_replay_0930_final,housing_02,housing_location,easy,1,,1,,calculate_commute,calculate_commute,,,2.471,2.471,4.736,
text_text_replay_0930_final,housing_03,housing_location,easy,1,FILLER,1,,update_search_filter,update_search_filter,,,2.221,2.221,4.454,
text_text_replay_0930_final,housing_04,housing_location,easy,1,PAUSE,1,,search_apartments,search_apartments,,,2.773,2.773,4.657,
text_text_replay_0930_final,housing_05,housing_location,easy,1,HESITATION|PAUSE,0,Wrong arguments for: ['search_apartments'],search_apartments,search_apartments,,,2.522,2.471,4.557,
text_text_replay_0930_final,housing_05,housing_location,easy,1,HESITATION|PAUSE,0,Wrong arguments for: ['search_apartments'],search_apartments,search_apartments,,,2.522,2.471,4.557,
text_text_replay_0930_final,housing_06,housing_location,easy,1,,1,,calculate_commute,calculate_commute,,,2.663,2.663,5.108,
text_text_replay_0930_final,housing_08,housing_location,easy,1,FALSE_START,0,Wrong arguments for: ['update_search_filter'],update_search_filter,update_search_filter,,,2.765,2.765,5.065,
text_text_replay_0930_final,housing_09,housing_location,medium,1,SELF_CORRECTION,1,,search_apartments,search_apartments,,,2.616,2.616,4.731,
text_text_replay_0930_final,housing_10,housing_location,medium,2,,0,Wrong arguments for: ['update_search_filter'],calculate_commute|update_search_filter,calculate_commute|update_search_filter,,,2.664,2.664,5.503,
text_text_replay_0930_final,housing_11,housing_location,medium,1,SELF_CORRECTION,0,Missing tools: ['search_apartments'],search_apartments,,search_apartments,,,1.962,,timeout waiting for FINAL
text_text_replay_0930_final,housing_13,housing_location,medium,2,,0,"Missing tools: ['update_search_filter', 'update_search_filter']",update_search_filter|update_search_filter,,update_search_filter|update_search_filter,,,1.869,,timeout waiting for FINAL
text_text_replay_0930_final,housing_14,housing_location,medium,1,FILLER,0,Wrong arguments for: ['search_apartments'],search_apartments,search_apartments,,,2.466,2.466,4.893,
text_text_replay_0930_final,housing_14,housing_location,medium,1,FILLER,0,Wrong arguments for: ['search_apartments'],search_apartments,search_apartments,,,2.466,2.466,4.893,
text_text_replay_0930_final,housing_15,housing_location,medium,1,FALSE_START,0,Wrong arguments for: ['search_apartments'],search_apartments,search_apartments,,,2.513,2.362,4.92,
text_text_replay_0930_final,housing_15,housing_location,medium,1,FALSE_START,0,Wrong arguments for: ['search_apartments'],search_apartments,search_apartments,,,2.513,2.362,4.92,
text_text_replay_0930_final,housing_17,housing_location,medium,1,SELF_CORRECTION,1,,calculate_commute,calculate_commute,,,2.261,2.261,4.403,
text_text_replay_0930_final,housing_17,housing_location,medium,1,SELF_CORRECTION,1,,calculate_commute,calculate_commute,,,2.261,2.261,4.403,
text_text_replay_0930_final,housing_18,housing_location,hard,2,,1,,search_apartments|calculate_commute,search_apartments|calculate_commute,,,3.165,3.165,7.157,
text_text_replay_0930_final,housing_19,housing_location,hard,1,SELF_CORRECTION,1,,calculate_commute,calculate_commute,,,2.36,2.36,4.753,
text_text_replay_0930_final,housing_20,housing_location,hard,3,,0,Missing tools: ['update_search_filter']; Unexpected tools: ['search_apartments'],search_apartments|calculate_commute|update_search_filter,search_apartments|calculate_commute|search_apartments,update_search_filter,search_apartments,3.268,3.268,8.886,
text_text_replay_0930_final,housing_21,housing_location,hard,2,SELF_CORRECTION,0,"Missing tools: ['search_apartments', 'calculate_commute']",search_apartments|calculate_commute,,search_apartments|calculate_commute,,,2.52,,timeout waiting for FINAL
text_text_replay_0930_final,housing_22,housing_location,hard,3,FILLER,0,"Missing tools: ['update_search_filter', 'search_apartments', 'calculate_commute']",update_search_filter|search_apartments|calculate_commute,,update_search_filter|search_apartments|calculate_commute,,,33.397,33.397,
text_text_replay_0930_final,housing_24,housing_location,hard,3,PAUSE|FILLER,0,Missing tools: ['update_search_filter'],update_search_filter|search_apartments|calculate_commute,search_apartments|calculate_commute,update_search_filter,,2.817,2.817,6.957,
text_text_replay_0930_final,housing_24,housing_location,hard,3,PAUSE|FILLER,0,Missing tools: ['update_search_filter'],update_search_filter|search_apartments|calculate_commute,search_apartments|calculate_commute,update_search_filter,,2.817,2.817,6.957,
text_text_replay_0930_final,housing_25,housing_location,hard,3,SELF_CORRECTION,0,Missing tools: ['update_search_filter'],update_search_filter|update_search_filter|search_apartments,update_search_filter|search_apartments,update_search_filter,,2.871,2.871,5.625,
text_text_replay_0930_final,travel_01,travel_identity,easy,1,,1,,search_flights,search_flights,,,2.014,2.014,3.96,
text_text_replay_0930_final,travel_02,travel_identity,easy,1,,0,Wrong arguments for: ['update_identity_doc'],update_identity_doc,update_identity_doc,,,2.518,2.165,4.331,
text_text_replay_0930_final,travel_03,travel_identity,easy,1,FILLER,1,,search_flights,search_flights,,,2.316,2.316,4.495,
text_text_replay_0930_final,travel_03,travel_identity,easy,1,FILLER,1,,search_flights,search_flights,,,2.316,2.316,4.495,
text_text_replay_0930_final,travel_05,travel_identity,easy,1,FILLER|HESITATION,1,,search_flights,search_flights,,,2.618,2.618,4.841,
text_text_replay_0930_final,travel_07,travel_identity,easy,1,,1,,update_identity_doc,update_identity_doc,,,2.719,2.719,5.541,
text_text_replay_0930_final,travel_07,travel_identity,easy,1,,1,,update_identity_doc,update_identity_doc,,,2.719,2.719,5.541,
text_text_replay_0930_final,travel_08,travel_identity,easy,1,FALSE_START,1,,search_flights,search_flights,,,2.516,2.516,5.042,
text_text_replay_0930_final,travel_10,travel_identity,medium,1,FILLER|SELF_CORRECTION,1,,search_flights,search_flights,,,2.113,2.113,4.413,
text_text_replay_0930_final,travel_11,travel_identity,medium,2,,1,,search_flights|book_flight,search_flights|book_flight,,,2.621,2.621,5.309,
text_text_replay_0930_final,travel_14,travel_identity,medium,1,HESITATION|PAUSE,1,,search_flights,search_flights,,,2.263,2.263,4.515,
text_text_replay_0930_final,travel_16,travel_identity,medium,1,FILLER,1,,search_flights,search_flights,,,2.667,2.667,,timeout waiting for FINAL
text_text_replay_0930_final,travel_18,travel_identity,hard,3,FILLER,1,,search_flights|book_flight|update_identity_doc,search_flights|book_flight|update_identity_doc,,,2.763,2.763,4.857,
text_text_replay_0930_final,travel_19,travel_identity,hard,1,SELF_CORRECTION,1,,search_flights,search_flights,,,2.161,2.161,4.665,
text_text_replay_0930_final,travel_20,travel_identity,hard,3,,1,,search_flights|book_flight|update_identity_doc,search_flights|book_flight|update_identity_doc,,,2.515,2.515,4.852,
text_text_replay_0930_final,travel_21,travel_identity,hard,3,PAUSE|FILLER,1,,search_flights|book_flight|update_identity_doc,search_flights|book_flight|update_identity_doc,,,2.466,2.466,5.166,
text_text_replay_0930_final,travel_21,travel_identity,hard,3,PAUSE|FILLER,1,,search_flights|book_flight|update_identity_doc,search_flights|book_flight|update_identity_doc,,,2.466,2.466,5.166,
text_text_replay_0930_final,travel_23,travel_identity,hard,2,FILLER,1,,update_identity_doc|update_identity_doc,update_identity_doc|update_identity_doc,,,3.116,3.116,5.027,
text_text_replay_0930_final,travel_23,travel_identity,hard,2,FILLER,1,,update_identity_doc|update_identity_doc,update_identity_doc|update_identity_doc,,,3.116,3.116,5.027,
text_text_replay_0930_final,travel_24,travel_identity,hard,3,,1,,search_flights|book_flight|update_identity_doc,search_flights|book_flight|update_identity_doc,,,2.767,2.767,5.45,
text_text_replay_0930_fixes,ecommerce_01,ecommerce_support,easy,1,,1,,track_order,track_order,,,1.967,1.967,3.479,
text_text_replay_0930_fixes,ecommerce_01,ecommerce_support,easy,1,,1,,track_order,track_order,,,1.967,1.967,3.479,
text_text_replay_0930_fixes,ecommerce_02,ecommerce_support,easy,1,,1,,search_products,search_products,,,2.066,2.066,4.28,
text_text_replay_0930_fixes,ecommerce_04,ecommerce_support,easy,1,PAUSE,1,,track_order,track_order,,,2.263,2.263,4.074,
text_text_replay_0930_fixes,ecommerce_05,ecommerce_support,easy,1,FILLER|HESITATION,1,,search_products,search_products,,,2.064,2.064,3.725,
text_text_replay_0930_fixes,ecommerce_06,ecommerce_support,easy,1,,1,,add_to_cart,add_to_cart,,,2.015,2.015,3.825,
text_text_replay_0930_fixes,ecommerce_07,ecommerce_support,easy,1,FALSE_START,1,,track_order,track_order,,,2.419,2.419,4.23,
text_text_replay_0930_fixes,ecommerce_08,ecommerce_support,easy,1,PAUSE,0,Wrong arguments for: ['search_products'],search_products,search_products,,,2.576,2.576,4.438,
text_text_replay_0930_fixes,ecommerce_08,ecommerce_support,easy,1,PAUSE,0,Wrong arguments for: ['search_products'],search_products,search_products,,,2.576,2.576,4.438,
text_text_replay_0930_fixes,ecommerce_09,ecommerce_support,medium,1,SELF_CORRECTION,1,,search_products,search_products,,,1.662,1.662,3.574,
text_text_replay_0930_fixes,ecommerce_10,ecommerce_support,medium,2,,1,,track_order|search_products,track_order|search_products,,,2.265,2.265,3.978,
text_text_replay_0930_fixes,ecommerce_11,ecommerce_support,medium,1,SELF_CORRECTION,1,,add_to_cart,add_to_cart,,,2.516,2.516,4.629,
text_text_replay_0930_fixes,ecommerce_12,ecommerce_support,medium,1,HESITATION|PAUSE,0,Wrong arguments for: ['search_products'],search_products,search_products,,,2.064,2.064,3.777,
text_text_replay_0930_fixes,ecommerce_13,ecommerce_support,medium,2,,1,,add_to_cart|track_order,add_to_cart|track_order,,,2.267,2.267,4.129,
text_text_replay_0930_fixes,ecommerce_13,ecommerce_support,medium,2,,1,,add_to_cart|track_order,add_to_cart|track_order,,,2.267,2.267,4.129,
text_text_replay_0930_fixes,ecommerce_14,ecommerce_support,medium,1,FILLER,1,,add_to_cart,add_to_cart,,,1.963,1.963,3.776,
text_text_replay_0930_fixes,ecommerce_14,ecommerce_support,medium,1,FILLER,1,,add_to_cart,add_to_cart,,,1.963,1.963,3.776,
text_text_replay_0930_fixes,ecommerce_15,ecommerce_support,medium,1,FILLER|PAUSE,1,,track_order,track_order,,,2.465,2.465,4.078,
text_text_replay_0930_fixes,ecommerce_15,ecommerce_support,medium,1,FILLER|PAUSE,1,,track_order,track_order,,,2.465,2.465,4.078,
text_text_replay_0930_fixes,ecommerce_16,ecommerce_support,medium,1,HESITATION|PAUSE,1,,search_products,search_products,,,2.113,2.113,4.226,
text_text_replay_0930_fixes,ecommerce_17,ecommerce_support,medium,1,FALSE_START,1,,track_order,track_order,,,2.518,1.713,4.28,
text_text_replay_0930_fixes,ecommerce_18,ecommerce_support,hard,3,,1,,search_products|add_to_cart|track_order,search_products|add_to_cart|track_order,,,2.466,2.466,4.329,
text_text_replay_0930_fixes,ecommerce_19,ecommerce_support,hard,2,SELF_CORRECTION,1,,search_products|add_to_cart,search_products|add_to_cart,,,2.464,2.464,4.325,
text_text_replay_0930_fixes,ecommerce_20,ecommerce_support,hard,2,,0,Unexpected tools: ['track_order'],search_products|add_to_cart,search_products|add_to_cart|track_order,,track_order,2.416,2.416,4.68,
text_text_replay_0930_fixes,ecommerce_21,ecommerce_support,hard,3,FILLER,1,,track_order|search_products|add_to_cart,track_order|search_products|add_to_cart,,,2.666,2.666,5.127,
text_text_replay_0930_fixes,ecommerce_21,ecommerce_support,hard,3,FILLER,0,Wrong arguments for: ['search_products'],track_order|search_products|add_to_cart,track_order|search_products|add_to_cart,,,2.666,2.666,5.127,
text_text_replay_0930_fixes,ecommerce_23,ecommerce_support,hard,2,,1,,track_order|add_to_cart,track_order|add_to_cart,,,2.21,2.21,3.967,
text_text_replay_0930_fixes,ecommerce_25,ecommerce_support,hard,3,FALSE_START,1,,track_order|search_products|add_to_cart,track_order|search_products|add_to_cart,,,2.864,2.864,4.775,
text_text_replay_0930_fixes,ecommerce_25,ecommerce_support,hard,3,FALSE_START,1,,track_order|search_products|add_to_cart,track_order|search_products|add_to_cart,,,2.864,2.864,4.775,
text_text_replay_0930_fixes,finance_01,finance_billing,easy,1,,1,,get_exchange_rate,get_exchange_rate,,,2.415,2.415,3.825,
text_text_replay_0930_fixes,finance_01,finance_billing,easy,1,,1,,get_exchange_rate,get_exchange_rate,,,2.415,2.415,3.825,
text_text_replay_0930_fixes,finance_02,finance_billing,easy,1,,1,,get_card_benefits,get_card_benefits,,,2.516,2.315,4.38,
text_text_replay_0930_fixes,finance_03,finance_billing,easy,1,FILLER,1,,modify_autopay,modify_autopay,,,2.114,2.114,3.525,
text_text_replay_0930_fixes,finance_03,finance_billing,easy,1,FILLER,1,,modify_autopay,modify_autopay,,,2.114,2.114,3.525,
text_text_replay_0930_fixes,finance_04,finance_billing,easy,1,PAUSE,1,,get_exchange_rate,get_exchange_rate,,,2.266,2.266,4.178,
text_text_replay_0930_fixes,finance_06,finance_billing,easy,1,FILLER|PAUSE,1,,get_card_benefits,get_card_benefits,,,2.668,2.668,4.481,
text_text_replay_0930_fixes,finance_07,finance_billing,easy,1,FALSE_START,1,,modify_autopay,modify_autopay,,,1.862,1.862,3.524,
text_text_replay_0930_fixes,finance_07,finance_billing,easy,1,FALSE_START,1,,modify_autopay,modify_autopay,,,1.862,1.862,3.524,
text_text_replay_0930_fixes,finance_08,finance_billing,easy,1,HESITATION,1,,get_exchange_rate,get_exchange_rate,,,2.516,2.416,4.329,
text_text_replay_0930_fixes,finance_08,finance_billing,easy,1,HESITATION,1,,get_exchange_rate,get_exchange_rate,,,2.516,2.416,4.329,
text_text_replay_0930_fixes,finance_10,finance_billing,medium,2,,1,,get_card_benefits|get_exchange_rate,get_card_benefits|get_exchange_rate,,,2.214,2.214,4.434,
text_text_replay_0930_fixes,finance_11,finance_billing,medium,1,FILLER,1,,modify_autopay,modify_autopay,,,2.216,2.216,3.876,
text_text_replay_0930_fixes,finance_12,finance_billing,medium,1,SELF_CORRECTION,1,,get_exchange_rate,get_exchange_rate,,,2.013,2.013,3.722,
text_text_replay_0930_fixes,finance_12,finance_billing,medium,1,SELF_CORRECTION,1,,get_exchange_rate,get_exchange_rate,,,2.013,2.013,3.722,
text_text_replay_0930_fixes,finance_14,finance_billing,medium,2,,1,,get_exchange_rate|get_exchange_rate,get_exchange_rate|get_exchange_rate,,,2.918,2.918,5.131,
text_text_replay_0930_fixes,finance_15,finance_billing,medium,1,SELF_CORRECTION,1,,modify_autopay,modify_autopay,,,2.264,2.264,4.077,
text_text_replay_0930_fixes,finance_16,finance_billing,medium,1,HESITATION|PAUSE,1,,get_exchange_rate,get_exchange_rate,,,2.463,2.463,4.223,
text_text_replay_0930_fixes,finance_17,finance_billing,medium,1,FALSE_START,1,,get_card_benefits,get_card_benefits,,,1.808,1.808,3.519,
text_text_replay_0930_fixes,finance_18,finance_billing,hard,3,,1,,get_exchange_rate|modify_autopay|get_card_benefits,get_exchange_rate|modify_autopay|get_card_benefits,,,2.467,2.467,4.43,
text_text_replay_0930_fixes,finance_19,finance_billing,hard,1,SELF_CORRECTION,1,,get_exchange_rate,get_exchange_rate,,,2.415,2.415,4.226,
text_text_replay_0930_fixes,finance_20,finance_billing,hard,2,,1,,get_exchange_rate|modify_autopay,get_exchange_rate|modify_autopay,,,2.568,2.568,4.281,
text_text_replay_0930_fixes,finance_21,finance_billing,hard,2,FILLER,1,,get_card_benefits|get_exchange_rate,get_card_benefits|get_exchange_rate,,,3.069,3.069,4.93,
text_text_replay_0930_fixes,finance_22,finance_billing,hard,2,FILLER,1,,modify_autopay|modify_autopay,modify_autopay|modify_autopay,,,2.866,2.866,4.729,
text_text_replay_0930_fixes,finance_23,finance_billing,hard,1,FALSE_START|SELF_CORRECTION,1,,modify_autopay,modify_autopay,,,2.115,2.115,4.179,
text_text_replay_0930_fixes,housing_01,housing_location,easy,1,,1,,search_apartments,search_apartments,,,2.466,2.466,4.932,
text_text_replay_0930_fixes,housing_02,housing_location,easy,1,,1,,calculate_commute,calculate_commute,,,2.97,2.97,5.234,
text_text_replay_0930_fixes,housing_03,housing_location,easy,1,FILLER,1,,update_search_filter,update_search_filter,,,2.517,2.517,4.274,
text_text_replay_0930_fixes,housing_04,housing_location,easy,1,PAUSE,1,,search_apartments,search_apartments,,,2.164,2.164,3.99,
text_text_replay_0930_fixes,housing_05,housing_location,easy,1,HESITATION|PAUSE,0,Wrong arguments for: ['search_apartments'],search_apartments,search_apartments,,,2.266,2.266,4.421,
text_text_replay_0930_fixes,housing_05,housing_location,easy,1,HESITATION|PAUSE,0,Wrong arguments for: ['search_apartments'],search_apartments,search_apartments,,,2.266,2.266,4.421,
text_text_replay_0930_fixes,housing_06,housing_location,easy,1,,1,,calculate_commute,calculate_commute,,,2.52,2.52,4.345,
text_text_replay_0930_fixes,housing_08,housing_location,easy,1,FALSE_START,0,Wrong arguments for: ['update_search_filter'],update_search_filter,update_search_filter,,,2.264,2.264,4.096,
text_text_replay_0930_fixes,housing_09,housing_location,medium,1,SELF_CORRECTION,1,,search_apartments,search_apartments,,,2.061,2.061,4.171,
text_text_replay_0930_fixes,housing_10,housing_location,medium,2,,0,Wrong arguments for: ['update_search_filter'],calculate_commute|update_search_filter,calculate_commute|update_search_filter,,,2.161,2.161,4.855,
text_text_replay_0930_fixes,housing_11,housing_location,medium,1,SELF_CORRECTION,0,Missing tools: ['search_apartments'],search_apartments,,search_apartments,,,2.261,,timeout waiting for FINAL
text_text_replay_0930_fixes,housing_13,housing_location,medium,2,,0,"Missing tools: ['update_search_filter', 'update_search_filter']",update_search_filter|update_search_filter,,update_search_filter|update_search_filter,,,2.263,,timeout waiting for FINAL
text_text_replay_0930_fixes,housing_14,housing_location,medium,1,FILLER,0,Wrong arguments for: ['search_apartments'],search_apartments,search_apartments,,,2.567,2.567,4.678,
text_text_replay_0930_fixes,housing_14,housing_location,medium,1,FILLER,0,Wrong arguments for: ['search_apartments'],search_apartments,search_apartments,,,2.567,2.567,4.678,
text_text_replay_0930_fixes,housing_15,housing_location,medium,1,FALSE_START,0,Wrong arguments for: ['search_apartments'],search_apartments,search_apartments,,,2.113,2.113,4.285,
text_text_replay_0930_fixes,housing_15,housing_location,medium,1,FALSE_START,0,Wrong arguments for: ['search_apartments'],search_apartments,search_apartments,,,2.113,2.113,4.285,
text_text_replay_0930_fixes,housing_17,housing_location,medium,1,SELF_CORRECTION,1,,calculate_commute,calculate_commute,,,2.968,2.968,4.807,
text_text_replay_0930_fixes,housing_17,housing_location,medium,1,SELF_CORRECTION,1,,calculate_commute,calculate_commute,,,2.968,2.968,4.807,
text_text_replay_0930_fixes,housing_18,housing_location,hard,2,,0,Wrong arguments for: ['calculate_commute'],search_apartments|calculate_commute,search_apartments|calculate_commute,,,3.069,3.069,7.514,
text_text_replay_0930_fixes,housing_19,housing_location,hard,1,SELF_CORRECTION,1,,calculate_commute,calculate_commute,,,2.515,2.515,4.569,
text_text_replay_0930_fixes,housing_20,housing_location,hard,3,,0,Missing tools: ['update_search_filter']; Unexpected tools: ['search_apartments'],search_apartments|calculate_commute|update_search_filter,search_apartments|calculate_commute|search_apartments,update_search_filter,search_apartments,3.272,3.272,7.968,
text_text_replay_0930_fixes,housing_21,housing_location,hard,2,SELF_CORRECTION,0,"Missing tools: ['search_apartments', 'calculate_commute']",search_apartments|calculate_commute,,search_apartments|calculate_commute,,,2.165,,timeout waiting for FINAL
text_text_replay_0930_fixes,housing_22,housing_location,hard,3,FILLER,0,"Wrong arguments for: ['update_search_filter', 'search_apartments']",update_search_filter|search_apartments|calculate_commute,update_search_filter|search_apartments|calculate_commute,,,2.867,2.867,7.205,
text_text_replay_0930_fixes,housing_24,housing_location,hard,3,PAUSE|FILLER,0,Missing tools: ['update_search_filter'],update_search_filter|search_apartments|calculate_commute,search_apartments|calculate_commute,update_search_filter,,3.068,3.068,7.707,
text_text_replay_0930_fixes,housing_24,housing_location,hard,3,PAUSE|FILLER,0,Missing tools: ['update_search_filter'],update_search_filter|search_apartments|calculate_commute,search_apartments|calculate_commute,update_search_filter,,3.068,3.068,7.707,
text_text_replay_0930_fixes,housing_25,housing_location,hard,3,SELF_CORRECTION,0,Missing tools: ['update_search_filter'],update_search_filter|update_search_filter|search_apartments,update_search_filter|search_apartments,update_search_filter,,2.166,2.166,4.826,
text_text_replay_0930_fixes,travel_01,travel_identity,easy,1,,1,,search_flights,search_flights,,,2.068,2.068,4.385,
text_text_replay_0930_fixes,travel_02,travel_identity,easy,1,,0,Wrong arguments for: ['update_identity_doc'],update_identity_doc,update_identity_doc,,,2.516,2.465,4.427,
text_text_replay_0930_fixes,travel_03,travel_identity,easy,1,FILLER,1,,search_flights,search_flights,,,2.667,2.667,4.903,
text_text_replay_0930_fixes,travel_03,travel_identity,easy,1,FILLER,1,,search_flights,search_flights,,,2.667,2.667,4.903,
text_text_replay_0930_fixes,travel_05,travel_identity,easy,1,FILLER|HESITATION,1,,search_flights,search_flights,,,1.912,1.912,4.007,
text_text_replay_0930_fixes,travel_07,travel_identity,easy,1,,1,,update_identity_doc,update_identity_doc,,,2.869,2.869,4.731,
text_text_replay_0930_fixes,travel_07,travel_identity,easy,1,,1,,update_identity_doc,update_identity_doc,,,2.869,2.869,4.731,
text_text_replay_0930_fixes,travel_08,travel_identity,easy,1,FALSE_START,1,,search_flights,search_flights,,,2.163,2.163,4.12,
text_text_replay_0930_fixes,travel_10,travel_identity,medium,1,FILLER|SELF_CORRECTION,1,,search_flights,search_flights,,,2.013,2.013,4.267,
text_text_replay_0930_fixes,travel_11,travel_identity,medium,2,,1,,search_flights|book_flight,search_flights|book_flight,,,2.111,2.111,4.241,
text_text_replay_0930_fixes,travel_14,travel_identity,medium,1,HESITATION|PAUSE,1,,search_flights,search_flights,,,2.213,2.213,4.388,
text_text_replay_0930_fixes,travel_16,travel_identity,medium,1,FILLER,1,,search_flights,search_flights,,,2.413,2.413,4.935,
text_text_replay_0930_fixes,travel_18,travel_identity,hard,3,FILLER,1,,search_flights|book_flight|update_identity_doc,search_flights|book_flight|update_identity_doc,,,2.819,2.819,5.52,
text_text_replay_0930_fixes,travel_19,travel_identity,hard,1,SELF_CORRECTION,1,,search_flights,search_flights,,,2.113,2.113,4.516,
text_text_replay_0930_fixes,travel_20,travel_identity,hard,3,,1,,search_flights|book_flight|update_identity_doc,search_flights|book_flight|update_identity_doc,,,2.967,2.967,5.257,
text_text_replay_0930_fixes,travel_21,travel_identity,hard,3,PAUSE|FILLER,1,,search_flights|book_flight|update_identity_doc,search_flights|book_flight|update_identity_doc,,,2.866,2.866,5.17,
text_text_replay_0930_fixes,travel_21,travel_identity,hard,3,PAUSE|FILLER,1,,search_flights|book_flight|update_identity_doc,search_flights|book_flight|update_identity_doc,,,2.866,2.866,5.17,
text_text_replay_0930_fixes,travel_23,travel_identity,hard,2,FILLER,1,,update_identity_doc|update_identity_doc,update_identity_doc|update_identity_doc,,,2.32,2.32,3.833,
text_text_replay_0930_fixes,travel_23,travel_identity,hard,2,FILLER,1,,update_identity_doc|update_identity_doc,update_identity_doc|update_identity_doc,,,2.32,2.32,3.833,
text_text_replay_0930_fixes,travel_24,travel_identity,hard,3,,1,,search_flights|book_flight|update_identity_doc,search_flights|book_flight|update_identity_doc,,,2.472,2.472,5.173,
text_text_replay_0930_setting,ecommerce_01,ecommerce_support,easy,1,,1,,track_order,track_order,,,2.215,2.215,3.472,
text_text_replay_0930_setting,ecommerce_01,ecommerce_support,easy,1,,1,,track_order,track_order,,,2.215,2.215,3.472,
text_text_replay_0930_setting,ecommerce_02,ecommerce_support,easy,1,,0,Wrong arguments for: ['search_products'],search_products,search_products,,,2.313,2.313,4.476,
text_text_replay_0930_setting,ecommerce_04,ecommerce_support,easy,1,PAUSE,1,,track_order,track_order,,,2.664,2.664,4.275,
text_text_replay_0930_setting,ecommerce_05,ecommerce_support,easy,1,FILLER|HESITATION,1,,search_products,search_products,,,2.465,2.465,5.183,
text_text_replay_0930_setting,ecommerce_06,ecommerce_support,easy,1,,1,,add_to_cart,add_to_cart,,,2.564,2.564,4.625,
text_text_replay_0930_setting,ecommerce_07,ecommerce_support,easy,1,FALSE_START,1,,track_order,track_order,,,2.614,2.614,4.525,
text_text_replay_0930_setting,ecommerce_08,ecommerce_support,easy,1,PAUSE,0,Wrong arguments for: ['search_products'],search_products,search_products,,,2.065,2.065,4.126,
text_text_replay_0930_setting,ecommerce_08,ecommerce_support,easy,1,PAUSE,0,Wrong arguments for: ['search_products'],search_products,search_products,,,2.065,2.065,4.126,
text_text_replay_0930_setting,ecommerce_09,ecommerce_support,medium,1,SELF_CORRECTION,1,,search_products,search_products,,,2.108,2.108,3.717,
text_text_replay_0930_setting,ecommerce_10,ecommerce_support,medium,2,,1,,track_order|search_products,track_order|search_products,,,2.917,2.917,4.679,
text_text_replay_0930_setting,ecommerce_11,ecommerce_support,medium,1,SELF_CORRECTION,1,,add_to_cart,add_to_cart,,,2.515,2.314,4.225,
text_text_replay_0930_setting,ecommerce_12,ecommerce_support,medium,1,HESITATION|PAUSE,0,Wrong arguments for: ['search_products'],search_products,search_products,,,2.512,2.512,4.021,
text_text_replay_0930_setting,ecommerce_13,ecommerce_support,medium,2,,1,,add_to_cart|track_order,add_to_cart|track_order,,,2.965,2.965,4.926,
text_text_replay_0930_setting,ecommerce_13,ecommerce_support,medium,2,,1,,add_to_cart|track_order,add_to_cart|track_order,,,2.965,2.965,4.926,
text_text_replay_0930_setting,ecommerce_14,ecommerce_support,medium,1,FILLER,1,,add_to_cart,add_to_cart,,,3.315,3.315,4.974,
text_text_replay_0930_setting,ecommerce_14,ecommerce_support,medium,1,FILLER,1,,add_to_cart,add_to_cart,,,3.315,3.315,4.974,
text_text_replay_0930_setting,ecommerce_15,ecommerce_support,medium,1,FILLER|PAUSE,1,,track_order,track_order,,,2.519,2.519,3.981,
text_text_replay_0930_setting,ecommerce_15,ecommerce_support,medium,1,FILLER|PAUSE,1,,track_order,track_order,,,2.519,2.519,3.981,
text_text_replay_0930_setting,ecommerce_16,ecommerce_support,medium,1,HESITATION|PAUSE,1,,search_products,search_products,,,2.061,2.061,3.872,
text_text_replay_0930_setting,ecommerce_17,ecommerce_support,medium,1,FALSE_START,1,,track_order,track_order,,,2.513,2.111,4.223,
text_text_replay_0930_setting,ecommerce_18,ecommerce_support,hard,3,,1,,search_products|add_to_cart|track_order,search_products|add_to_cart|track_order,,,3.115,3.115,5.179,
text_text_replay_0930_setting,ecommerce_19,ecommerce_support,hard,2,SELF_CORRECTION,1,,search_products|add_to_cart,search_products|add_to_cart,,,3.919,3.919,6.18,
text_text_replay_0930_setting,ecommerce_20,ecommerce_support,hard,2,,0,Unexpected tools: ['track_order'],search_products|add_to_cart,search_products|add_to_cart|track_order,,track_order,2.814,2.814,4.979,
text_text_replay_0930_setting,ecommerce_21,ecommerce_support,hard,3,FILLER,0,Wrong arguments for: ['search_products'],track_order|search_products|add_to_cart,track_order|search_products|add_to_cart,,,2.464,2.464,4.424,
text_text_replay_0930_setting,ecommerce_21,ecommerce_support,hard,3,FILLER,0,Wrong arguments for: ['search_products'],track_order|search_products|add_to_cart,track_order|search_products|add_to_cart,,,2.464,2.464,4.424,
text_text_replay_0930_setting,ecommerce_23,ecommerce_support,hard,2,,1,,track_order|add_to_cart,track_order|add_to_cart,,,2.314,2.314,4.074,
text_text_replay_0930_setting,ecommerce_25,ecommerce_support,hard,3,FALSE_START,1,,track_order|search_products|add_to_cart,track_order|search_products|add_to_cart,,,2.867,2.867,5.588,
text_text_replay_0930_setting,ecommerce_25,ecommerce_support,hard,3,FALSE_START,1,,track_order|search_products|add_to_cart,track_order|search_products|add_to_cart,,,2.867,2.867,5.588,
text_text_replay_0930_setting,finance_01,finance_billing,easy,1,,1,,get_exchange_rate,get_exchange_rate,,,2.212,2.212,4.023,
text_text_replay_0930_setting,finance_01,finance_billing,easy,1,,1,,get_exchange_rate,get_exchange_rate,,,2.212,2.212,4.023,
text_text_replay_0930_setting,finance_02,finance_billing,easy,1,,1,,get_card_benefits,get_card_benefits,,,2.512,2.311,4.272,
text_text_replay_0930_setting,finance_03,finance_billing,easy,1,FILLER,1,,modify_autopay,modify_autopay,,,2.109,2.109,3.417,
text_text_replay_0930_setting,finance_03,finance_billing,easy,1,FILLER,1,,modify_autopay,modify_autopay,,,2.109,2.109,3.417,
text_text_replay_0930_setting,finance_04,finance_billing,easy,1,PAUSE,1,,get_exchange_rate,get_exchange_rate,,,3.018,3.018,4.929,
text_text_replay_0930_setting,finance_06,finance_billing,easy,1,FILLER|PAUSE,1,,get_card_benefits,get_card_benefits,,,2.865,2.865,4.474,
text_text_replay_0930_setting,finance_07,finance_billing,easy,1,FALSE_START,1,,modify_autopay,modify_autopay,,,1.965,1.965,3.576,
text_text_replay_0930_setting,finance_07,finance_billing,easy,1,FALSE_START,1,,modify_autopay,modify_autopay,,,1.965,1.965,3.576,
text_text_replay_0930_setting,finance_08,finance_billing,easy,1,HESITATION,1,,get_exchange_rate,get_exchange_rate,,,2.513,2.362,4.576,
text_text_replay_0930_setting,finance_08,finance_billing,easy,1,HESITATION,1,,get_exchange_rate,get_exchange_rate,,,2.513,2.362,4.576,
text_text_replay_0930_setting,finance_10,finance_billing,medium,2,,1,,get_card_benefits|get_exchange_rate,get_card_benefits|get_exchange_rate,,,3.014,3.014,5.127,
text_text_replay_0930_setting,finance_11,finance_billing,medium,1,FILLER,1,,modify_autopay,modify_autopay,,,2.466,2.466,4.275,
text_text_replay_0930_setting,finance_12,finance_billing,medium,1,SELF_CORRECTION,1,,get_exchange_rate,get_exchange_rate,,,2.113,2.113,3.624,
text_text_replay_0930_setting,finance_12,finance_billing,medium,1,SELF_CORRECTION,1,,get_exchange_rate,get_exchange_rate,,,2.113,2.113,3.624,
text_text_replay_0930_setting,finance_14,finance_billing,medium,2,,1,,get_exchange_rate|get_exchange_rate,get_exchange_rate|get_exchange_rate,,,2.968,2.968,5.229,
text_text_replay_0930_setting,finance_15,finance_billing,medium,1,SELF_CORRECTION,1,,modify_autopay,modify_autopay,,,2.262,2.262,4.171,
text_text_replay_0930_setting,finance_16,finance_billing,medium,1,HESITATION|PAUSE,1,,get_exchange_rate,get_exchange_rate,,,2.914,2.914,5.377,
text_text_replay_0930_setting,finance_17,finance_billing,medium,1,FALSE_START,1,,get_card_benefits,get_card_benefits,,,2.013,2.013,4.025,
text_text_replay_0930_setting,finance_18,finance_billing,hard,3,,1,,get_exchange_rate|modify_autopay|get_card_benefits,get_exchange_rate|modify_autopay|get_card_benefits,,,3.82,3.82,5.738,
text_text_replay_0930_setting,finance_19,finance_billing,hard,1,SELF_CORRECTION,1,,get_exchange_rate,get_exchange_rate,,,2.262,2.262,4.122,
text_text_replay_0930_setting,finance_20,finance_billing,hard,2,,1,,get_exchange_rate|modify_autopay,get_exchange_rate|modify_autopay,,,2.964,2.964,4.723,
text_text_replay_0930_setting,finance_21,finance_billing,hard,2,FILLER,1,,get_card_benefits|get_exchange_rate,get_card_benefits|get_exchange_rate,,,2.314,2.314,4.176,
text_text_replay_0930_setting,finance_22,finance_billing,hard,2,FILLER,1,,modify_autopay|modify_autopay,modify_autopay|modify_autopay,,,2.161,2.161,4.271,
text_text_replay_0930_setting,finance_23,finance_billing,hard,1,FALSE_START|SELF_CORRECTION,1,,modify_autopay,modify_autopay,,,2.713,2.713,4.42,
text_text_replay_0930_setting,housing_01,housing_location,easy,1,,1,,search_apartments,search_apartments,,,3.163,3.163,5.628,
text_text_replay_0930_setting,housing_02,housing_location,easy,1,,1,,calculate_commute,calculate_commute,,,2.112,2.112,4.886,
text_text_replay_0930_setting,housing_03,housing_location,easy,1,FILLER,1,,update_search_filter,update_search_filter,,,2.412,2.412,4.071,
text_text_replay_0930_setting,housing_04,housing_location,easy,1,PAUSE,1,,search_apartments,search_apartments,,,2.01,2.01,4.728,
text_text_replay_0930_setting,housing_05,housing_location,easy,1,HESITATION|PAUSE,0,Wrong arguments for: ['search_apartments'],search_apartments,search_apartments,,,2.368,2.368,4.653,
text_text_replay_0930_setting,housing_05,housing_location,easy,1,HESITATION|PAUSE,0,Wrong arguments for: ['search_apartments'],search_apartments,search_apartments,,,2.368,2.368,4.653,
text_text_replay_0930_setting,housing_06,housing_location,easy,1,,0,Wrong arguments for: ['calculate_commute'],calculate_commute,calculate_commute,,,2.108,2.108,4.567,
text_text_replay_0930_setting,housing_08,housing_location,easy,1,FALSE_START,0,Wrong arguments for: ['update_search_filter'],update_search_filter,update_search_filter,,,2.011,2.011,3.974,
text_text_replay_0930_setting,housing_09,housing_location,medium,1,SELF_CORRECTION,1,,search_apartments,search_apartments,,,2.264,2.264,4.49,
text_text_replay_0930_setting,housing_10,housing_location,medium,2,,0,Wrong arguments for: ['update_search_filter'],calculate_commute|update_search_filter,calculate_commute|update_search_filter,,,2.613,2.613,4.547,
text_text_replay_0930_setting,housing_11,housing_location,medium,1,SELF_CORRECTION,0,Missing tools: ['search_apartments'],search_apartments,,search_apartments,,,2.461,,timeout waiting for FINAL
text_text_replay_0930_setting,housing_13,housing_location,medium,2,,0,"Missing tools: ['update_search_filter', 'update_search_filter']",update_search_filter|update_search_filter,,update_search_filter|update_search_filter,,,2.158,,timeout waiting for FINAL
text_text_replay_0930_setting,housing_14,housing_location,medium,1,FILLER,0,Wrong arguments for: ['search_apartments'],search_apartments,search_apartments,,,2.362,2.362,4.924,
text_text_replay_0930_setting,housing_14,housing_location,medium,1,FILLER,0,Wrong arguments for: ['search_apartments'],search_apartments,search_apartments,,,2.362,2.362,4.924,
text_text_replay_0930_setting,housing_15,housing_location,medium,1,FALSE_START,0,Wrong arguments for: ['search_apartments'],search_apartments,search_apartments,,,2.114,2.114,4.521,
text_text_replay_0930_setting,housing_15,housing_location,medium,1,FALSE_START,0,Wrong arguments for: ['search_apartments'],search_apartments,search_apartments,,,2.114,2.114,4.521,
text_text_replay_0930_setting,housing_17,housing_location,medium,1,SELF_CORRECTION,1,,calculate_commute,calculate_commute,,,2.109,2.109,4.514,
text_text_replay_0930_setting,housing_17,housing_location,medium,1,SELF_CORRECTION,1,,calculate_commute,calculate_commute,,,2.109,2.109,4.514,
text_text_replay_0930_setting,housing_18,housing_location,hard,2,,1,,search_apartments|calculate_commute,search_apartments|calculate_commute,,,2.763,2.763,6.922,
text_text_replay_0930_setting,housing_19,housing_location,hard,1,SELF_CORRECTION,1,,calculate_commute,calculate_commute,,,2.111,2.111,4.388,
text_text_replay_0930_setting,housing_20,housing_location,hard,3,,0,Missing tools: ['update_search_filter']; Unexpected tools: ['search_apartments'],search_apartments|calculate_commute|update_search_filter,search_apartments|calculate_commute|search_apartments,update_search_filter,search_apartments,3.77,3.77,9.321,
text_text_replay_0930_setting,housing_21,housing_location,hard,2,SELF_CORRECTION,0,"Missing tools: ['search_apartments', 'calculate_commute']",search_apartments|calculate_commute,,search_apartments|calculate_commute,,,2.062,,timeout waiting for FINAL
text_text_replay_0930_setting,housing_22,housing_location,hard,3,FILLER,0,"Wrong arguments for: ['update_search_filter', 'search_apartments']",update_search_filter|search_apartments|calculate_commute,update_search_filter|search_apartments|calculate_commute,,,3.317,3.317,11.039,
text_text_replay_0930_setting,housing_24,housing_location,hard,3,PAUSE|FILLER,0,Wrong arguments for: ['search_apartments'],update_search_filter|search_apartments|calculate_commute,update_search_filter|search_apartments|calculate_commute,,,2.566,2.566,9.431,
text_text_replay_0930_setting,housing_24,housing_location,hard,3,PAUSE|FILLER,0,Wrong arguments for: ['search_apartments'],update_search_filter|search_apartments|calculate_commute,update_search_filter|search_apartments|calculate_commute,,,2.566,2.566,9.431,
text_text_replay_0930_setting,housing_25,housing_location,hard,3,SELF_CORRECTION,0,Missing tools: ['update_search_filter'],update_search_filter|update_search_filter|search_apartments,update_search_filter|search_apartments,update_search_filter,,2.364,2.364,5.333,
text_text_replay_0930_setting,travel_01,travel_identity,easy,1,,1,,search_flights,search_flights,,,2.411,2.411,4.707,
text_text_replay_0930_setting,travel_02,travel_identity,easy,1,,0,Wrong arguments for: ['update_identity_doc'],update_identity_doc,update_identity_doc,,,2.512,2.462,4.17,
text_text_replay_0930_setting,travel_03,travel_identity,easy,1,FILLER,1,,search_flights,search_flights,,,2.663,2.663,5.056,
text_text_replay_0930_setting,travel_03,travel_identity,easy,1,FILLER,1,,search_flights,search_flights,,,2.663,2.663,5.056,
text_text_replay_0930_setting,travel_05,travel_identity,easy,1,FILLER|HESITATION,1,,search_flights,search_flights,,,3.418,3.418,6.478,
text_text_replay_0930_setting,travel_07,travel_identity,easy,1,,1,,update_identity_doc,update_identity_doc,,,2.313,2.313,4.073,
text_text_replay_0930_setting,travel_07,travel_identity,easy,1,,1,,update_identity_doc,update_identity_doc,,,2.313,2.313,4.073,
text_text_replay_0930_setting,travel_08,travel_identity,easy,1,FALSE_START,1,,search_flights,search_flights,,,2.766,2.766,5.272,
text_text_replay_0930_setting,travel_10,travel_identity,medium,1,FILLER|SELF_CORRECTION,1,,search_flights,search_flights,,,2.115,2.115,4.579,
text_text_replay_0930_setting,travel_11,travel_identity,medium,2,,1,,search_flights|book_flight,search_flights|book_flight,,,1.861,1.861,3.771,
text_text_replay_0930_setting,travel_14,travel_identity,medium,1,HESITATION|PAUSE,1,,search_flights,search_flights,,,2.061,2.061,4.107,
text_text_replay_0930_setting,travel_16,travel_identity,medium,1,FILLER,1,,search_flights,search_flights,,,2.866,2.866,5.747,
text_text_replay_0930_setting,travel_18,travel_identity,hard,3,FILLER,1,,search_flights|book_flight|update_identity_doc,search_flights|book_flight|update_identity_doc,,,2.867,2.867,5.749,
text_text_replay_0930_setting,travel_19,travel_identity,hard,1,SELF_CORRECTION,1,,search_flights,search_flights,,,2.415,2.415,4.691,
text_text_replay_0930_setting,travel_20,travel_identity,hard,3,,1,,search_flights|book_flight|update_identity_doc,search_flights|book_flight|update_identity_doc,,,2.664,2.664,5.356,
text_text_replay_0930_setting,travel_21,travel_identity,hard,3,PAUSE|FILLER,1,,search_flights|book_flight|update_identity_doc,search_flights|book_flight|update_identity_doc,,,3.772,3.772,6.722,
text_text_replay_0930_setting,travel_21,travel_identity,hard,3,PAUSE|FILLER,1,,search_flights|book_flight|update_identity_doc,search_flights|book_flight|update_identity_doc,,,3.772,3.772,6.722,
text_text_replay_0930_setting,travel_23,travel_identity,hard,2,FILLER,1,,update_identity_doc|update_identity_doc,update_identity_doc|update_identity_doc,,,2.866,2.866,4.776,
text_text_replay_0930_setting,travel_23,travel_identity,hard,2,FILLER,1,,update_identity_doc|update_identity_doc,update_identity_doc|update_identity_doc,,,2.866,2.866,4.776,
text_text_replay_0930_setting,travel_24,travel_identity,hard,3,,1,,search_flights|book_flight|update_identity_doc,search_flights|book_flight|update_identity_doc,,,4.222,4.222,7.061,
text_text_replay_1002_valuerules,ecommerce_02,ecommerce_support,easy,1,,1,,search_products,search_products,,,2.521,2.521,4.334,
text_text_replay_1002_valuerules,ecommerce_05,ecommerce_support,easy,1,FILLER|HESITATION,1,,search_products,search_products,,,2.066,2.066,3.929,
text_text_replay_1002_valuerules,ecommerce_08,ecommerce_support,easy,1,PAUSE,0,Wrong arguments for: ['search_products'],search_products,search_products,,,2.466,2.466,4.178,
text_text_replay_1002_valuerules,ecommerce_08,ecommerce_support,easy,1,PAUSE,0,Wrong arguments for: ['search_products'],search_products,search_products,,,2.466,2.466,4.178,
text_text_replay_1002_valuerules,ecommerce_09,ecommerce_support,medium,1,SELF_CORRECTION,1,,search_products,search_products,,,2.315,2.315,4.275,
text_text_replay_1002_valuerules,ecommerce_10,ecommerce_support,medium,2,,1,,track_order|search_products,track_order|search_products,,,2.469,2.469,4.434,
text_text_replay_1002_valuerules,ecommerce_12,ecommerce_support,medium,1,HESITATION|PAUSE,0,Wrong arguments for: ['search_products'],search_products,search_products,,,2.216,2.216,4.33,
text_text_replay_1002_valuerules,ecommerce_16,ecommerce_support,medium,1,HESITATION|PAUSE,1,,search_products,search_products,,,2.515,2.515,4.479,
text_text_replay_1002_valuerules,ecommerce_18,ecommerce_support,hard,3,,1,,search_products|add_to_cart|track_order,search_products|add_to_cart|track_order,,,3.172,3.172,5.283,
text_text_replay_1002_valuerules,ecommerce_19,ecommerce_support,hard,2,SELF_CORRECTION,1,,search_products|add_to_cart,search_products|add_to_cart,,,2.21,2.21,4.273,
text_text_replay_1002_valuerules,ecommerce_20,ecommerce_support,hard,2,,0,Unexpected tools: ['track_order'],search_products|add_to_cart,search_products|add_to_cart|track_order,,track_order,2.615,2.615,4.574,
text_text_replay_1002_valuerules,ecommerce_21,ecommerce_support,hard,3,FILLER,1,,track_order|search_products|add_to_cart,track_order|search_products|add_to_cart,,,2.463,2.463,4.174,
text_text_replay_1002_valuerules,ecommerce_21,ecommerce_support,hard,3,FILLER,1,,track_order|search_products|add_to_cart,track_order|search_products|add_to_cart,,,2.463,2.463,4.174,
text_text_replay_1002_valuerules,ecommerce_25,ecommerce_support,hard,3,FALSE_START,1,,track_order|search_products|add_to_cart,track_order|search_products|add_to_cart,,,2.469,2.469,4.434,
text_text_replay_1002_valuerules,ecommerce_25,ecommerce_support,hard,3,FALSE_START,1,,track_order|search_products|add_to_cart,track_order|search_products|add_to_cart,,,2.469,2.469,4.434,
text_text_replay_1002_valuerules,housing_03,housing_location,easy,1,FILLER,0,Wrong arguments for: ['update_search_filter'],update_search_filter,update_search_filter,,,2.07,2.07,3.838,
text_text_replay_1002_valuerules,housing_08,housing_location,easy,1,FALSE_START,0,Wrong arguments for: ['update_search_filter'],update_search_filter,update_search_filter,,,2.572,2.572,4.037,
text_text_replay_1002_valuerules,housing_10,housing_location,medium,2,,0,Wrong arguments for: ['calculate_commute'],calculate_commute|update_search_filter,calculate_commute|update_search_filter,,,2.767,2.767,5.486,
text_text_replay_1002_valuerules,housing_13,housing_location,medium,2,,0,"Missing tools: ['update_search_filter', 'update_search_filter']",update_search_filter|update_search_filter,,update_search_filter|update_search_filter,,,2.366,,timeout waiting for FINAL
text_text_replay_1002_valuerules,housing_20,housing_location,hard,3,,0,Missing tools: ['update_search_filter']; Unexpected tools: ['search_apartments'],search_apartments|calculate_commute|update_search_filter,search_apartments|calculate_commute|search_apartments,update_search_filter,search_apartments,3.07,3.07,8.89,
text_text_replay_1002_valuerules,housing_22,housing_location,hard,3,FILLER,0,Wrong arguments for: ['update_search_filter'],update_search_filter|search_apartments|calculate_commute,update_search_filter|search_apartments|calculate_commute,,,2.566,2.566,7.179,
text_text_replay_1002_valuerules,housing_24,housing_location,hard,3,PAUSE|FILLER,0,Missing tools: ['update_search_filter'],update_search_filter|search_apartments|calculate_commute,search_apartments|calculate_commute,update_search_filter,,3.279,3.279,7.685,
text_text_replay_1002_valuerules,housing_24,housing_location,hard,3,PAUSE|FILLER,0,Missing tools: ['update_search_filter'],update_search_filter|search_apartments|calculate_commute,search_apartments|calculate_commute,update_search_filter,,3.279,3.279,7.685,
text_text_replay_1002_valuerules,housing_25,housing_location,hard,3,SELF_CORRECTION,0,Missing tools: ['update_search_filter'],update_search_filter|update_search_filter|search_apartments,update_search_filter|search_apartments,update_search_filter,,2.918,2.918,5.282,
text_textreplay_dash_1003,ecommerce_13,ecommerce_support,medium,2,,1,,add_to_cart|track_order,add_to_cart|track_order,,,4.773,4.773,9.846,
text_textreplay_dash_1003,ecommerce_13,ecommerce_support,medium,2,,1,,add_to_cart|track_order,add_to_cart|track_order,,,4.773,4.773,9.846,
text_textreplay_dash_1003,ecommerce_14,ecommerce_support,medium,1,FILLER,1,,add_to_cart,add_to_cart,,,4.13,4.13,12.483,
text_textreplay_dash_1003,ecommerce_14,ecommerce_support,medium,1,FILLER,1,,add_to_cart,add_to_cart,,,4.13,4.13,12.483,
text_textreplay_dash_1003,travel_07,travel_identity,easy,1,,1,,update_identity_doc,update_identity_doc,,,7.247,7.247,10.521,
text_textreplay_dash_1003,travel_07,travel_identity,easy,1,,1,,update_identity_doc,update_identity_doc,,,7.247,7.247,10.521,
text_textreplay_fix_1003,ecommerce_01,ecommerce_support,easy,1,,1,,track_order,track_order,,,4.379,4.379,7.245,
text_textreplay_fix_1003,ecommerce_01,ecommerce_support,easy,1,,1,,track_order,track_order,,,4.379,4.379,7.245,
text_textreplay_fix_1003,ecommerce_02,ecommerce_support,easy,1,,1,,search_products,search_products,,,5.174,5.174,9.7,
text_textreplay_fix_1003,ecommerce_04,ecommerce_support,easy,1,PAUSE,1,,track_order,track_order,,,4.42,4.42,7.888,
text_textreplay_fix_1003,ecommerce_05,ecommerce_support,easy,1,FILLER|HESITATION,1,,search_products,search_products,,,7.133,7.133,10.749,
text_textreplay_fix_1003,ecommerce_06,ecommerce_support,easy,1,,1,,add_to_cart,add_to_cart,,,4.475,4.475,7.337,
text_textreplay_fix_1003,ecommerce_07,ecommerce_support,easy,1,FALSE_START,1,,track_order,track_order,,,5.173,5.173,8.739,
text_textreplay_fix_1003,ecommerce_08,ecommerce_support,easy,1,PAUSE,0,Wrong arguments for: ['search_products'],search_products,search_products,,,5.726,5.726,8.841,
text_textreplay_fix_1003,ecommerce_08,ecommerce_support,easy,1,PAUSE,0,Wrong arguments for: ['search_products'],search_products,search_products,,,5.726,5.726,8.841,
text_textreplay_fix_1003,ecommerce_09,ecommerce_support,medium,1,SELF_CORRECTION,1,,search_products,search_products,,,4.57,4.57,8.236,
text_textreplay_fix_1003,ecommerce_10,ecommerce_support,medium,2,,1,,track_order|search_products,track_order|search_products,,,7.539,7.539,11.262,
text_textreplay_fix_1003,ecommerce_11,ecommerce_support,medium,1,SELF_CORRECTION,1,,add_to_cart,add_to_cart,,,5.324,5.324,9.443,
text_textreplay_fix_1003,ecommerce_12,ecommerce_support,medium,1,HESITATION|PAUSE,0,Wrong arguments for: ['search_products'],search_products,search_products,,,4.681,4.681,7.749,
text_textreplay_fix_1003,ecommerce_13,ecommerce_support,medium,2,,1,,add_to_cart|track_order,add_to_cart|track_order,,,5.979,5.979,10.2,
text_textreplay_fix_1003,ecommerce_13,ecommerce_support,medium,2,,1,,add_to_cart|track_order,add_to_cart|track_order,,,5.979,5.979,10.2,
text_textreplay_fix_1003,ecommerce_14,ecommerce_support,medium,1,FILLER,1,,add_to_cart,add_to_cart,,,5.183,5.183,8.606,
text_textreplay_fix_1003,ecommerce_14,ecommerce_support,medium,1,FILLER,1,,add_to_cart,add_to_cart,,,5.183,5.183,8.606,
text_textreplay_fix_1003,ecommerce_15,ecommerce_support,medium,1,FILLER|PAUSE,1,,track_order,track_order,,,4.278,4.278,8.706,
text_textreplay_fix_1003,ecommerce_15,ecommerce_support,medium,1,FILLER|PAUSE,1,,track_order,track_order,,,4.278,4.278,8.706,
text_textreplay_fix_1003,ecommerce_16,ecommerce_support,medium,1,HESITATION|PAUSE,1,,search_products,search_products,,,6.492,6.492,9.662,
text_textreplay_fix_1003,ecommerce_17,ecommerce_support,medium,1,FALSE_START,1,,track_order,track_order,,,5.646,5.646,9.121,
text_textreplay_fix_1003,ecommerce_18,ecommerce_support,hard,3,,1,,search_products|add_to_cart|track_order,search_products|add_to_cart|track_order,,,9.71,9.71,15.048,
text_textreplay_fix_1003,ecommerce_19,ecommerce_support,hard,2,SELF_CORRECTION,1,,search_products|add_to_cart,search_products|add_to_cart,,,9.308,9.308,15.051,
text_textreplay_fix_1003,ecommerce_20,ecommerce_support,hard,2,,0,Unexpected tools: ['track_order'],search_products|add_to_cart,search_products|add_to_cart|track_order,,track_order,10.318,10.318,15.05,
text_textreplay_fix_1003,ecommerce_21,ecommerce_support,hard,3,FILLER,1,,track_order|search_products|add_to_cart,track_order|search_products|add_to_cart,,,8.21,8.21,14.613,
text_textreplay_fix_1003,ecommerce_21,ecommerce_support,hard,3,FILLER,1,,track_order|search_products|add_to_cart,track_order|search_products|add_to_cart,,,8.21,8.21,14.613,
text_textreplay_fix_1003,ecommerce_23,ecommerce_support,hard,2,,1,,track_order|add_to_cart,track_order|add_to_cart,,,8.666,8.666,12.096,
text_textreplay_fix_1003,ecommerce_25,ecommerce_support,hard,3,FALSE_START,1,,track_order|search_products|add_to_cart,track_order|search_products|add_to_cart,,,7.057,7.057,14.667,
text_textreplay_fix_1003,ecommerce_25,ecommerce_support,hard,3,FALSE_START,1,,track_order|search_products|add_to_cart,track_order|search_products|add_to_cart,,,7.057,7.057,14.667,
text_textreplay_fix_1003,finance_01,finance_billing,easy,1,,1,,get_exchange_rate,get_exchange_rate,,,5.692,5.692,8.969,
text_textreplay_fix_1003,finance_01,finance_billing,easy,1,,1,,get_exchange_rate,get_exchange_rate,,,5.692,5.692,8.969,
text_textreplay_fix_1003,finance_02,finance_billing,easy,1,,1,,get_card_benefits,get_card_benefits,,,4.638,4.638,7.46,
text_textreplay_fix_1003,finance_03,finance_billing,easy,1,FILLER,1,,modify_autopay,modify_autopay,,,4.788,4.788,7.912,
text_textreplay_fix_1003,finance_03,finance_billing,easy,1,FILLER,1,,modify_autopay,modify_autopay,,,4.788,4.788,7.912,
text_textreplay_fix_1003,finance_04,finance_billing,easy,1,PAUSE,1,,get_exchange_rate,get_exchange_rate,,,5.143,5.143,8.97,
text_textreplay_fix_1003,finance_06,finance_billing,easy,1,FILLER|PAUSE,1,,get_card_benefits,get_card_benefits,,,4.982,4.982,9.463,
text_textreplay_fix_1003,finance_07,finance_billing,easy,1,FALSE_START,1,,modify_autopay,modify_autopay,,,5.436,5.436,8.86,
text_textreplay_fix_1003,finance_07,finance_billing,easy,1,FALSE_START,1,,modify_autopay,modify_autopay,,,5.436,5.436,8.86,
text_textreplay_fix_1003,finance_08,finance_billing,easy,1,HESITATION,1,,get_exchange_rate,get_exchange_rate,,,6.946,6.946,10.52,
text_textreplay_fix_1003,finance_08,finance_billing,easy,1,HESITATION,1,,get_exchange_rate,get_exchange_rate,,,6.946,6.946,10.52,
text_textreplay_fix_1003,finance_10,finance_billing,medium,2,,1,,get_card_benefits|get_exchange_rate,get_card_benefits|get_exchange_rate,,,5.033,5.033,10.269,
text_textreplay_fix_1003,finance_11,finance_billing,medium,1,FILLER,1,,modify_autopay,modify_autopay,,,5.836,5.836,9.41,
text_textreplay_fix_1003,finance_12,finance_billing,medium,1,SELF_CORRECTION,1,,get_exchange_rate,get_exchange_rate,,,5.54,5.54,9.113,
text_textreplay_fix_1003,finance_12,finance_billing,medium,1,SELF_CORRECTION,1,,get_exchange_rate,get_exchange_rate,,,5.54,5.54,9.113,
text_textreplay_fix_1003,finance_14,finance_billing,medium,2,,1,,get_exchange_rate|get_exchange_rate,get_exchange_rate|get_exchange_rate,,,5.591,5.591,9.013,
text_textreplay_fix_1003,finance_15,finance_billing,medium,1,SELF_CORRECTION,1,,modify_autopay,modify_autopay,,,5.788,5.788,9.46,
text_textreplay_fix_1003,finance_16,finance_billing,medium,1,HESITATION|PAUSE,1,,get_exchange_rate,get_exchange_rate,,,5.692,5.692,9.722,
text_textreplay_fix_1003,finance_17,finance_billing,medium,1,FALSE_START,1,,get_card_benefits,get_card_benefits,,,4.629,4.629,7.699,
text_textreplay_fix_1003,finance_18,finance_billing,hard,3,,1,,get_exchange_rate|modify_autopay|get_card_benefits,get_exchange_rate|modify_autopay|get_card_benefits,,,8.809,8.809,12.836,
text_textreplay_fix_1003,finance_19,finance_billing,hard,1,SELF_CORRECTION,1,,get_exchange_rate,get_exchange_rate,,,6.44,6.44,10.362,
text_textreplay_fix_1003,finance_20,finance_billing,hard,2,,1,,get_exchange_rate|modify_autopay,get_exchange_rate|modify_autopay,,,6.885,6.885,11.106,
text_textreplay_fix_1003,finance_21,finance_billing,hard,2,FILLER,1,,get_card_benefits|get_exchange_rate,get_card_benefits|get_exchange_rate,,,6.38,6.38,10.749,
text_textreplay_fix_1003,finance_22,finance_billing,hard,2,FILLER,1,,modify_autopay|modify_autopay,modify_autopay|modify_autopay,,,6.681,6.681,10.753,
text_textreplay_fix_1003,finance_23,finance_billing,hard,1,FALSE_START|SELF_CORRECTION,1,,modify_autopay,modify_autopay,,,6.853,6.853,10.23,
text_textreplay_fix_1003,housing_01,housing_location,easy,1,,1,,search_apartments,search_apartments,,,6.691,6.691,11.111,
text_textreplay_fix_1003,housing_02,housing_location,easy,1,,0,Wrong arguments for: ['calculate_commute'],calculate_commute,calculate_commute,,,6.037,6.037,9.95,
text_textreplay_fix_1003,housing_03,housing_location,easy,1,FILLER,1,,update_search_filter,update_search_filter,,,7.448,7.448,10.603,
text_textreplay_fix_1003,housing_04,housing_location,easy,1,PAUSE,1,,search_apartments,search_apartments,,,9.053,9.053,14.044,
text_textreplay_fix_1003,housing_05,housing_location,easy,1,HESITATION|PAUSE,0,Wrong arguments for: ['search_apartments'],search_apartments,search_apartments,,,10.26,10.26,15.015,
text_textreplay_fix_1003,housing_05,housing_location,easy,1,HESITATION|PAUSE,0,Wrong arguments for: ['search_apartments'],search_apartments,search_apartments,,,10.26,10.26,15.015,
text_textreplay_fix_1003,housing_06,housing_location,easy,1,,1,,calculate_commute,calculate_commute,,,6.834,6.834,10.892,
text_textreplay_fix_1003,housing_08,housing_location,easy,1,FALSE_START,0,Wrong arguments for: ['update_search_filter'],update_search_filter,update_search_filter,,,13.685,13.685,15.002,
text_textreplay_fix_1003,housing_09,housing_location,medium,1,SELF_CORRECTION,1,,search_apartments,search_apartments,,,4.681,4.681,9.495,
text_textreplay_fix_1003,housing_10,housing_location,medium,2,,1,,calculate_commute|update_search_filter,calculate_commute|update_search_filter,,,7.25,7.25,11.17,
text_textreplay_fix_1003,housing_11,housing_location,medium,1,SELF_CORRECTION,0,Missing tools: ['search_apartments'],search_apartments,,search_apartments,,,8.195,,timeout waiting for FINAL
text_textreplay_fix_1003,housing_13,housing_location,medium,2,,0,"Missing tools: ['update_search_filter', 'update_search_filter']",update_search_filter|update_search_filter,,update_search_filter|update_search_filter,,,7.456,,timeout waiting for FINAL
text_textreplay_fix_1003,housing_14,housing_location,medium,1,FILLER,0,Missing tools: ['search_apartments'],search_apartments,,search_apartments,,,28.601,28.601,
text_textreplay_fix_1003,housing_14,housing_location,medium,1,FILLER,0,Wrong arguments for: ['search_apartments'],search_apartments,search_apartments,,,,28.601,28.601,
text_textreplay_fix_1003,housing_15,housing_location,medium,1,FALSE_START,0,Wrong arguments for: ['search_apartments'],search_apartments,search_apartments,,,11.891,11.891,15.035,
text_textreplay_fix_1003,housing_15,housing_location,medium,1,FALSE_START,0,Wrong arguments for: ['search_apartments'],search_apartments,search_apartments,,,11.891,11.891,15.035,
text_textreplay_fix_1003,housing_17,housing_location,medium,1,SELF_CORRECTION,1,,calculate_commute,calculate_commute,,,8.596,8.596,12.691,
text_textreplay_fix_1003,housing_17,housing_location,medium,1,SELF_CORRECTION,1,,calculate_commute,calculate_commute,,,8.596,8.596,12.691,
text_textreplay_fix_1003,housing_18,housing_location,hard,2,,1,,search_apartments|calculate_commute,search_apartments|calculate_commute,,,11.521,11.521,15.466,
text_textreplay_fix_1003,housing_19,housing_location,hard,1,SELF_CORRECTION,1,,calculate_commute,calculate_commute,,,6.348,6.348,10.5,
text_textreplay_fix_1003,housing_20,housing_location,hard,3,,0,"Missing tools: ['search_apartments', 'calculate_commute', 'update_search_filter']",search_apartments|calculate_commute|update_search_filter,,search_apartments|calculate_commute|update_search_filter,,,15.768,15.768,
text_textreplay_fix_1003,housing_21,housing_location,hard,2,SELF_CORRECTION,0,"Missing tools: ['search_apartments', 'calculate_commute']",search_apartments|calculate_commute,,search_apartments|calculate_commute,,,13.198,15.009,
text_textreplay_fix_1003,housing_22,housing_location,hard,3,FILLER,0,"Missing tools: ['update_search_filter', 'search_apartments', 'calculate_commute']",update_search_filter|search_apartments|calculate_commute,,update_search_filter|search_apartments|calculate_commute,,,26.134,26.134,
text_textreplay_fix_1003,housing_24,housing_location,hard,3,PAUSE|FILLER,0,Missing tools: ['calculate_commute'],update_search_filter|search_apartments|calculate_commute,update_search_filter|search_apartments,calculate_commute,,11.787,11.787,15.023,
text_textreplay_fix_1003,housing_24,housing_location,hard,3,PAUSE|FILLER,0,Missing tools: ['calculate_commute'],update_search_filter|search_apartments|calculate_commute,update_search_filter|search_apartments,calculate_commute,,11.787,11.787,15.023,
text_textreplay_fix_1003,housing_25,housing_location,hard,3,SELF_CORRECTION,0,"Missing tools: ['update_search_filter', 'update_search_filter', 'search_apartments']",update_search_filter|update_search_filter|search_apartments,,update_search_filter|update_search_filter|search_apartments,,,17.123,17.123,
text_textreplay_fix_1003,travel_01,travel_identity,easy,1,,1,,search_flights,search_flights,,,4.989,4.989,9.46,
text_textreplay_fix_1003,travel_02,travel_identity,easy,1,,0,Wrong arguments for: ['update_identity_doc'],update_identity_doc,update_identity_doc,,,6.451,6.451,9.826,
text_textreplay_fix_1003,travel_03,travel_identity,easy,1,FILLER,1,,search_flights,search_flights,,,5.539,5.539,10.46,
text_textreplay_fix_1003,travel_03,travel_identity,easy,1,FILLER,1,,search_flights,search_flights,,,5.539,5.539,10.46,
text_textreplay_fix_1003,travel_05,travel_identity,easy,1,FILLER|HESITATION,1,,search_flights,search_flights,,,3.983,3.983,7.693,
text_textreplay_fix_1003,travel_07,travel_identity,easy,1,,1,,update_identity_doc,update_identity_doc,,,5.739,5.739,9.619,
text_textreplay_fix_1003,travel_07,travel_identity,easy,1,,1,,update_identity_doc,update_identity_doc,,,5.739,5.739,9.619,
text_textreplay_fix_1003,travel_08,travel_identity,easy,1,FALSE_START,1,,search_flights,search_flights,,,5.592,5.592,9.598,
text_textreplay_fix_1003,travel_10,travel_identity,medium,1,FILLER|SELF_CORRECTION,1,,search_flights,search_flights,,,4.182,4.182,8.879,
text_textreplay_fix_1003,travel_11,travel_identity,medium,2,,1,,search_flights|book_flight,search_flights|book_flight,,,8.565,8.565,12.612,
text_textreplay_fix_1003,travel_14,travel_identity,medium,1,HESITATION|PAUSE,1,,search_flights,search_flights,,,4.031,4.031,8.387,
text_textreplay_fix_1003,travel_16,travel_identity,medium,1,FILLER,1,,search_flights,search_flights,,,12.29,12.29,15.039,
text_textreplay_fix_1003,travel_18,travel_identity,hard,3,FILLER,1,,search_flights|book_flight|update_identity_doc,search_flights|book_flight|update_identity_doc,,,7.305,7.305,12.768,
text_textreplay_fix_1003,travel_19,travel_identity,hard,1,SELF_CORRECTION,1,,search_flights,search_flights,,,4.786,4.786,8.134,
text_textreplay_fix_1003,travel_20,travel_identity,hard,3,,1,,search_flights|book_flight|update_identity_doc,search_flights|book_flight|update_identity_doc,,,12.543,12.543,15.037,
text_textreplay_fix_1003,travel_21,travel_identity,hard,3,PAUSE|FILLER,1,,search_flights|book_flight|update_identity_doc,search_flights|book_flight|update_identity_doc,,,10.859,10.859,15.032,
text_textreplay_fix_1003,travel_21,travel_identity,hard,3,PAUSE|FILLER,1,,search_flights|book_flight|update_identity_doc,search_flights|book_flight|update_identity_doc,,,10.859,10.859,15.032,
text_textreplay_fix_1003,travel_23,travel_identity,hard,2,FILLER,1,,update_identity_doc|update_identity_doc,update_identity_doc|update_identity_doc,,,6.99,6.99,10.459,
text_textreplay_fix_1003,travel_23,travel_identity,hard,2,FILLER,1,,update_identity_doc|update_identity_doc,update_identity_doc|update_identity_doc,,,6.99,6.99,10.459,
text_textreplay_fix_1003,travel_24,travel_identity,hard,3,,1,,search_flights|book_flight|update_identity_doc,search_flights|book_flight|update_identity_doc,,,9.729,9.729,14.884,
text_textreplay_pets_1003,housing_05,housing_location,easy,1,HESITATION|PAUSE,0,Wrong arguments for: ['search_apartments'],search_apartments,search_apartments,,,10.529,10.529,14.098,
text_textreplay_pets_1003,housing_05,housing_location,easy,1,HESITATION|PAUSE,0,Wrong arguments for: ['search_apartments'],search_apartments,search_apartments,,,10.529,10.529,14.098,
text_textreplay_pets_1003,housing_14,housing_location,medium,1,FILLER,0,Wrong arguments for: ['search_apartments'],search_apartments,search_apartments,,,11.675,11.675,15.006,
text_textreplay_pets_1003,housing_14,housing_location,medium,1,FILLER,0,Missing tools: ['search_apartments'],search_apartments,,search_apartments,,11.675,11.675,15.006,
text_textreplay_pets_1003,housing_15,housing_location,medium,1,FALSE_START,0,Wrong arguments for: ['search_apartments'],search_apartments,search_apartments,,,12.252,12.252,15.036,
text_textreplay_pets_1003,housing_15,housing_location,medium,1,FALSE_START,0,Missing tools: ['search_apartments'],search_apartments,,search_apartments,,12.252,12.252,15.036,
text_textreplay_pets_base_1003,housing_05,housing_location,easy,1,HESITATION|PAUSE,0,Wrong arguments for: ['search_apartments'],search_apartments,search_apartments,,,12.048,12.048,15.011,
text_textreplay_pets_base_1003,housing_05,housing_location,easy,1,HESITATION|PAUSE,0,Missing tools: ['search_apartments'],search_apartments,,search_apartments,,12.048,12.048,15.011,
text_textreplay_pets_base_1003,housing_14,housing_location,medium,1,FILLER,0,Wrong arguments for: ['search_apartments'],search_apartments,search_apartments,,,11.437,11.437,15.034,
text_textreplay_pets_base_1003,housing_14,housing_location,medium,1,FILLER,0,Missing tools: ['search_apartments'],search_apartments,,search_apartments,,11.437,11.437,15.034,
text_textreplay_pets_base_1003,housing_15,housing_location,medium,1,FALSE_START,0,Wrong arguments for: ['search_apartments'],search_apartments,search_apartments,,,14.813,14.813,15.017,
text_textreplay_pets_base_1003,housing_15,housing_location,medium,1,FALSE_START,0,Wrong arguments for: ['search_apartments'],search_apartments,search_apartments,,,14.813,14.813,15.017,
